Protocollo;Gruppo;DataOraIncidente;Localizzazione1;STRADA1;Localizzazione2;STRADA2;Strada02;Chilometrica;DaSpecificare;NaturaIncidente;particolaritastrade;TipoStrada;FondoStradale;Pavimentazione;Segnaletica;CondizioneAtmosferica;Traffico;Visibilita;Illuminazione;NUM_FERITI;NUM_RISERVATA;NUM_MORTI;NUM_ILLESI;Longitudine;Latitudine;Confermato;Progressivo;TipoVeicolo;StatoVeicolo;TipoPersona;Sesso;Tipolesione;Deceduto;DecedutoDopo;CinturaCascoUtilizzato;Airbag;
4254704;2;02/03/2019 23:10:00;Strada Urbana;VIA BENACO;all'intersezione con;VIA DI VILLA ADA;VIA DI VILLA ADA;;;Scontro frontale/laterale DX fra veicoli in marcia;Incrocio;Una carreggiata a senso unico di marcia;Asciutto;Asfaltata;Verticale ed orizzontale;Sereno;Scarso;Buona;Sufficiente;0;0;0;3;12.5061;41.9239;-1;6;Autovettura privata;Sosta;;;;;;;
4254716;17;02/03/2019 14:25:00;Strada Urbana;VIA FABIO MASSIMO;all'intersezione con;VIA DEI GRACCHI;VIA DEI GRACCHI;;;Investimento di pedone;Incrocio;Una carreggiata a senso unico di marcia;Asciutto;Asfaltata;Verticale ed orizzontale;Sereno;Normale;Buona;Ore Diurne;2;0;0;1;;;0;;;;Pedone;F;Rimandato;0;NON DECEDUTO;;
4254716;17;02/03/2019 14:25:00;Strada Urbana;VIA FABIO MASSIMO;all'intersezione con;VIA DEI GRACCHI;VIA DEI GRACCHI;;;Investimento di pedone;Incrocio;Una carreggiata a senso unico di marcia;Asciutto;Asfaltata;Verticale ed orizzontale;Sereno;Normale;Buona;Ore Diurne;2;0;0;1;;;0;;;;Pedone;M;Rimandato;0;NON DECEDUTO;;
4254716;17;02/03/2019 14:25:00;Strada Urbana;VIA FABIO MASSIMO;all'intersezione con;VIA DEI GRACCHI;VIA DEI GRACCHI;;;Investimento di pedone;Incrocio;Una carreggiata a senso unico di marcia;Asciutto;Asfaltata;Verticale ed orizzontale;Sereno;Normale;Buona;Ore Diurne;2;0;0;1;;;0;1;Autovettura privata;In marcia / fermata / arresto;Conducente;M;Illeso;0;;;
4254748;2;03/03/2019 02:15:00;Strada Urbana;VIA LARIANA;all'intersezione con;VIA DI VILLA ADA;VIA DI VILLA ADA;;;Scontro frontale/laterale SX fra veicoli in marcia;Incrocio;Una carreggiata a senso unico di marcia;Asciutto;Asfaltata;Verticale ed orizzontale;Sereno;Scarso;Buona;Sufficiente;1;0;0;3;12.5051;41.9244;-1;1;Autovettura privata;In marcia / fermata / arresto;Conducente;M;Rimandato;0;NON DECEDUTO;Non utilizzato;Inesploso
4254748;2;03/03/2019 02:15:00;Strada Urbana;VIA LARIANA;all'intersezione con;VIA DI VILLA ADA;VIA DI VILLA ADA;;;Scontro frontale/laterale SX fra veicoli in marcia;Incrocio;Una carreggiata a senso unico di marcia;Asciutto;Asfaltata;Verticale ed orizzontale;Sereno;Scarso;Buona;Sufficiente;1;0;0;3;12.5051;41.9244;-1;1;Autovettura privata;In marcia / fermata / arresto;Passeggero;M;Illeso;0;;Non accertato;Inesploso
4254748;2;03/03/2019 02:15:00;Strada Urbana;VIA LARIANA;all'intersezione con;VIA DI VILLA ADA;VIA DI VILLA ADA;;;Scontro frontale/laterale SX fra veicoli in marcia;Incrocio;Una carreggiata a senso unico di marcia;Asciutto;Asfaltata;Verticale ed orizzontale;Sereno;Scarso;Buona;Sufficiente;1;0;0;3;12.5051;41.9244;-1;2;Autovettura privata;In marcia / fermata / arresto;Conducente;M;Illeso;0;;Non utilizzato;Inesploso
4254748;2;03/03/2019 02:15:00;Strada Urbana;VIA LARIANA;all'intersezione con;VIA DI VILLA ADA;VIA DI VILLA ADA;;;Scontro frontale/laterale SX fra veicoli in marcia;Incrocio;Una carreggiata a senso unico di marcia;Asciutto;Asfaltata;Verticale ed orizzontale;Sereno;Scarso;Buona;Sufficiente;1;0;0;3;12.5051;41.9244;-1;2;Autovettura privata;In marcia / fermata / arresto;Passeggero;F;Illeso;0;;Non accertato;Inesploso
4254748;2;03/03/2019 02:15:00;Strada Urbana;VIA LARIANA;all'intersezione con;VIA DI VILLA ADA;VIA DI VILLA ADA;;;Scontro frontale/laterale SX fra veicoli in marcia;Incrocio;Una carreggiata a senso unico di marcia;Asciutto;Asfaltata;Verticale ed orizzontale;Sereno;Scarso;Buona;Sufficiente;1;0;0;3;12.5051;41.9244;-1;3;Autovettura privata;Sosta;;;;;;;
4254762;13;03/03/2019 10:20:00;Strada Urbana;VIA MENANDRO;all'intersezione con;VIA SOFOCLE;VIA SOFOCLE;;;Scontro frontale/laterale DX fra veicoli in marcia;Incrocio;Una carreggiata a senso unico di marcia;Asciutto;Asfaltata;Verticale ed orizzontale;Sereno;Scarso;Buona;Ore Diurne;0;0;0;2;12.372;41.7708;-1;1;Autovettura privata;In marcia / fermata / arresto;Conducente;M;Illeso;0;;Non accertato;Inesploso
4254762;13;03/03/2019 10:20:00;Strada Urbana;VIA MENANDRO;all'intersezione con;VIA SOFOCLE;VIA SOFOCLE;;;Scontro frontale/laterale DX fra veicoli in marcia;Incrocio;Una carreggiata a senso unico di marcia;Asciutto;Asfaltata;Verticale ed orizzontale;Sereno;Scarso;Buona;Ore Diurne;0;0;0;2;12.372;41.7708;-1;2;Autovettura privata;In marcia / fermata / arresto;Conducente;M;Illeso;0;;Non accertato;Inesploso
4254827;17;03/03/2019 04:20:00;Strada Urbana;CIRCONVALLAZIONE TRIONFALE;all'intersezione con;VIA BERNARDINO TELESIO;VIA BERNARDINO TELESIO;;;Scontro frontale fra veicoli in marcia;Intersezione semaforizzata;Due carreggiate;Asciutto;Asfaltata;Verticale ed orizzontale;Sereno;Scarso;Sufficiente;Sufficiente;2;0;0;1;12.4497;41.911;-1;1;Autovettura pubblica;In marcia / fermata / arresto;Conducente;M;Illeso;0;;Non accertato;Inesploso
4254827;17;03/03/2019 04:20:00;Strada Urbana;CIRCONVALLAZIONE TRIONFALE;all'intersezione con;VIA BERNARDINO TELESIO;VIA BERNARDINO TELESIO;;;Scontro frontale fra veicoli in marcia;Intersezione semaforizzata;Due carreggiate;Asciutto;Asfaltata;Verticale ed orizzontale;Sereno;Scarso;Sufficiente;Sufficiente;2;0;0;1;12.4497;41.911;-1;2;Ciclomotore;In marcia / fermata / arresto;Conducente;M;Rimandato;0;NON DECEDUTO;Non accertato;
4254827;17;03/03/2019 04:20:00;Strada Urbana;CIRCONVALLAZIONE TRIONFALE;all'intersezione con;VIA BERNARDINO TELESIO;VIA BERNARDINO TELESIO;;;Scontro frontale fra veicoli in marcia;Intersezione semaforizzata;Due carreggiate;Asciutto;Asfaltata;Verticale ed orizzontale;Sereno;Scarso;Sufficiente;Sufficiente;2;0;0;1;12.4497;41.911;-1;2;Ciclomotore;In marcia / fermata / arresto;Passeggero;M;Ricoverato;0;NON DECEDUTO;Non accertato;
4254854;2;02/03/2019 20:25:00;Strada Urbana;VIA NOMENTANA;in prossimità;;del civico n.;154;;Tamponamento;Rettilineo;Una carreggiata a senso unico di marcia;Asciutto;Asfaltata;Verticale ed orizzontale;Sereno;Normale;Buona;Sufficiente;0;0;0;4;12.5193;41.9225;-1;1;Autovettura privata;In marcia / fermata / arresto;Conducente;F;Illeso;0;;Non accertato;Inesploso
4254854;2;02/03/2019 20:25:00;Strada Urbana;VIA NOMENTANA;in prossimità;;del civico n.;154;;Tamponamento;Rettilineo;Una carreggiata a senso unico di marcia;Asciutto;Asfaltata;Verticale ed orizzontale;Sereno;Normale;Buona;Sufficiente;0;0;0;4;12.5193;41.9225;-1;1;Autovettura privata;In marcia / fermata / arresto;Passeggero;F;Illeso;0;;Non accertato;Inesploso
4254854;2;02/03/2019 20:25:00;Strada Urbana;VIA NOMENTANA;in prossimità;;del civico n.;154;;Tamponamento;Rettilineo;Una carreggiata a senso unico di marcia;Asciutto;Asfaltata;Verticale ed orizzontale;Sereno;Normale;Buona;Sufficiente;0;0;0;4;12.5193;41.9225;-1;2;Autovettura privata;In marcia / fermata / arresto;Conducente;F;Illeso;0;;Non accertato;Inesploso
4254854;2;02/03/2019 20:25:00;Strada Urbana;VIA NOMENTANA;in prossimità;;del civico n.;154;;Tamponamento;Rettilineo;Una carreggiata a senso unico di marcia;Asciutto;Asfaltata;Verticale ed orizzontale;Sereno;Normale;Buona;Sufficiente;0;0;0;4;12.5193;41.9225;-1;2;Autovettura privata;In marcia / fermata / arresto;Passeggero;F;Illeso;0;;Non accertato;Inesploso
4254883;2;02/03/2019 13:27:00;Strada Urbana;VIA FLAMINIA;in prossimità;;del civico n.;193;;Veicolo in marcia contro ostacolo fisso;Rettilineo;Due carreggiate;Asciutto;Asfaltata;Verticale ed orizzontale;Sereno;Normale;Buona;Ore Diurne;0;0;0;2;12.472;41.921;-1;1;Quadriciclo leggero;In marcia / fermata / arresto;Conducente;F;Illeso;0;;;
4254883;2;02/03/2019 13:27:00;Strada Urbana;VIA FLAMINIA;in prossimità;;del civico n.;193;;Veicolo in marcia contro ostacolo fisso;Rettilineo;Due carreggiate;Asciutto;Asfaltata;Verticale ed orizzontale;Sereno;Normale;Buona;Ore Diurne;0;0;0;2;12.472;41.921;-1;1;Quadriciclo leggero;In marcia / fermata / arresto;Passeggero;F;Illeso;0;;;
4254883;2;02/03/2019 13:27:00;Strada Urbana;VIA FLAMINIA;in prossimità;;del civico n.;193;;Veicolo in marcia contro ostacolo fisso;Rettilineo;Due carreggiate;Asciutto;Asfaltata;Verticale ed orizzontale;Sereno;Normale;Buona;Ore Diurne;0;0;0;2;12.472;41.921;-1;2;Autovettura privata;Sosta;;;;;;;
4254993;20;02/03/2019 17:15:00;Strada Urbana;LARGO MARESCIALLO DIAZ;da specificare;;;;prossimità Via Boselli;Scontro laterale fra veicoli in marcia;Rettilineo;Due carreggiate;Asciutto;Asfaltata;Verticale ed orizzontale;Sereno;Normale;Buona;Ore Diurne;0;0;0;3;12.4653;41.9365;-1;1;Motociclo a solo;In marcia / fermata / arresto;Conducente;M;Illeso;0;;Non accertato;
4254993;20;02/03/2019 17:15:00;Strada Urbana;LARGO MARESCIALLO DIAZ;da specificare;;;;prossimità Via Boselli;Scontro laterale fra veicoli in marcia;Rettilineo;Due carreggiate;Asciutto;Asfaltata;Verticale ed orizzontale;Sereno;Normale;Buona;Ore Diurne;0;0;0;3;12.4653;41.9365;-1;1;Motociclo a solo;In marcia / fermata / arresto;Passeggero;M;Illeso;0;;Non accertato;
4254993;20;02/03/2019 17:15:00;Strada Urbana;LARGO MARESCIALLO DIAZ;da specificare;;;;prossimità Via Boselli;Scontro laterale fra veicoli in marcia;Rettilineo;Due carreggiate;Asciutto;Asfaltata;Verticale ed orizzontale;Sereno;Normale;Buona;Ore Diurne;0;0;0;3;12.4653;41.9365;-1;2;Autovettura privata;In marcia / fermata / arresto;Conducente;M;Illeso;0;;Non accertato;Inesploso
4255022;20;02/03/2019 15:45:00;Strada Urbana;VIA CASSIA NUOVA;all'intersezione con;LARGO PASQUALE SARACENO;LARGO PASQUALE SARACENO;;;Scontro laterale fra veicoli in marcia;Intersezione semaforizzata;Una carreggiata a doppio senso;Asciutto;Asfaltata;Verticale ed orizzontale;Sereno;Normale;Buona;Ore Diurne;1;0;0;1;12.4683;41.9508;-1;1;Autocarro inferiore 35 q.;In marcia / fermata / arresto;Conducente;M;Illeso;0;;Non accertato;Inesploso
4255022;20;02/03/2019 15:45:00;Strada Urbana;VIA CASSIA NUOVA;all'intersezione con;LARGO PASQUALE SARACENO;LARGO PASQUALE SARACENO;;;Scontro laterale fra veicoli in marcia;Intersezione semaforizzata;Una carreggiata a doppio senso;Asciutto;Asfaltata;Verticale ed orizzontale;Sereno;Normale;Buona;Ore Diurne;1;0;0;1;12.4683;41.9508;-1;2;Motociclo a solo;In marcia / fermata / arresto;Conducente;M;Rifiuta cure immediate;0;NON DECEDUTO;Non accertato;
4255033;8;02/03/2019 10:40:00;Strada Urbana;VIA MUSSOMELI;all'intersezione con;VIA VALVERDE;VIA VALVERDE;;;Scontro laterale fra veicoli in marcia;Intersezione non regolata/non segnalata;Una carreggiata a doppio senso;Asciutto;Asfaltata;Verticale;Sereno;Scarso;Buona;Ore Diurne;0;0;0;4;12.6785;41.8607;-1;1;Autovettura privata;In marcia / fermata / arresto;Conducente;F;Illeso;0;;;
4255033;8;02/03/2019 10:40:00;Strada Urbana;VIA MUSSOMELI;all'intersezione con;VIA VALVERDE;VIA VALVERDE;;;Scontro laterale fra veicoli in marcia;Intersezione non regolata/non segnalata;Una carreggiata a doppio senso;Asciutto;Asfaltata;Verticale;Sereno;Scarso;Buona;Ore Diurne;0;0;0;4;12.6785;41.8607;-1;1;Autovettura privata;In marcia / fermata / arresto;Passeggero;F;Illeso;0;;;
4255033;8;02/03/2019 10:40:00;Strada Urbana;VIA MUSSOMELI;all'intersezione con;VIA VALVERDE;VIA VALVERDE;;;Scontro laterale fra veicoli in marcia;Intersezione non regolata/non segnalata;Una carreggiata a doppio senso;Asciutto;Asfaltata;Verticale;Sereno;Scarso;Buona;Ore Diurne;0;0;0;4;12.6785;41.8607;-1;1;Autovettura privata;In marcia / fermata / arresto;Passeggero;M;Illeso;0;;;
4255033;8;02/03/2019 10:40:00;Strada Urbana;VIA MUSSOMELI;all'intersezione con;VIA VALVERDE;VIA VALVERDE;;;Scontro laterale fra veicoli in marcia;Intersezione non regolata/non segnalata;Una carreggiata a doppio senso;Asciutto;Asfaltata;Verticale;Sereno;Scarso;Buona;Ore Diurne;0;0;0;4;12.6785;41.8607;-1;2;Autovettura privata;In marcia / fermata / arresto;Conducente;F;Illeso;0;;;
4255039;8;02/03/2019 16:30:00;;VIA PRENESTINA;all'intersezione semaforizzata con;VIA BORGHESIANA;VIA BORGHESIANA;;;Tamponamento;;;;;;;;;;0;0;0;3;;;0;1;Autovettura privata;In marcia / fermata / arresto;Conducente;M;Illeso;0;;;
4255039;8;02/03/2019 16:30:00;;VIA PRENESTINA;all'intersezione semaforizzata con;VIA BORGHESIANA;VIA BORGHESIANA;;;Tamponamento;;;;;;;;;;0;0;0;3;;;0;2;Autovettura privata;In marcia / fermata / arresto;Conducente;M;Illeso;0;;;
4255039;8;02/03/2019 16:30:00;;VIA PRENESTINA;all'intersezione semaforizzata con;VIA BORGHESIANA;VIA BORGHESIANA;;;Tamponamento;;;;;;;;;;0;0;0;3;;;0;2;Autovettura privata;In marcia / fermata / arresto;Passeggero;M;Illeso;0;;;
4255044;8;03/03/2019 10:40:00;Strada Urbana;VIA GUARDIAGRELE;all'intersezione con;VIA FRAINE;VIA FRAINE;;;Scontro frontale/laterale DX fra veicoli in marcia;Intersezione stradale segnalata;Una carreggiata a doppio senso;Asciutto;Asfaltata;Verticale ed orizzontale;Sereno;Scarso;Buona;Ore Diurne;2;0;0;0;12.6909;41.9184;-1;1;Autocarro inferiore 35 q.;In marcia / fermata / arresto;Conducente;M;Rimandato;0;NON DECEDUTO;;
4255044;8;03/03/2019 10:40:00;Strada Urbana;VIA GUARDIAGRELE;all'intersezione con;VIA FRAINE;VIA FRAINE;;;Scontro frontale/laterale DX fra veicoli in marcia;Intersezione stradale segnalata;Una carreggiata a doppio senso;Asciutto;Asfaltata;Verticale ed orizzontale;Sereno;Scarso;Buona;Ore Diurne;2;0;0;0;12.6909;41.9184;-1;2;Autovettura privata;In marcia / fermata / arresto;Conducente;M;Rimandato;0;NON DECEDUTO;;
4255208;13;03/03/2019 17:30:00;Strada Urbana;LUNGOMARE PAOLO TOSCANELLI;da specificare;;;;altezza civ.63;Tamponamento;Rettilineo;Due carreggiate;Asciutto;Asfaltata;Orizzontale;Sereno;Normale;Buona;Ore Diurne;0;0;0;5;12.2749;41.7301;-1;1;Autovettura privata;In marcia / fermata / arresto;Conducente;M;Illeso;0;;Non accertato;Inesploso
4255208;13;03/03/2019 17:30:00;Strada Urbana;LUNGOMARE PAOLO TOSCANELLI;da specificare;;;;altezza civ.63;Tamponamento;Rettilineo;Due carreggiate;Asciutto;Asfaltata;Orizzontale;Sereno;Normale;Buona;Ore Diurne;0;0;0;5;12.2749;41.7301;-1;2;Autovettura privata;In marcia / fermata / arresto;Conducente;M;Illeso;0;;Non accertato;Inesploso
4255208;13;03/03/2019 17:30:00;Strada Urbana;LUNGOMARE PAOLO TOSCANELLI;da specificare;;;;altezza civ.63;Tamponamento;Rettilineo;Due carreggiate;Asciutto;Asfaltata;Orizzontale;Sereno;Normale;Buona;Ore Diurne;0;0;0;5;12.2749;41.7301;-1;2;Autovettura privata;In marcia / fermata / arresto;Passeggero;M;Illeso;0;;Non accertato;Inesploso
4255208;13;03/03/2019 17:30:00;Strada Urbana;LUNGOMARE PAOLO TOSCANELLI;da specificare;;;;altezza civ.63;Tamponamento;Rettilineo;Due carreggiate;Asciutto;Asfaltata;Orizzontale;Sereno;Normale;Buona;Ore Diurne;0;0;0;5;12.2749;41.7301;-1;2;Autovettura privata;In marcia / fermata / arresto;Passeggero;M;Illeso;0;;Non accertato;Inesploso
4255208;13;03/03/2019 17:30:00;Strada Urbana;LUNGOMARE PAOLO TOSCANELLI;da specificare;;;;altezza civ.63;Tamponamento;Rettilineo;Due carreggiate;Asciutto;Asfaltata;Orizzontale;Sereno;Normale;Buona;Ore Diurne;0;0;0;5;12.2749;41.7301;-1;2;Autovettura privata;In marcia / fermata / arresto;Passeggero;M;Illeso;0;;Non accertato;Inesploso
4255209;15;02/03/2019 18:00:00;Strada Urbana;VIA DEL TRULLO;in prossimità;;del civico n.;163;;Scontro laterale fra veicoli in marcia;Rettilineo;Due carreggiate;Asciutto;Asfaltata;Assente;Nuvoloso;Normale;Buona;Ore Diurne;0;0;0;3;12.4361;41.8472;-1;1;Autovettura privata;In marcia / fermata / arresto;Conducente;M;Illeso;0;;Non accertato;Inesistente
4255209;15;02/03/2019 18:00:00;Strada Urbana;VIA DEL TRULLO;in prossimità;;del civico n.;163;;Scontro laterale fra veicoli in marcia;Rettilineo;Due carreggiate;Asciutto;Asfaltata;Assente;Nuvoloso;Normale;Buona;Ore Diurne;0;0;0;3;12.4361;41.8472;-1;2;Autovettura privata;In marcia / fermata / arresto;Conducente;M;Illeso;0;;Non accertato;Inesploso
4255209;15;02/03/2019 18:00:00;Strada Urbana;VIA DEL TRULLO;in prossimità;;del civico n.;163;;Scontro laterale fra veicoli in marcia;Rettilineo;Due carreggiate;Asciutto;Asfaltata;Assente;Nuvoloso;Normale;Buona;Ore Diurne;0;0;0;3;12.4361;41.8472;-1;2;Autovettura privata;In marcia / fermata / arresto;Passeggero;M;Illeso;0;;Non accertato;Inesploso
4255210;6;03/03/2019 14:45:00;Provinciale entro l'abitato;VIA PRENESTINA;all'intersezione semaforizzata con;VIA TOR DE' SCHIAVI;VIA TOR DE' SCHIAVI;;;Scontro frontale/laterale DX fra veicoli in marcia;Intersezione semaforizzata;Più di due carreggiate;Asciutto;Asfaltata;Verticale ed orizzontale;Sereno;Scarso;Buona;Ore Diurne;3;0;0;1;12.5593;41.8948;-1;1;Autovettura privata;In marcia / fermata / arresto;Conducente;M;Rimandato;0;NON DECEDUTO;Non accertato;Inesploso
4255210;6;03/03/2019 14:45:00;Provinciale entro l'abitato;VIA PRENESTINA;all'intersezione semaforizzata con;VIA TOR DE' SCHIAVI;VIA TOR DE' SCHIAVI;;;Scontro frontale/laterale DX fra veicoli in marcia;Intersezione semaforizzata;Più di due carreggiate;Asciutto;Asfaltata;Verticale ed orizzontale;Sereno;Scarso;Buona;Ore Diurne;3;0;0;1;12.5593;41.8948;-1;1;Autovettura privata;In marcia / fermata / arresto;Passeggero;F;Rimandato;0;NON DECEDUTO;Non accertato;Inesploso
4255210;6;03/03/2019 14:45:00;Provinciale entro l'abitato;VIA PRENESTINA;all'intersezione semaforizzata con;VIA TOR DE' SCHIAVI;VIA TOR DE' SCHIAVI;;;Scontro frontale/laterale DX fra veicoli in marcia;Intersezione semaforizzata;Più di due carreggiate;Asciutto;Asfaltata;Verticale ed orizzontale;Sereno;Scarso;Buona;Ore Diurne;3;0;0;1;12.5593;41.8948;-1;2;Autovettura privata;In marcia / fermata / arresto;Conducente;M;Illeso;0;;Non accertato;Esploso
4255210;6;03/03/2019 14:45:00;Provinciale entro l'abitato;VIA PRENESTINA;all'intersezione semaforizzata con;VIA TOR DE' SCHIAVI;VIA TOR DE' SCHIAVI;;;Scontro frontale/laterale DX fra veicoli in marcia;Intersezione semaforizzata;Più di due carreggiate;Asciutto;Asfaltata;Verticale ed orizzontale;Sereno;Scarso;Buona;Ore Diurne;3;0;0;1;12.5593;41.8948;-1;2;Autovettura privata;In marcia / fermata / arresto;Passeggero;M;Rimandato;0;NON DECEDUTO;Non accertato;Esploso
4255234;15;02/03/2019 18:15:00;Strada Urbana;AUTOSTRADA ROMA AEROPORTO DI FIUMICINO;in corrispondenza;;della chilometrica;0.3;;Veicolo in marcia contro ostacolo fisso;Rettilineo;Due carreggiate;Asciutto;Asfaltata;Verticale ed orizzontale;Sereno;Normale;Buona;Ore Diurne;0;0;0;1;12.3694;41.8164;-1;1;Autovettura privata;In marcia / fermata / arresto;Conducente;F;Illeso;0;;Non accertato;Inesistente
4255236;20;03/03/2019 15:20:00;Regionale entro l'abitato;VIA CASSIA;da specificare;;;;prossimità Via Bracciano;Tamponamento Multiplo;Rettilineo;Una carreggiata a doppio senso;Asciutto;Asfaltata;Orizzontale;Sereno;Intenso;Buona;Ore Diurne;1;0;0;4;12.4283;41.974;-1;1;Autovettura privata;In marcia / fermata / arresto;Conducente;F;Illeso;0;;Non accertato;Inesploso
4255236;20;03/03/2019 15:20:00;Regionale entro l'abitato;VIA CASSIA;da specificare;;;;prossimità Via Bracciano;Tamponamento Multiplo;Rettilineo;Una carreggiata a doppio senso;Asciutto;Asfaltata;Orizzontale;Sereno;Intenso;Buona;Ore Diurne;1;0;0;4;12.4283;41.974;-1;1;Autovettura privata;In marcia / fermata / arresto;Passeggero;F;Illeso;0;;Non accertato;Inesploso
4255236;20;03/03/2019 15:20:00;Regionale entro l'abitato;VIA CASSIA;da specificare;;;;prossimità Via Bracciano;Tamponamento Multiplo;Rettilineo;Una carreggiata a doppio senso;Asciutto;Asfaltata;Orizzontale;Sereno;Intenso;Buona;Ore Diurne;1;0;0;4;12.4283;41.974;-1;2;Autovettura privata;In marcia / fermata / arresto;Conducente;M;Illeso;0;;Non accertato;Inesploso
4255236;20;03/03/2019 15:20:00;Regionale entro l'abitato;VIA CASSIA;da specificare;;;;prossimità Via Bracciano;Tamponamento Multiplo;Rettilineo;Una carreggiata a doppio senso;Asciutto;Asfaltata;Orizzontale;Sereno;Intenso;Buona;Ore Diurne;1;0;0;4;12.4283;41.974;-1;2;Autovettura privata;In marcia / fermata / arresto;Passeggero;F;Rimandato;0;NON DECEDUTO;Non accertato;Inesploso
4255236;20;03/03/2019 15:20:00;Regionale entro l'abitato;VIA CASSIA;da specificare;;;;prossimità Via Bracciano;Tamponamento Multiplo;Rettilineo;Una carreggiata a doppio senso;Asciutto;Asfaltata;Orizzontale;Sereno;Intenso;Buona;Ore Diurne;1;0;0;4;12.4283;41.974;-1;3;Autovettura privata;In marcia / fermata / arresto;Conducente;M;Illeso;0;;Non accertato;Esploso
4255259;13;03/03/2019 18:50:00;Strada Urbana;VIA DEL MARE;da specificare;;;;altezza tor di valle;Scontro laterale fra veicoli in marcia;Rettilineo;Una carreggiata a doppio senso;Asciutto;Asfaltata;Verticale ed orizzontale;Sereno;Normale;Buona;Sufficiente;0;0;0;1;12.4632;41.8403;-1;1;Autovettura privata;In marcia / fermata / arresto;Conducente;M;Illeso;0;;Non accertato;Inesploso
4255259;13;03/03/2019 18:50:00;Strada Urbana;VIA DEL MARE;da specificare;;;;altezza tor di valle;Scontro laterale fra veicoli in marcia;Rettilineo;Una carreggiata a doppio senso;Asciutto;Asfaltata;Verticale ed orizzontale;Sereno;Normale;Buona;Sufficiente;0;0;0;1;12.4632;41.8403;-1;2;Autovettura privata;Allontanatosi;;;;;;;
4255273;15;03/03/2019 18:40:00;Strada Urbana;VIA DELL'IMPRUNETA;in prossimità;;del civico n.;19;;Tamponamento;Rettilineo;Due carreggiate;Asciutto;Asfaltata;Verticale ed orizzontale;Sereno;Scarso;Buona;Sufficiente;0;0;0;2;12.4603;41.8464;-1;1;Autovettura privata;In marcia / fermata / arresto;Conducente;M;Illeso;0;;Non accertato;Inesploso
4255273;15;03/03/2019 18:40:00;Strada Urbana;VIA DELL'IMPRUNETA;in prossimità;;del civico n.;19;;Tamponamento;Rettilineo;Due carreggiate;Asciutto;Asfaltata;Verticale ed orizzontale;Sereno;Scarso;Buona;Sufficiente;0;0;0;2;12.4603;41.8464;-1;2;Autovettura privata;In marcia / fermata / arresto;Conducente;M;Illeso;0;;Non accertato;Inesploso
4255360;15;02/03/2019 23:20:00;Strada Urbana;VIA GIOVANNI ALDINI;all'intersezione con;VIA ANTONIO GARBASSO;VIA ANTONIO GARBASSO;;;Scontro frontale/laterale SX fra veicoli in marcia;Incrocio;Una carreggiata a senso unico di marcia;Asciutto;Asfaltata;Verticale ed orizzontale;Sereno;Scarso;Sufficiente;Sufficiente;0;0;0;6;12.4674;41.864;-1;1;Autovettura privata;In marcia / fermata / arresto;Conducente;M;Illeso;0;;Utilizzato;Inesploso
4255360;15;02/03/2019 23:20:00;Strada Urbana;VIA GIOVANNI ALDINI;all'intersezione con;VIA ANTONIO GARBASSO;VIA ANTONIO GARBASSO;;;Scontro frontale/laterale SX fra veicoli in marcia;Incrocio;Una carreggiata a senso unico di marcia;Asciutto;Asfaltata;Verticale ed orizzontale;Sereno;Scarso;Sufficiente;Sufficiente;0;0;0;6;12.4674;41.864;-1;1;Autovettura privata;In marcia / fermata / arresto;Passeggero;M;Illeso;0;;Utilizzato;Inesploso
4255360;15;02/03/2019 23:20:00;Strada Urbana;VIA GIOVANNI ALDINI;all'intersezione con;VIA ANTONIO GARBASSO;VIA ANTONIO GARBASSO;;;Scontro frontale/laterale SX fra veicoli in marcia;Incrocio;Una carreggiata a senso unico di marcia;Asciutto;Asfaltata;Verticale ed orizzontale;Sereno;Scarso;Sufficiente;Sufficiente;0;0;0;6;12.4674;41.864;-1;1;Autovettura privata;In marcia / fermata / arresto;Passeggero;F;Illeso;0;;Utilizzato;Inesploso
4255360;15;02/03/2019 23:20:00;Strada Urbana;VIA GIOVANNI ALDINI;all'intersezione con;VIA ANTONIO GARBASSO;VIA ANTONIO GARBASSO;;;Scontro frontale/laterale SX fra veicoli in marcia;Incrocio;Una carreggiata a senso unico di marcia;Asciutto;Asfaltata;Verticale ed orizzontale;Sereno;Scarso;Sufficiente;Sufficiente;0;0;0;6;12.4674;41.864;-1;1;Autovettura privata;In marcia / fermata / arresto;Passeggero;F;Illeso;0;;Utilizzato;Inesploso
4255360;15;02/03/2019 23:20:00;Strada Urbana;VIA GIOVANNI ALDINI;all'intersezione con;VIA ANTONIO GARBASSO;VIA ANTONIO GARBASSO;;;Scontro frontale/laterale SX fra veicoli in marcia;Incrocio;Una carreggiata a senso unico di marcia;Asciutto;Asfaltata;Verticale ed orizzontale;Sereno;Scarso;Sufficiente;Sufficiente;0;0;0;6;12.4674;41.864;-1;2;Autovettura privata;In marcia / fermata / arresto;Conducente;M;Illeso;0;;Utilizzato;Esploso
4255360;15;02/03/2019 23:20:00;Strada Urbana;VIA GIOVANNI ALDINI;all'intersezione con;VIA ANTONIO GARBASSO;VIA ANTONIO GARBASSO;;;Scontro frontale/laterale SX fra veicoli in marcia;Incrocio;Una carreggiata a senso unico di marcia;Asciutto;Asfaltata;Verticale ed orizzontale;Sereno;Scarso;Sufficiente;Sufficiente;0;0;0;6;12.4674;41.864;-1;2;Autovettura privata;In marcia / fermata / arresto;Passeggero;M;Illeso;0;;Utilizzato;Inesploso