Protocollo;Gruppo;DataOraIncidente;Localizzazione1;STRADA1;Localizzazione2;STRADA2;Strada02;Chilometrica;DaSpecificare;NaturaIncidente;particolaritastrade;TipoStrada;FondoStradale;Pavimentazione;Segnaletica;CondizioneAtmosferica;Traffico;Visibilita;Illuminazione;NUM_FERITI;NUM_RISERVATA;NUM_MORTI;NUM_ILLESI;Longitudine;Latitudine;Confermato;Progressivo;TipoVeicolo;StatoVeicolo;TipoPersona;Sesso;Tipolesione;Deceduto;DecedutoDopo;CinturaCascoUtilizzato;Airbag;
4256389;1;02/03/2019 07:50:00;Strada Urbana;VIA DI S. CROCE IN GERUSALEMME;in corrispondenza;;del civico n.;107;;Investimento di pedone;Rettilineo;Una carreggiata a doppio senso;Asciutto;Asfaltata;Verticale ed orizzontale;Sereno;Scarso;Buona;Ore Diurne;2;0;0;0;12.5091;41.8919;-1;1;Motociclo a solo;In marcia / fermata / arresto;Conducente;M;Ricoverato;0;NON DECEDUTO;Non accertato;
4256389;1;02/03/2019 07:50:00;Strada Urbana;VIA DI S. CROCE IN GERUSALEMME;in corrispondenza;;del civico n.;107;;Investimento di pedone;Rettilineo;Una carreggiata a doppio senso;Asciutto;Asfaltata;Verticale ed orizzontale;Sereno;Scarso;Buona;Ore Diurne;2;0;0;0;12.5091;41.8919;-1;2;Autovettura privata;Sosta;;;;;;;
4256390;1;01/03/2019 15:40:00;Strada Urbana;VIA MERULANA;all'intersezione semaforizzata con;VIA MACHIAVELLI;VIA MACHIAVELLI;;;Scontro laterale fra veicoli in marcia;Intersezione semaforizzata;Una carreggiata a doppio senso;Asciutto;Asfaltata;Verticale ed orizzontale;Nuvoloso;Intenso;Buona;Ore Diurne;1;0;0;1;12.5021;41.8917;-1;1;Autovettura privata;In marcia / fermata / arresto;Conducente;M;Illeso;0;;;
4256390;1;01/03/2019 15:40:00;Strada Urbana;VIA MERULANA;all'intersezione semaforizzata con;VIA MACHIAVELLI;VIA MACHIAVELLI;;;Scontro laterale fra veicoli in marcia;Intersezione semaforizzata;Una carreggiata a doppio senso;Asciutto;Asfaltata;Verticale ed orizzontale;Nuvoloso;Intenso;Buona;Ore Diurne;1;0;0;1;12.5021;41.8917;-1;2;Motociclo a solo;In marcia / fermata / arresto;Conducente;M;Rifiuta cure immediate;0;NON DECEDUTO;;
4256398;17;03/03/2019 19:00:00;Strada Urbana;VIA EZIO;all'intersezione con;VIA POMPEO MAGNO;VIA POMPEO MAGNO;;;Scontro frontale/laterale DX fra veicoli in marcia;Incrocio;Una carreggiata a senso unico di marcia;Asciutto;Asfaltata;Verticale ed orizzontale;Sereno;Scarso;Sufficiente;Sufficiente;1;0;0;2;12.4659;41.9097;-1;1;Autovettura privata;In marcia / fermata / arresto;Conducente;F;Illeso;0;;;
4256398;17;03/03/2019 19:00:00;Strada Urbana;VIA EZIO;all'intersezione con;VIA POMPEO MAGNO;VIA POMPEO MAGNO;;;Scontro frontale/laterale DX fra veicoli in marcia;Incrocio;Una carreggiata a senso unico di marcia;Asciutto;Asfaltata;Verticale ed orizzontale;Sereno;Scarso;Sufficiente;Sufficiente;1;0;0;2;12.4659;41.9097;-1;1;Autovettura privata;In marcia / fermata / arresto;Passeggero;F;Illeso;0;;;
4256398;17;03/03/2019 19:00:00;Strada Urbana;VIA EZIO;all'intersezione con;VIA POMPEO MAGNO;VIA POMPEO MAGNO;;;Scontro frontale/laterale DX fra veicoli in marcia;Incrocio;Una carreggiata a senso unico di marcia;Asciutto;Asfaltata;Verticale ed orizzontale;Sereno;Scarso;Sufficiente;Sufficiente;1;0;0;2;12.4659;41.9097;-1;2;Autovettura privata;In marcia / fermata / arresto;Conducente;F;Rimandato;0;NON DECEDUTO;;
4256414;1;01/03/2019 16:30:00;Strada Urbana;VIA RUGGERO BONGHI;in prossimità;;del civico n.;30;;Scontro laterale fra veicoli in marcia;Rettilineo;Una carreggiata a senso unico di marcia;Asciutto;Asfaltata;Verticale ed orizzontale;Sereno;Scarso;Buona;Ore Diurne;0;0;0;2;12.5006;41.8905;-1;1;Autovettura privata;In marcia / fermata / arresto;Conducente;M;Illeso;0;;Non accertato;Inesploso
4256414;1;01/03/2019 16:30:00;Strada Urbana;VIA RUGGERO BONGHI;in prossimità;;del civico n.;30;;Scontro laterale fra veicoli in marcia;Rettilineo;Una carreggiata a senso unico di marcia;Asciutto;Asfaltata;Verticale ed orizzontale;Sereno;Scarso;Buona;Ore Diurne;0;0;0;2;12.5006;41.8905;-1;2;Autovettura privata;In marcia / fermata / arresto;Conducente;M;Illeso;0;;;
4256426;1;01/03/2019 13:30:00;Strada Urbana;LUNGOTEVERE AVENTINO;in prossimità;;del civico n.;4;;Scontro laterale fra veicoli in marcia;Rettilineo;Una carreggiata a senso unico di marcia;Asciutto;Acciotolata;Verticale ed orizzontale;Nuvoloso;Scarso;Buona;Ore Diurne;0;0;0;2;12.4802;41.8869;-1;1;Autovettura privata;In marcia / fermata / arresto;Conducente;F;Illeso;0;;Non accertato;Inesploso
4256426;1;01/03/2019 13:30:00;Strada Urbana;LUNGOTEVERE AVENTINO;in prossimità;;del civico n.;4;;Scontro laterale fra veicoli in marcia;Rettilineo;Una carreggiata a senso unico di marcia;Asciutto;Acciotolata;Verticale ed orizzontale;Nuvoloso;Scarso;Buona;Ore Diurne;0;0;0;2;12.4802;41.8869;-1;2;Autovettura privata;In marcia / fermata / arresto;Conducente;M;Illeso;0;;Non accertato;Inesploso
4256441;16;01/03/2019 12:00:00;Strada Urbana;VIALE DI TRASTEVERE;in corrispondenza;;del civico n.;248;;Investimento di pedone;Rettilineo;Più di due carreggiate;Asciutto;Asfaltata;Verticale ed orizzontale;Nuvoloso;Normale;Buona;Ore Diurne;1;0;0;1;12.4654;41.8756;-1;;;;Pedone;F;Rimandato;0;NON DECEDUTO;;
4256441;16;01/03/2019 12:00:00;Strada Urbana;VIALE DI TRASTEVERE;in corrispondenza;;del civico n.;248;;Investimento di pedone;Rettilineo;Più di due carreggiate;Asciutto;Asfaltata;Verticale ed orizzontale;Nuvoloso;Normale;Buona;Ore Diurne;1;0;0;1;12.4654;41.8756;-1;1;Autovettura privata;In marcia / fermata / arresto;Conducente;M;Illeso;0;;Non accertato;Inesploso
4256496;1;01/03/2019 19:30:00;Strada Urbana;VIA DEGLI SPECCHI;all'intersezione con;PIAZZA BENEDETTO CAIROLI;PIAZZA BENEDETTO CAIROLI;;;Scontro frontale/laterale DX fra veicoli in marcia;Intersezione non regolata/non segnalata;Una carreggiata a senso unico di marcia;Asciutto;In cubetti di porfido;Verticale;Sereno;Normale;Sufficiente;Sufficiente;0;0;0;3;12.4744;41.8937;-1;1;Autovettura di polizia;In marcia / fermata / arresto;Conducente;M;Illeso;0;;Non accertato;Inesploso
4256496;1;01/03/2019 19:30:00;Strada Urbana;VIA DEGLI SPECCHI;all'intersezione con;PIAZZA BENEDETTO CAIROLI;PIAZZA BENEDETTO CAIROLI;;;Scontro frontale/laterale DX fra veicoli in marcia;Intersezione non regolata/non segnalata;Una carreggiata a senso unico di marcia;Asciutto;In cubetti di porfido;Verticale;Sereno;Normale;Sufficiente;Sufficiente;0;0;0;3;12.4744;41.8937;-1;1;Autovettura di polizia;In marcia / fermata / arresto;Passeggero;M;Illeso;0;;Non accertato;
4256496;1;01/03/2019 19:30:00;Strada Urbana;VIA DEGLI SPECCHI;all'intersezione con;PIAZZA BENEDETTO CAIROLI;PIAZZA BENEDETTO CAIROLI;;;Scontro frontale/laterale DX fra veicoli in marcia;Intersezione non regolata/non segnalata;Una carreggiata a senso unico di marcia;Asciutto;In cubetti di porfido;Verticale;Sereno;Normale;Sufficiente;Sufficiente;0;0;0;3;12.4744;41.8937;-1;2;Autovettura privata;In marcia / fermata / arresto;Conducente;M;Illeso;0;;;
4256511;17;03/03/2019 20:15:00;Strada Urbana;VIA CANDIA;in corrispondenza;;del civico n.;145;;Veicolo in marcia contro veicolo fermo;Rettilineo;Una carreggiata a senso unico di marcia;Asciutto;Asfaltata;Verticale ed orizzontale;Sereno;Normale;Buona;Sufficiente;1;0;0;1;12.4502;41.9075;-1;1;Motociclo con passeggero;In marcia / fermata / arresto;Conducente;M;Rimandato;0;NON DECEDUTO;;
4256511;17;03/03/2019 20:15:00;Strada Urbana;VIA CANDIA;in corrispondenza;;del civico n.;145;;Veicolo in marcia contro veicolo fermo;Rettilineo;Una carreggiata a senso unico di marcia;Asciutto;Asfaltata;Verticale ed orizzontale;Sereno;Normale;Buona;Sufficiente;1;0;0;1;12.4502;41.9075;-1;2;Autovettura pubblica;In marcia / fermata / arresto;Conducente;M;Illeso;0;;;
4256582;18;03/03/2019 20:25:00;Strada Urbana;VIA LUCA PASSI;all'intersezione con;VIA VEZIO CRISAFULLI;VIA VEZIO CRISAFULLI;;;Investimento di pedone;Intersezione stradale segnalata;Due carreggiate;Asciutto;Asfaltata;Verticale ed orizzontale;Sereno;Normale;Sufficiente;Sufficiente;1;0;0;1;12.4105;41.895;-1;;;;Pedone;M;Rimandato;0;NON DECEDUTO;;
4256582;18;03/03/2019 20:25:00;Strada Urbana;VIA LUCA PASSI;all'intersezione con;VIA VEZIO CRISAFULLI;VIA VEZIO CRISAFULLI;;;Investimento di pedone;Intersezione stradale segnalata;Due carreggiate;Asciutto;Asfaltata;Verticale ed orizzontale;Sereno;Normale;Sufficiente;Sufficiente;1;0;0;1;12.4105;41.895;-1;1;Autovettura privata;In marcia / fermata / arresto;Conducente;M;Illeso;0;;;
4256591;18;03/03/2019 17:15:00;Strada Urbana;VIA AURELIA;da specificare;;;;IN PROSSIMITA' DI VIA DEI FAGGELLA;Investimento di pedone;Rettilineo;Più di due carreggiate;Asciutto;Asfaltata;Verticale ed orizzontale;Sereno;Scarso;Buona;Ore Diurne;1;0;0;2;10.3425;43.4653;-1;;;;Pedone;M;Rifiuta cure immediate;0;NON DECEDUTO;;
4256591;18;03/03/2019 17:15:00;Strada Urbana;VIA AURELIA;da specificare;;;;IN PROSSIMITA' DI VIA DEI FAGGELLA;Investimento di pedone;Rettilineo;Più di due carreggiate;Asciutto;Asfaltata;Verticale ed orizzontale;Sereno;Scarso;Buona;Ore Diurne;1;0;0;2;10.3425;43.4653;-1;1;Autovettura privata;In marcia / fermata / arresto;Conducente;F;Illeso;0;;;
4256591;18;03/03/2019 17:15:00;Strada Urbana;VIA AURELIA;da specificare;;;;IN PROSSIMITA' DI VIA DEI FAGGELLA;Investimento di pedone;Rettilineo;Più di due carreggiate;Asciutto;Asfaltata;Verticale ed orizzontale;Sereno;Scarso;Buona;Ore Diurne;1;0;0;2;10.3425;43.4653;-1;1;Autovettura privata;In marcia / fermata / arresto;Passeggero;M;Illeso;0;;;
4256640;18;03/03/2019 03:35:00;Statale entro l'abitato;VIA AURELIA;in corrispondenza;;della chilometrica;9.35;;Veicolo in marcia contro ostacolo accidentale;Rettilineo;Una carreggiata a senso unico di marcia;Asciutto;Asfaltata;Verticale ed orizzontale;Sereno;Scarso;Sufficiente;Sufficiente;0;0;0;2;10.3425;43.4653;-1;1;Autovettura privata;In marcia / fermata / arresto;Conducente;M;Illeso;0;;;
4256640;18;03/03/2019 03:35:00;Statale entro l'abitato;VIA AURELIA;in corrispondenza;;della chilometrica;9.35;;Veicolo in marcia contro ostacolo accidentale;Rettilineo;Una carreggiata a senso unico di marcia;Asciutto;Asfaltata;Verticale ed orizzontale;Sereno;Scarso;Sufficiente;Sufficiente;0;0;0;2;10.3425;43.4653;-1;1;Autovettura privata;In marcia / fermata / arresto;Passeggero;F;Illeso;0;;;
4256666;18;03/03/2019 20:30:00;Strada Urbana;VIA PROSPERO SANTACROCE;da specificare;;;;FRONTE CIVICO 42;Scontro frontale/laterale DX fra veicoli in marcia;Rettilineo;Una carreggiata a senso unico di marcia;Asciutto;Asfaltata;Verticale ed orizzontale;Sereno;Normale;Sufficiente;Sufficiente;0;0;0;2;12.4212;41.9066;-1;1;Autovettura privata;In marcia / fermata / arresto;Conducente;M;Illeso;0;;;
4256666;18;03/03/2019 20:30:00;Strada Urbana;VIA PROSPERO SANTACROCE;da specificare;;;;FRONTE CIVICO 42;Scontro frontale/laterale DX fra veicoli in marcia;Rettilineo;Una carreggiata a senso unico di marcia;Asciutto;Asfaltata;Verticale ed orizzontale;Sereno;Normale;Sufficiente;Sufficiente;0;0;0;2;12.4212;41.9066;-1;2;Autovettura privata;In marcia / fermata / arresto;Conducente;M;Illeso;0;;;
4256692;18;04/03/2019 10:40:00;Strada Urbana;VIA BALDO DEGLI UBALDI;in prossimità;;del civico n.;258;;Scontro laterale fra veicoli in marcia;Rettilineo;Due carreggiate;Asciutto;Asfaltata;Verticale ed orizzontale;Sereno;Normale;Buona;Ore Diurne;0;0;0;2;12.437;41.9001;-1;1;Autovettura privata;In marcia / fermata / arresto;Conducente;M;Illeso;0;;Non accertato;Inesploso
4256692;18;04/03/2019 10:40:00;Strada Urbana;VIA BALDO DEGLI UBALDI;in prossimità;;del civico n.;258;;Scontro laterale fra veicoli in marcia;Rettilineo;Due carreggiate;Asciutto;Asfaltata;Verticale ed orizzontale;Sereno;Normale;Buona;Ore Diurne;0;0;0;2;12.437;41.9001;-1;2;Autovettura privata;In marcia / fermata / arresto;Conducente;F;Illeso;0;;Non accertato;Inesploso
4256700;18;03/03/2019 18:30:00;Strada Urbana;VIA DI CASTEL DI GUIDO;da specificare;;;;RAMPA SVINCOLO DIREZIONE ROMA CENTRO;Scontro frontale fra veicoli in marcia;Curva a visuale libera;Una carreggiata a doppio senso;Asciutto;Asfaltata;Orizzontale;Sereno;Normale;Insufficiente;Insufficiente;4;0;0;1;12.3047;41.9019;-1;1;Autovettura privata;In marcia / fermata / arresto;Conducente;M;Illeso;0;;Non accertato;Esploso
4256700;18;03/03/2019 18:30:00;Strada Urbana;VIA DI CASTEL DI GUIDO;da specificare;;;;RAMPA SVINCOLO DIREZIONE ROMA CENTRO;Scontro frontale fra veicoli in marcia;Curva a visuale libera;Una carreggiata a doppio senso;Asciutto;Asfaltata;Orizzontale;Sereno;Normale;Insufficiente;Insufficiente;4;0;0;1;12.3047;41.9019;-1;1;Autovettura privata;In marcia / fermata / arresto;Passeggero;F;Rimandato;0;NON DECEDUTO;Non accertato;
4256700;18;03/03/2019 18:30:00;Strada Urbana;VIA DI CASTEL DI GUIDO;da specificare;;;;RAMPA SVINCOLO DIREZIONE ROMA CENTRO;Scontro frontale fra veicoli in marcia;Curva a visuale libera;Una carreggiata a doppio senso;Asciutto;Asfaltata;Orizzontale;Sereno;Normale;Insufficiente;Insufficiente;4;0;0;1;12.3047;41.9019;-1;1;Autovettura privata;In marcia / fermata / arresto;Passeggero;F;Rimandato;0;NON DECEDUTO;Non accertato;Esploso
4256700;18;03/03/2019 18:30:00;Strada Urbana;VIA DI CASTEL DI GUIDO;da specificare;;;;RAMPA SVINCOLO DIREZIONE ROMA CENTRO;Scontro frontale fra veicoli in marcia;Curva a visuale libera;Una carreggiata a doppio senso;Asciutto;Asfaltata;Orizzontale;Sereno;Normale;Insufficiente;Insufficiente;4;0;0;1;12.3047;41.9019;-1;2;Autovettura privata;In marcia / fermata / arresto;Conducente;M;Rimandato;0;NON DECEDUTO;Non accertato;Esploso
4256700;18;03/03/2019 18:30:00;Strada Urbana;VIA DI CASTEL DI GUIDO;da specificare;;;;RAMPA SVINCOLO DIREZIONE ROMA CENTRO;Scontro frontale fra veicoli in marcia;Curva a visuale libera;Una carreggiata a doppio senso;Asciutto;Asfaltata;Orizzontale;Sereno;Normale;Insufficiente;Insufficiente;4;0;0;1;12.3047;41.9019;-1;2;Autovettura privata;In marcia / fermata / arresto;Passeggero;F;Rimandato;0;NON DECEDUTO;Non accertato;Esploso
4256786;18;04/03/2019 15:30:00;Strada Urbana;VIA DELLE FORNACI;all'intersezione con;VIA GIUSEPPE MISSORI;VIA GIUSEPPE MISSORI;;;Scontro frontale/laterale SX fra veicoli in marcia;Intersezione stradale segnalata;Una carreggiata a doppio senso;Asciutto;Asfaltata;Verticale ed orizzontale;Sereno;Normale;Buona;Ore Diurne;1;0;0;1;12.4576;41.8946;-1;1;Autovettura privata;In marcia / fermata / arresto;Conducente;M;Illeso;0;;Non accertato;Inesploso
4256786;18;04/03/2019 15:30:00;Strada Urbana;VIA DELLE FORNACI;all'intersezione con;VIA GIUSEPPE MISSORI;VIA GIUSEPPE MISSORI;;;Scontro frontale/laterale SX fra veicoli in marcia;Intersezione stradale segnalata;Una carreggiata a doppio senso;Asciutto;Asfaltata;Verticale ed orizzontale;Sereno;Normale;Buona;Ore Diurne;1;0;0;1;12.4576;41.8946;-1;2;Motociclo a solo;In marcia / fermata / arresto;Conducente;M;Rifiuta cure immediate;0;NON DECEDUTO;Non accertato;
4256807;13;04/03/2019 16:05:00;Strada Urbana;VIA IBICO;all'intersezione con;VIA LISIPPO;VIA LISIPPO;;;Scontro frontale/laterale SX fra veicoli in marcia;Incrocio;Una carreggiata a doppio senso;Asciutto;Asfaltata;Orizzontale;Sereno;Normale;Buona;Ore Diurne;0;0;0;2;12.3688;41.7661;-1;1;Autovettura privata;In marcia / fermata / arresto;Conducente;F;Illeso;0;;Non accertato;Inesploso
4256807;13;04/03/2019 16:05:00;Strada Urbana;VIA IBICO;all'intersezione con;VIA LISIPPO;VIA LISIPPO;;;Scontro frontale/laterale SX fra veicoli in marcia;Incrocio;Una carreggiata a doppio senso;Asciutto;Asfaltata;Orizzontale;Sereno;Normale;Buona;Ore Diurne;0;0;0;2;12.3688;41.7661;-1;2;Autovettura privata;In marcia / fermata / arresto;Conducente;M;Illeso;0;;Non accertato;Inesploso
4256942;10;04/03/2019 16:30:00;Strada Urbana;VIA LUCIO MASTRONARDI;all'intersezione con;VIALE JEAN PAUL SARTRE;VIALE JEAN PAUL SARTRE;;;Scontro frontale/laterale DX fra veicoli in marcia;Incrocio;Una carreggiata a doppio senso;Asciutto;Asfaltata;Verticale ed orizzontale;Sereno;Scarso;Buona;Ore Diurne;0;0;0;2;12.6312;41.8375;-1;1;Autovettura privata;In marcia / fermata / arresto;Conducente;F;Illeso;0;;Non accertato;Inesploso
4256942;10;04/03/2019 16:30:00;Strada Urbana;VIA LUCIO MASTRONARDI;all'intersezione con;VIALE JEAN PAUL SARTRE;VIALE JEAN PAUL SARTRE;;;Scontro frontale/laterale DX fra veicoli in marcia;Incrocio;Una carreggiata a doppio senso;Asciutto;Asfaltata;Verticale ed orizzontale;Sereno;Scarso;Buona;Ore Diurne;0;0;0;2;12.6312;41.8375;-1;2;Autovettura privata;In marcia / fermata / arresto;Conducente;M;Illeso;0;;Non accertato;Inesploso
4256946;12;04/03/2019 17:00:00;Strada Urbana;VIALE EGEO;all'intersezione semaforizzata con;VIALE DELL'OCEANO INDIANO;VIALE DELL'OCEANO INDIANO;;;Scontro laterale fra veicoli in marcia;Intersezione semaforizzata;Due carreggiate;Asciutto;Asfaltata;Verticale ed orizzontale;Sereno;Normale;Buona;Ore Diurne;0;0;0;2;12.4539;41.8284;-1;1;Autovettura privata;In marcia / fermata / arresto;Conducente;F;Illeso;0;;Non accertato;Inesploso
4256946;12;04/03/2019 17:00:00;Strada Urbana;VIALE EGEO;all'intersezione semaforizzata con;VIALE DELL'OCEANO INDIANO;VIALE DELL'OCEANO INDIANO;;;Scontro laterale fra veicoli in marcia;Intersezione semaforizzata;Due carreggiate;Asciutto;Asfaltata;Verticale ed orizzontale;Sereno;Normale;Buona;Ore Diurne;0;0;0;2;12.4539;41.8284;-1;2;Autovettura privata;In marcia / fermata / arresto;Conducente;M;Illeso;0;;Non accertato;Inesploso
4256955;19;04/03/2019 08:15:00;Strada Urbana;VIA LUIGI ARBIB PASCUCCI;in corrispondenza;;del civico n.;27;;Scontro laterale fra veicoli in marcia;Rettilineo;Una carreggiata a senso unico di marcia;Asciutto;Asfaltata;Orizzontale;Nuvoloso;Intenso;Buona;Ore Diurne;0;0;0;2;12.4277;41.9262;-1;1;Autovettura privata;In marcia / fermata / arresto;Conducente;M;Illeso;0;;Non accertato;Inesploso
4256955;19;04/03/2019 08:15:00;Strada Urbana;VIA LUIGI ARBIB PASCUCCI;in corrispondenza;;del civico n.;27;;Scontro laterale fra veicoli in marcia;Rettilineo;Una carreggiata a senso unico di marcia;Asciutto;Asfaltata;Orizzontale;Nuvoloso;Intenso;Buona;Ore Diurne;0;0;0;2;12.4277;41.9262;-1;2;Motociclo con passeggero;In marcia / fermata / arresto;Conducente;M;Illeso;0;;Non accertato;
4256983;6;04/03/2019 17:00:00;Strada Urbana;PIAZZA ZAMA;in corrispondenza;;del civico n.;5;;Veicolo in marcia contro veicolo in sosta;Rettilineo;Più di due carreggiate;Asciutto;Asfaltata;Verticale ed orizzontale;Sereno;Scarso;Buona;Sufficiente;0;0;0;4;12.5101;41.8765;-1;1;Autovettura di polizia;In marcia / fermata / arresto;Conducente;M;Illeso;0;;Non accertato;Inesploso
4256983;6;04/03/2019 17:00:00;Strada Urbana;PIAZZA ZAMA;in corrispondenza;;del civico n.;5;;Veicolo in marcia contro veicolo in sosta;Rettilineo;Più di due carreggiate;Asciutto;Asfaltata;Verticale ed orizzontale;Sereno;Scarso;Buona;Sufficiente;0;0;0;4;12.5101;41.8765;-1;1;Autovettura di polizia;In marcia / fermata / arresto;Passeggero;M;Illeso;0;;Non accertato;Inesploso
4256983;6;04/03/2019 17:00:00;Strada Urbana;PIAZZA ZAMA;in corrispondenza;;del civico n.;5;;Veicolo in marcia contro veicolo in sosta;Rettilineo;Più di due carreggiate;Asciutto;Asfaltata;Verticale ed orizzontale;Sereno;Scarso;Buona;Sufficiente;0;0;0;4;12.5101;41.8765;-1;1;Autovettura di polizia;In marcia / fermata / arresto;Passeggero;F;Illeso;0;;Non accertato;Inesploso
4256983;6;04/03/2019 17:00:00;Strada Urbana;PIAZZA ZAMA;in corrispondenza;;del civico n.;5;;Veicolo in marcia contro veicolo in sosta;Rettilineo;Più di due carreggiate;Asciutto;Asfaltata;Verticale ed orizzontale;Sereno;Scarso;Buona;Sufficiente;0;0;0;4;12.5101;41.8765;-1;1;Autovettura di polizia;In marcia / fermata / arresto;Passeggero;F;Illeso;0;;Non accertato;Inesploso
4256983;6;04/03/2019 17:00:00;Strada Urbana;PIAZZA ZAMA;in corrispondenza;;del civico n.;5;;Veicolo in marcia contro veicolo in sosta;Rettilineo;Più di due carreggiate;Asciutto;Asfaltata;Verticale ed orizzontale;Sereno;Scarso;Buona;Sufficiente;0;0;0;4;12.5101;41.8765;-1;2;Autovettura privata;Sosta;;;;;;;
4256986;19;04/03/2019 10:45:00;Strada Urbana;VIA FRATELLI GUALANDI;in corrispondenza;;del civico n.;1;;Tamponamento;Rettilineo;Una carreggiata a senso unico di marcia;Asciutto;Asfaltata;Verticale ed orizzontale;Sereno;Normale;Buona;Ore Diurne;0;0;0;2;12.4209;41.9418;-1;1;Autovettura privata;In marcia / fermata / arresto;Conducente;M;Illeso;0;;Non accertato;Inesploso
4256986;19;04/03/2019 10:45:00;Strada Urbana;VIA FRATELLI GUALANDI;in corrispondenza;;del civico n.;1;;Tamponamento;Rettilineo;Una carreggiata a senso unico di marcia;Asciutto;Asfaltata;Verticale ed orizzontale;Sereno;Normale;Buona;Ore Diurne;0;0;0;2;12.4209;41.9418;-1;2;Autovettura privata;In marcia / fermata / arresto;Conducente;M;Illeso;0;;Non accertato;Inesploso
4257081;10;04/03/2019 18:20:00;Strada Urbana;VIA MASO FINIGUERRA;all'intersezione con;VIA TUSCOLANA;VIA TUSCOLANA;;;Scontro laterale fra veicoli in marcia;Incrocio;Una carreggiata a senso unico di marcia;Asciutto;Asfaltata;Verticale ed orizzontale;Sereno;Intenso;Buona;Sufficiente;0;0;0;3;12.6031;41.8359;-1;1;Autovettura privata;In marcia / fermata / arresto;Conducente;M;Illeso;0;;Non accertato;Inesploso
4257081;10;04/03/2019 18:20:00;Strada Urbana;VIA MASO FINIGUERRA;all'intersezione con;VIA TUSCOLANA;VIA TUSCOLANA;;;Scontro laterale fra veicoli in marcia;Incrocio;Una carreggiata a senso unico di marcia;Asciutto;Asfaltata;Verticale ed orizzontale;Sereno;Intenso;Buona;Sufficiente;0;0;0;3;12.6031;41.8359;-1;2;Autovettura privata;In marcia / fermata / arresto;Conducente;F;Illeso;0;;Non accertato;Inesploso
4257081;10;04/03/2019 18:20:00;Strada Urbana;VIA MASO FINIGUERRA;all'intersezione con;VIA TUSCOLANA;VIA TUSCOLANA;;;Scontro laterale fra veicoli in marcia;Incrocio;Una carreggiata a senso unico di marcia;Asciutto;Asfaltata;Verticale ed orizzontale;Sereno;Intenso;Buona;Sufficiente;0;0;0;3;12.6031;41.8359;-1;2;Autovettura privata;In marcia / fermata / arresto;Passeggero;F;Illeso;0;;Non accertato;Inesploso
4257093;6;04/03/2019 18:30:00;Strada Urbana;VIA TEANO;in prossimità;;del civico n.;fr. 3;;Veicolo in marcia contro ostacolo accidentale;Rettilineo;Una carreggiata a doppio senso;Asciutto;Asfaltata;Assente;Sereno;Normale;Sufficiente;Sufficiente;0;0;0;1;12.5423;41.8906;-1;1;Autovettura privata;In marcia / fermata / arresto;Conducente;F;Illeso;0;;;
4257266;20;05/03/2019 05:50:00;Strada Urbana;VIALE DELLO STADIO OLIMPICO;in corrispondenza;;del palo luce n.;6;;Veicolo in marcia contro ostacolo fisso;Curva senza visuale libera;Una carreggiata a senso unico di marcia;Asciutto;Asfaltata;Verticale ed orizzontale;Nuvoloso;Normale;Sufficiente;Sufficiente;0;0;0;1;12.4542;41.9299;-1;1;Autovettura privata;In marcia / fermata / arresto;Conducente;M;Illeso;0;;Non accertato;Inesploso
4257412;9;04/03/2019 13:00:00;;VIA APPIA NUOVA;da specificare;;;;fronte VIA CESARE BARONIO;Scontro laterale fra veicoli in marcia;;;;;;;;;;0;0;0;3;12.5228;41.8747;0;1;Autocarro inferiore 35 q.;In marcia / fermata / arresto;Conducente;M;Illeso;0;;Non accertato;Inesploso
4257412;9;04/03/2019 13:00:00;;VIA APPIA NUOVA;da specificare;;;;fronte VIA CESARE BARONIO;Scontro laterale fra veicoli in marcia;;;;;;;;;;0;0;0;3;12.5228;41.8747;0;1;Autocarro inferiore 35 q.;In marcia / fermata / arresto;Passeggero;M;Illeso;0;;Non accertato;Inesploso
4257412;9;04/03/2019 13:00:00;;VIA APPIA NUOVA;da specificare;;;;fronte VIA CESARE BARONIO;Scontro laterale fra veicoli in marcia;;;;;;;;;;0;0;0;3;12.5228;41.8747;0;2;Autovettura privata;In marcia / fermata / arresto;Conducente;;Illeso;0;;;
4257414;9;04/03/2019 14:15:00;;VIA LATINA;in corrispondenza;;del civico n.;189;;Scontro laterale fra veicoli in marcia;;;;;;;;;;0;0;0;2;12.5185;41.8714;0;1;Autovettura privata;In marcia / fermata / arresto;Conducente;M;Illeso;0;;Non accertato;Inesploso
4257414;9;04/03/2019 14:15:00;;VIA LATINA;in corrispondenza;;del civico n.;189;;Scontro laterale fra veicoli in marcia;;;;;;;;;;0;0;0;2;12.5185;41.8714;0;2;Autovettura privata;In marcia / fermata / arresto;Conducente;F;Illeso;0;;Non accertato;Inesploso
4257416;9;04/03/2019 15:50:00;Strada Urbana;VIA IMERA;in corrispondenza;;del civico n.;11;;Scontro laterale fra veicoli in marcia;Rettilineo;Una carreggiata a doppio senso;Asciutto;Asfaltata;Verticale ed orizzontale;Sereno;Normale;Buona;Ore Diurne;0;0;0;2;12.5104;41.8769;-1;1;Autovettura privata;In marcia / fermata / arresto;Conducente;M;Illeso;0;;Non accertato;Inesploso