Protocollo;Gruppo;DataOraIncidente;Localizzazione1;STRADA1;Localizzazione2;STRADA2;Strada02;Chilometrica;DaSpecificare;NaturaIncidente;particolaritastrade;TipoStrada;FondoStradale;Pavimentazione;Segnaletica;CondizioneAtmosferica;Traffico;Visibilita;Illuminazione;NUM_FERITI;NUM_RISERVATA;NUM_MORTI;NUM_ILLESI;Longitudine;Latitudine;Confermato;Progressivo;TipoVeicolo;StatoVeicolo;TipoPersona;Sesso;Tipolesione;Deceduto;DecedutoDopo;CinturaCascoUtilizzato;Airbag;
4260516;3;06/03/2019 11:00:00;Strada Urbana;VIA LAZZARO SPALLANZANI;all'intersezione semaforizzata con;VIA SIRACUSA;VIA SIRACUSA;;;Scontro frontale/laterale DX fra veicoli in marcia;Intersezione semaforizzata;Una carreggiata a doppio senso;Asciutto;Asfaltata;Verticale ed orizzontale;Sereno;Normale;Buona;Ore Diurne;0;0;0;5;12.512;41.9115;-1;1;Autovettura privata;In marcia / fermata / arresto;Passeggero;F;Illeso;0;;Non accertato;
4260516;3;06/03/2019 11:00:00;Strada Urbana;VIA LAZZARO SPALLANZANI;all'intersezione semaforizzata con;VIA SIRACUSA;VIA SIRACUSA;;;Scontro frontale/laterale DX fra veicoli in marcia;Intersezione semaforizzata;Una carreggiata a doppio senso;Asciutto;Asfaltata;Verticale ed orizzontale;Sereno;Normale;Buona;Ore Diurne;0;0;0;5;12.512;41.9115;-1;2;Autovettura privata;In marcia / fermata / arresto;Conducente;M;Illeso;0;;Non accertato;
4260516;3;06/03/2019 11:00:00;Strada Urbana;VIA LAZZARO SPALLANZANI;all'intersezione semaforizzata con;VIA SIRACUSA;VIA SIRACUSA;;;Scontro frontale/laterale DX fra veicoli in marcia;Intersezione semaforizzata;Una carreggiata a doppio senso;Asciutto;Asfaltata;Verticale ed orizzontale;Sereno;Normale;Buona;Ore Diurne;0;0;0;5;12.512;41.9115;-1;2;Autovettura privata;In marcia / fermata / arresto;Passeggero;F;Illeso;0;;Non accertato;
4260516;3;06/03/2019 11:00:00;Strada Urbana;VIA LAZZARO SPALLANZANI;all'intersezione semaforizzata con;VIA SIRACUSA;VIA SIRACUSA;;;Scontro frontale/laterale DX fra veicoli in marcia;Intersezione semaforizzata;Una carreggiata a doppio senso;Asciutto;Asfaltata;Verticale ed orizzontale;Sereno;Normale;Buona;Ore Diurne;0;0;0;5;12.512;41.9115;-1;2;Autovettura privata;In marcia / fermata / arresto;Passeggero;F;Illeso;0;;Non accertato;
4260558;9;06/03/2019 13:30:00;Strada Urbana;VIA CASILINA;in prossimità;;del civico n.;1;;Scontro laterale fra veicoli in marcia;Rettilineo;Due carreggiate;Asciutto;Asfaltata;Verticale ed orizzontale;Sereno;Scarso;Buona;Ore Diurne;1;0;0;2;12.5164;41.891;-1;1;Autovettura privata;In marcia / fermata / arresto;Conducente;M;Illeso;0;;Non accertato;Inesploso
4260558;9;06/03/2019 13:30:00;Strada Urbana;VIA CASILINA;in prossimità;;del civico n.;1;;Scontro laterale fra veicoli in marcia;Rettilineo;Due carreggiate;Asciutto;Asfaltata;Verticale ed orizzontale;Sereno;Scarso;Buona;Ore Diurne;1;0;0;2;12.5164;41.891;-1;1;Autovettura privata;In marcia / fermata / arresto;Passeggero;F;Illeso;0;;Non accertato;Inesploso
4260558;9;06/03/2019 13:30:00;Strada Urbana;VIA CASILINA;in prossimità;;del civico n.;1;;Scontro laterale fra veicoli in marcia;Rettilineo;Due carreggiate;Asciutto;Asfaltata;Verticale ed orizzontale;Sereno;Scarso;Buona;Ore Diurne;1;0;0;2;12.5164;41.891;-1;2;Motociclo a solo;In marcia / fermata / arresto;Conducente;M;Rimandato;0;NON DECEDUTO;Non accertato;
4260597;9;06/03/2019 16:15:00;Strada Urbana;VIA APPIA NUOVA;all'intersezione semaforizzata con;VIA DELL'ARCO DI TRAVERTINO;VIA DELL'ARCO DI TRAVERTINO;;;Scontro frontale/laterale SX fra veicoli in marcia;Intersezione semaforizzata;Due carreggiate;Asciutto;Asfaltata;Verticale ed orizzontale;Sereno;Intenso;Buona;Ore Diurne;0;0;0;2;12.5319;41.8643;-1;1;Autovettura privata;In marcia / fermata / arresto;Conducente;M;Illeso;0;;Non accertato;Inesploso
4260597;9;06/03/2019 16:15:00;Strada Urbana;VIA APPIA NUOVA;all'intersezione semaforizzata con;VIA DELL'ARCO DI TRAVERTINO;VIA DELL'ARCO DI TRAVERTINO;;;Scontro frontale/laterale SX fra veicoli in marcia;Intersezione semaforizzata;Due carreggiate;Asciutto;Asfaltata;Verticale ed orizzontale;Sereno;Intenso;Buona;Ore Diurne;0;0;0;2;12.5319;41.8643;-1;2;Autovettura privata;In marcia / fermata / arresto;Conducente;F;Illeso;0;;Non accertato;Inesploso
4260602;19;06/03/2019 08:05:00;Strada Urbana;VIA VINCENZO VIARA DE RICCI;in corrispondenza;;del civico n.;31;;Tamponamento Multiplo;Rettilineo;Una carreggiata a senso unico di marcia;Asciutto;Asfaltata;Orizzontale;Sereno;Normale;Buona;Ore Diurne;1;0;0;3;12.4122;41.9279;-1;1;Autocarro inferiore 35 q.;In marcia / fermata / arresto;Conducente;M;Illeso;0;;Non accertato;Inesploso
4260602;19;06/03/2019 08:05:00;Strada Urbana;VIA VINCENZO VIARA DE RICCI;in corrispondenza;;del civico n.;31;;Tamponamento Multiplo;Rettilineo;Una carreggiata a senso unico di marcia;Asciutto;Asfaltata;Orizzontale;Sereno;Normale;Buona;Ore Diurne;1;0;0;3;12.4122;41.9279;-1;2;Motociclo a solo;In marcia / fermata / arresto;Conducente;M;Rimandato;0;NON DECEDUTO;Non accertato;
4260602;19;06/03/2019 08:05:00;Strada Urbana;VIA VINCENZO VIARA DE RICCI;in corrispondenza;;del civico n.;31;;Tamponamento Multiplo;Rettilineo;Una carreggiata a senso unico di marcia;Asciutto;Asfaltata;Orizzontale;Sereno;Normale;Buona;Ore Diurne;1;0;0;3;12.4122;41.9279;-1;3;Autovettura privata;In marcia / fermata / arresto;Conducente;F;Illeso;0;;Non accertato;Inesploso
4260602;19;06/03/2019 08:05:00;Strada Urbana;VIA VINCENZO VIARA DE RICCI;in corrispondenza;;del civico n.;31;;Tamponamento Multiplo;Rettilineo;Una carreggiata a senso unico di marcia;Asciutto;Asfaltata;Orizzontale;Sereno;Normale;Buona;Ore Diurne;1;0;0;3;12.4122;41.9279;-1;3;Autovettura privata;In marcia / fermata / arresto;Passeggero;M;Illeso;0;;Non accertato;Inesploso
4260613;10;06/03/2019 17:00:00;Strada Urbana;VIALE LUIGI SCHIAVONETTI;all'intersezione con;VIA BIAGIO PETROCELLI;VIA BIAGIO PETROCELLI;;;Scontro laterale fra veicoli in marcia;Rotatoria;Una carreggiata a senso unico di marcia;Asciutto;Asfaltata;Verticale ed orizzontale;Sereno;Scarso;Buona;Ore Diurne;0;0;0;2;12.611;41.8446;-1;1;Autovettura privata;In marcia / fermata / arresto;Conducente;M;Illeso;0;;Non accertato;Inesploso
4260613;10;06/03/2019 17:00:00;Strada Urbana;VIALE LUIGI SCHIAVONETTI;all'intersezione con;VIA BIAGIO PETROCELLI;VIA BIAGIO PETROCELLI;;;Scontro laterale fra veicoli in marcia;Rotatoria;Una carreggiata a senso unico di marcia;Asciutto;Asfaltata;Verticale ed orizzontale;Sereno;Scarso;Buona;Ore Diurne;0;0;0;2;12.611;41.8446;-1;2;Autovettura privata;In marcia / fermata / arresto;Conducente;F;Illeso;0;;Non accertato;Inesploso
4260637;9;06/03/2019 14:30:00;Strada Urbana;VIA APPIA NUOVA;all'intersezione con;VIA DEI CESSATI SPIRITI;VIA DEI CESSATI SPIRITI;;;Scontro laterale fra veicoli in marcia;Incrocio;Due carreggiate;Asciutto;Asfaltata;Verticale;Sereno;Intenso;Buona;Ore Diurne;1;0;0;1;12.5296;41.8689;-1;1;Autovettura privata;In marcia / fermata / arresto;Conducente;M;Illeso;0;;;
4260637;9;06/03/2019 14:30:00;Strada Urbana;VIA APPIA NUOVA;all'intersezione con;VIA DEI CESSATI SPIRITI;VIA DEI CESSATI SPIRITI;;;Scontro laterale fra veicoli in marcia;Incrocio;Due carreggiate;Asciutto;Asfaltata;Verticale;Sereno;Intenso;Buona;Ore Diurne;1;0;0;1;12.5296;41.8689;-1;2;Motociclo a solo;In marcia / fermata / arresto;Conducente;M;Rimandato;0;NON DECEDUTO;Non accertato;
4260650;19;06/03/2019 06:30:00;Strada Urbana;VIA DI SELVA CANDIDA;in corrispondenza;;del civico n.;352;;Tamponamento;Rettilineo;Una carreggiata a doppio senso;Asciutto;Asfaltata;Orizzontale;Sereno;Normale;Buona;Ore Diurne;0;0;0;2;12.3781;41.9372;-1;1;Autovettura privata;In marcia / fermata / arresto;Conducente;M;Illeso;0;;Non accertato;Inesploso
4260650;19;06/03/2019 06:30:00;Strada Urbana;VIA DI SELVA CANDIDA;in corrispondenza;;del civico n.;352;;Tamponamento;Rettilineo;Una carreggiata a doppio senso;Asciutto;Asfaltata;Orizzontale;Sereno;Normale;Buona;Ore Diurne;0;0;0;2;12.3781;41.9372;-1;2;Autovettura privata;In marcia / fermata / arresto;Conducente;M;Illeso;0;;Non utilizzato;Inesploso
4260682;9;06/03/2019 15:45:00;Strada Urbana;PIAZZALE LABICANO;all'intersezione con;VIA PRENESTINA;VIA PRENESTINA;;;Tamponamento;Rotatoria;Più di due carreggiate;Asciutto;Asfaltata;Verticale ed orizzontale;Sereno;Normale;Buona;Ore Diurne;0;0;0;3;12.5161;41.8916;-1;1;Autovettura privata;In marcia / fermata / arresto;Conducente;M;Illeso;0;;Utilizzato;Inesploso
4260682;9;06/03/2019 15:45:00;Strada Urbana;PIAZZALE LABICANO;all'intersezione con;VIA PRENESTINA;VIA PRENESTINA;;;Tamponamento;Rotatoria;Più di due carreggiate;Asciutto;Asfaltata;Verticale ed orizzontale;Sereno;Normale;Buona;Ore Diurne;0;0;0;3;12.5161;41.8916;-1;1;Autovettura privata;In marcia / fermata / arresto;Passeggero;M;Illeso;0;;Non accertato;Inesploso
4260682;9;06/03/2019 15:45:00;Strada Urbana;PIAZZALE LABICANO;all'intersezione con;VIA PRENESTINA;VIA PRENESTINA;;;Tamponamento;Rotatoria;Più di due carreggiate;Asciutto;Asfaltata;Verticale ed orizzontale;Sereno;Normale;Buona;Ore Diurne;0;0;0;3;12.5161;41.8916;-1;2;Motociclo a solo;In marcia / fermata / arresto;Conducente;M;Illeso;0;;Non accertato;
4260737;13;06/03/2019 18:45:00;Strada Urbana;VIA DI CASTEL FUSANO;all'intersezione semaforizzata con;VIA OSTIENSE;VIA OSTIENSE;;;Scontro laterale fra veicoli in marcia;Intersezione semaforizzata;Una carreggiata a doppio senso;Asciutto;Asfaltata;Orizzontale;Sereno;Intenso;Sufficiente;Sufficiente;0;0;0;1;12.3119;41.746;-1;1;Autovettura privata;In marcia / fermata / arresto;Conducente;F;Illeso;0;;Non accertato;Inesploso
4260826;8;06/03/2019 20:00:00;Strada Urbana;VIA GAGLIANO DEL CAPO;all'intersezione con;VIA CAMPI SALENTINA;VIA CAMPI SALENTINA;;;Scontro frontale/laterale DX fra veicoli in marcia;Intersezione non regolata/non segnalata;Una carreggiata a doppio senso;Asciutto;Asfaltata;Verticale;Sereno;Scarso;Buona;Sufficiente;0;0;0;3;12.6531;41.8555;-1;1;Autovettura privata;In marcia / fermata / arresto;Conducente;M;Illeso;0;;Non accertato;Esploso
4260826;8;06/03/2019 20:00:00;Strada Urbana;VIA GAGLIANO DEL CAPO;all'intersezione con;VIA CAMPI SALENTINA;VIA CAMPI SALENTINA;;;Scontro frontale/laterale DX fra veicoli in marcia;Intersezione non regolata/non segnalata;Una carreggiata a doppio senso;Asciutto;Asfaltata;Verticale;Sereno;Scarso;Buona;Sufficiente;0;0;0;3;12.6531;41.8555;-1;2;Autovettura privata;In marcia / fermata / arresto;Conducente;M;Illeso;0;;Non accertato;Esploso
4260826;8;06/03/2019 20:00:00;Strada Urbana;VIA GAGLIANO DEL CAPO;all'intersezione con;VIA CAMPI SALENTINA;VIA CAMPI SALENTINA;;;Scontro frontale/laterale DX fra veicoli in marcia;Intersezione non regolata/non segnalata;Una carreggiata a doppio senso;Asciutto;Asfaltata;Verticale;Sereno;Scarso;Buona;Sufficiente;0;0;0;3;12.6531;41.8555;-1;2;Autovettura privata;In marcia / fermata / arresto;Passeggero;M;Illeso;0;;Non accertato;Esploso
4260826;8;06/03/2019 20:00:00;Strada Urbana;VIA GAGLIANO DEL CAPO;all'intersezione con;VIA CAMPI SALENTINA;VIA CAMPI SALENTINA;;;Scontro frontale/laterale DX fra veicoli in marcia;Intersezione non regolata/non segnalata;Una carreggiata a doppio senso;Asciutto;Asfaltata;Verticale;Sereno;Scarso;Buona;Sufficiente;0;0;0;3;12.6531;41.8555;-1;3;Autovettura privata;Sosta;;;;;;;
4260943;10;06/03/2019 00:25:00;Strada Urbana;VIA ACAIA;all'intersezione semaforizzata con;VIA VETULONIA;VIA VETULONIA;;;Tamponamento;Intersezione semaforizzata;Una carreggiata a doppio senso;Asciutto;Asfaltata;Verticale ed orizzontale;Sereno;Scarso;Sufficiente;Sufficiente;0;0;0;1;12.5075;41.8755;-1;1;Autovettura privata;In marcia / fermata / arresto;Conducente;M;Illeso;0;;Non accertato;Inesploso
4260943;10;06/03/2019 00:25:00;Strada Urbana;VIA ACAIA;all'intersezione semaforizzata con;VIA VETULONIA;VIA VETULONIA;;;Tamponamento;Intersezione semaforizzata;Una carreggiata a doppio senso;Asciutto;Asfaltata;Verticale ed orizzontale;Sereno;Scarso;Sufficiente;Sufficiente;0;0;0;1;12.5075;41.8755;-1;2;Autovettura privata;Allontanatosi;;;;;;;
4260944;11;06/03/2019 15:40:00;Strada Urbana;VIA CORNELIO MAGNI;all'intersezione con;VIA CRISTOFORO COLOMBO;VIA CRISTOFORO COLOMBO;;;Scontro frontale/laterale DX fra veicoli in marcia;Incrocio;Due carreggiate;Asciutto;Asfaltata;Verticale ed orizzontale;Sereno;Normale;Buona;Ore Diurne;1;0;0;1;12.4971;41.8655;-1;1;Autovettura privata;In marcia / fermata / arresto;Conducente;F;Illeso;0;;;
4260944;11;06/03/2019 15:40:00;Strada Urbana;VIA CORNELIO MAGNI;all'intersezione con;VIA CRISTOFORO COLOMBO;VIA CRISTOFORO COLOMBO;;;Scontro frontale/laterale DX fra veicoli in marcia;Incrocio;Due carreggiate;Asciutto;Asfaltata;Verticale ed orizzontale;Sereno;Normale;Buona;Ore Diurne;1;0;0;1;12.4971;41.8655;-1;2;Motociclo a solo;In marcia / fermata / arresto;Conducente;M;Ricoverato;0;NON DECEDUTO;Non accertato;
4260953;10;06/03/2019 19:20:00;Strada Urbana;VIA TUSCOLANA;in corrispondenza;;del civico n.;1427;;Scontro laterale fra veicoli in marcia;Rettilineo;Due carreggiate;Asciutto;Asfaltata;Verticale ed orizzontale;Sereno;Normale;Sufficiente;Sufficiente;1;0;0;1;12.623;41.8283;-1;1;Autovettura privata;In marcia / fermata / arresto;Conducente;F;Illeso;0;;Non accertato;Inesploso
4260953;10;06/03/2019 19:20:00;Strada Urbana;VIA TUSCOLANA;in corrispondenza;;del civico n.;1427;;Scontro laterale fra veicoli in marcia;Rettilineo;Due carreggiate;Asciutto;Asfaltata;Verticale ed orizzontale;Sereno;Normale;Sufficiente;Sufficiente;1;0;0;1;12.623;41.8283;-1;2;Motociclo a solo;In marcia / fermata / arresto;Conducente;M;Rimandato;0;NON DECEDUTO;Non accertato;
4261020;10;07/03/2019 02:00:00;Strada Urbana;VIA TUSCOLANA;all'intersezione con;LARGO APPIO CLAUDIO;LARGO APPIO CLAUDIO;;;Tamponamento;Incrocio;Due carreggiate;Asciutto;Asfaltata;Verticale ed orizzontale;Sereno;Scarso;Sufficiente;Sufficiente;2;0;0;1;12.5647;41.8554;-1;1;Autovettura privata;In marcia / fermata / arresto;Conducente;M;Illeso;0;;Non accertato;Esploso
4261020;10;07/03/2019 02:00:00;Strada Urbana;VIA TUSCOLANA;all'intersezione con;LARGO APPIO CLAUDIO;LARGO APPIO CLAUDIO;;;Tamponamento;Incrocio;Due carreggiate;Asciutto;Asfaltata;Verticale ed orizzontale;Sereno;Scarso;Sufficiente;Sufficiente;2;0;0;1;12.5647;41.8554;-1;2;Autovettura privata;In marcia / fermata / arresto;Conducente;M;Rifiuta cure immediate;0;NON DECEDUTO;Non accertato;Inesploso
4261020;10;07/03/2019 02:00:00;Strada Urbana;VIA TUSCOLANA;all'intersezione con;LARGO APPIO CLAUDIO;LARGO APPIO CLAUDIO;;;Tamponamento;Incrocio;Due carreggiate;Asciutto;Asfaltata;Verticale ed orizzontale;Sereno;Scarso;Sufficiente;Sufficiente;2;0;0;1;12.5647;41.8554;-1;2;Autovettura privata;In marcia / fermata / arresto;Passeggero;M;Rimandato;0;NON DECEDUTO;Non accertato;Inesploso
4261026;19;06/03/2019 20:00:00;Strada Urbana;VIA LUZZANA;all'intersezione con;VIA BRUMANO;VIA BRUMANO;;;Scontro frontale fra veicoli in marcia;Incrocio;Una carreggiata a senso unico di marcia;Bagnato (pioggia);Asfaltata;Assente;Sereno;Scarso;Buona;Sufficiente;0;0;0;3;12.3832;41.9435;-1;1;Autovettura privata;In marcia / fermata / arresto;Conducente;F;Illeso;0;;Non accertato;Inesploso
4261026;19;06/03/2019 20:00:00;Strada Urbana;VIA LUZZANA;all'intersezione con;VIA BRUMANO;VIA BRUMANO;;;Scontro frontale fra veicoli in marcia;Incrocio;Una carreggiata a senso unico di marcia;Bagnato (pioggia);Asfaltata;Assente;Sereno;Scarso;Buona;Sufficiente;0;0;0;3;12.3832;41.9435;-1;2;Autovettura privata;In marcia / fermata / arresto;Conducente;M;Illeso;0;;Non accertato;Inesploso
4261026;19;06/03/2019 20:00:00;Strada Urbana;VIA LUZZANA;all'intersezione con;VIA BRUMANO;VIA BRUMANO;;;Scontro frontale fra veicoli in marcia;Incrocio;Una carreggiata a senso unico di marcia;Bagnato (pioggia);Asfaltata;Assente;Sereno;Scarso;Buona;Sufficiente;0;0;0;3;12.3832;41.9435;-1;2;Autovettura privata;In marcia / fermata / arresto;Passeggero;F;Illeso;0;;Non accertato;Inesploso
4261069;13;06/03/2019 10:10:00;Strada Urbana;PIAZZA FRANCESCO CONTEDUCA;all'intersezione con;VIA CAPO PALINURO;VIA CAPO PALINURO;;;Scontro frontale/laterale SX fra veicoli in marcia;Incrocio;Due carreggiate;Asciutto;Asfaltata;Verticale ed orizzontale;Sereno;Normale;Buona;Ore Diurne;0;0;0;3;12.2881;41.7357;-1;1;Autovettura privata;In marcia / fermata / arresto;Conducente;F;Illeso;0;;Non accertato;Inesploso
4261069;13;06/03/2019 10:10:00;Strada Urbana;PIAZZA FRANCESCO CONTEDUCA;all'intersezione con;VIA CAPO PALINURO;VIA CAPO PALINURO;;;Scontro frontale/laterale SX fra veicoli in marcia;Incrocio;Due carreggiate;Asciutto;Asfaltata;Verticale ed orizzontale;Sereno;Normale;Buona;Ore Diurne;0;0;0;3;12.2881;41.7357;-1;1;Autovettura privata;In marcia / fermata / arresto;Passeggero;M;Illeso;0;;Non accertato;Inesploso
4261069;13;06/03/2019 10:10:00;Strada Urbana;PIAZZA FRANCESCO CONTEDUCA;all'intersezione con;VIA CAPO PALINURO;VIA CAPO PALINURO;;;Scontro frontale/laterale SX fra veicoli in marcia;Incrocio;Due carreggiate;Asciutto;Asfaltata;Verticale ed orizzontale;Sereno;Normale;Buona;Ore Diurne;0;0;0;3;12.2881;41.7357;-1;2;Autovettura privata;In marcia / fermata / arresto;Conducente;F;Illeso;0;;Non accertato;Inesploso
4261081;20;06/03/2019 19:45:00;Strada Urbana;VIA CASSIA;all'intersezione con;VIA DELLA STORTA;VIA DELLA STORTA;;;Scontro frontale/laterale SX fra veicoli in marcia;Intersezione stradale segnalata;Una carreggiata a doppio senso;Asciutto;Asfaltata;Verticale ed orizzontale;Sereno;Normale;Buona;Sufficiente;0;0;0;2;12.3802;42.0064;-1;1;Autovettura privata;In marcia / fermata / arresto;Conducente;F;Illeso;0;;Non accertato;
4261081;20;06/03/2019 19:45:00;Strada Urbana;VIA CASSIA;all'intersezione con;VIA DELLA STORTA;VIA DELLA STORTA;;;Scontro frontale/laterale SX fra veicoli in marcia;Intersezione stradale segnalata;Una carreggiata a doppio senso;Asciutto;Asfaltata;Verticale ed orizzontale;Sereno;Normale;Buona;Sufficiente;0;0;0;2;12.3802;42.0064;-1;2;Motociclo a solo;In marcia / fermata / arresto;Conducente;M;Illeso;0;;Non accertato;
4261082;20;06/03/2019 11:10:00;Strada Urbana;VIA CASSIA;da specificare;;;;in prossimità VIA MASSAROSA;Investimento di pedone;Curva a visuale libera;Una carreggiata a doppio senso;Asciutto;Asfaltata;Assente;Sereno;Intenso;Buona;Ore Diurne;1;0;0;1;12.4132;41.9829;-1;;;;Pedone;F;Rimandato;0;NON DECEDUTO;;
4261082;20;06/03/2019 11:10:00;Strada Urbana;VIA CASSIA;da specificare;;;;in prossimità VIA MASSAROSA;Investimento di pedone;Curva a visuale libera;Una carreggiata a doppio senso;Asciutto;Asfaltata;Assente;Sereno;Intenso;Buona;Ore Diurne;1;0;0;1;12.4132;41.9829;-1;1;Autocarro inferiore 35 q.;In marcia / fermata / arresto;Conducente;M;Illeso;0;;Non accertato;
4261093;20;06/03/2019 16:30:00;Strada Urbana;VIA DELLA STAZIONE DI CESANO;da specificare;;;;in prossimità della Stazione ;Scontro laterale fra veicoli in marcia;Rettilineo;Una carreggiata a doppio senso;Asciutto;Asfaltata;Verticale ed orizzontale;Sereno;Normale;Buona;Ore Diurne;0;0;0;2;12.3247;42.0607;-1;1;Autovettura privata;In marcia / fermata / arresto;Conducente;F;Illeso;0;;;
4261093;20;06/03/2019 16:30:00;Strada Urbana;VIA DELLA STAZIONE DI CESANO;da specificare;;;;in prossimità della Stazione ;Scontro laterale fra veicoli in marcia;Rettilineo;Una carreggiata a doppio senso;Asciutto;Asfaltata;Verticale ed orizzontale;Sereno;Normale;Buona;Ore Diurne;0;0;0;2;12.3247;42.0607;-1;2;Autovettura privata;In marcia / fermata / arresto;Conducente;M;Illeso;0;;;
4261100;13;06/03/2019 22:30:00;Strada Urbana;VIA DI ACILIA;all'intersezione con;VIA COSTANTINO BESCHI;VIA COSTANTINO BESCHI;;;Scontro frontale/laterale DX fra veicoli in marcia;Incrocio;Una carreggiata a doppio senso;Asciutto;Asfaltata;Verticale;Sereno;Normale;Sufficiente;Sufficiente;0;0;0;2;12.3674;41.7853;-1;1;Autovettura privata;In marcia / fermata / arresto;Conducente;M;Illeso;0;;Non accertato;Inesploso
4261100;13;06/03/2019 22:30:00;Strada Urbana;VIA DI ACILIA;all'intersezione con;VIA COSTANTINO BESCHI;VIA COSTANTINO BESCHI;;;Scontro frontale/laterale DX fra veicoli in marcia;Incrocio;Una carreggiata a doppio senso;Asciutto;Asfaltata;Verticale;Sereno;Normale;Sufficiente;Sufficiente;0;0;0;2;12.3674;41.7853;-1;2;Autovettura privata;In marcia / fermata / arresto;Conducente;F;Illeso;0;;Non accertato;Inesploso
4261107;15;06/03/2019 09:50:00;Strada Urbana;VIA ANTONIO PACINOTTI;all'intersezione con;VIA DI PIETRA PAPA;VIA DI PIETRA PAPA;;;Scontro laterale fra veicoli in marcia;Intersezione stradale segnalata;Una carreggiata a doppio senso;Asciutto;Asfaltata;Verticale ed orizzontale;Sereno;Normale;Buona;Ore Diurne;0;0;0;3;12.4675;41.871;-1;1;Autovettura privata;In marcia / fermata / arresto;Conducente;M;Illeso;0;;Utilizzato;Inesploso
4261107;15;06/03/2019 09:50:00;Strada Urbana;VIA ANTONIO PACINOTTI;all'intersezione con;VIA DI PIETRA PAPA;VIA DI PIETRA PAPA;;;Scontro laterale fra veicoli in marcia;Intersezione stradale segnalata;Una carreggiata a doppio senso;Asciutto;Asfaltata;Verticale ed orizzontale;Sereno;Normale;Buona;Ore Diurne;0;0;0;3;12.4675;41.871;-1;2;Autovettura privata;In marcia / fermata / arresto;Conducente;M;Illeso;0;;Utilizzato;Inesploso
4261107;15;06/03/2019 09:50:00;Strada Urbana;VIA ANTONIO PACINOTTI;all'intersezione con;VIA DI PIETRA PAPA;VIA DI PIETRA PAPA;;;Scontro laterale fra veicoli in marcia;Intersezione stradale segnalata;Una carreggiata a doppio senso;Asciutto;Asfaltata;Verticale ed orizzontale;Sereno;Normale;Buona;Ore Diurne;0;0;0;3;12.4675;41.871;-1;2;Autovettura privata;In marcia / fermata / arresto;Passeggero;F;Illeso;0;;Utilizzato;Inesploso
4261107;15;06/03/2019 09:50:00;Strada Urbana;VIA ANTONIO PACINOTTI;all'intersezione con;VIA DI PIETRA PAPA;VIA DI PIETRA PAPA;;;Scontro laterale fra veicoli in marcia;Intersezione stradale segnalata;Una carreggiata a doppio senso;Asciutto;Asfaltata;Verticale ed orizzontale;Sereno;Normale;Buona;Ore Diurne;0;0;0;3;12.4675;41.871;-1;3;Motociclo a solo;In marcia / fermata / arresto;;;;;;;
4261157;4;06/03/2019 08:00:00;Regionale entro l'abitato;VIA DELLA BUFALOTTA;all'intersezione con;VIA DELLA COLONIA AGRICOLA;VIA DELLA COLONIA AGRICOLA;;;Scontro frontale/laterale DX fra veicoli in marcia;Incrocio;Una carreggiata a doppio senso;Asciutto;Asfaltata;Orizzontale;Sereno;Normale;Buona;Ore Diurne;0;0;0;3;12.5499;41.9676;-1;1;Autovettura privata;In marcia / fermata / arresto;Conducente;F;Illeso;0;;Non accertato;Inesploso
4261157;4;06/03/2019 08:00:00;Regionale entro l'abitato;VIA DELLA BUFALOTTA;all'intersezione con;VIA DELLA COLONIA AGRICOLA;VIA DELLA COLONIA AGRICOLA;;;Scontro frontale/laterale DX fra veicoli in marcia;Incrocio;Una carreggiata a doppio senso;Asciutto;Asfaltata;Orizzontale;Sereno;Normale;Buona;Ore Diurne;0;0;0;3;12.5499;41.9676;-1;2;Autovettura privata;In marcia / fermata / arresto;Conducente;M;Illeso;0;;;
4261157;4;06/03/2019 08:00:00;Regionale entro l'abitato;VIA DELLA BUFALOTTA;all'intersezione con;VIA DELLA COLONIA AGRICOLA;VIA DELLA COLONIA AGRICOLA;;;Scontro frontale/laterale DX fra veicoli in marcia;Incrocio;Una carreggiata a doppio senso;Asciutto;Asfaltata;Orizzontale;Sereno;Normale;Buona;Ore Diurne;0;0;0;3;12.5499;41.9676;-1;2;Autovettura privata;In marcia / fermata / arresto;Passeggero;M;Illeso;0;;;
4261159;5;06/03/2019 07:55:00;Strada Urbana;VIA TIBURTINA;in prossimità;;del civico n.;1258;;Tamponamento;Rettilineo;Due carreggiate;Asciutto;Asfaltata;Verticale ed orizzontale;Sereno;Normale;Buona;Ore Diurne;0;0;0;2;12.6076;41.9344;-1;1;Autovettura privata;In marcia / fermata / arresto;Conducente;M;Illeso;0;;Non accertato;Inesploso
4261159;5;06/03/2019 07:55:00;Strada Urbana;VIA TIBURTINA;in prossimità;;del civico n.;1258;;Tamponamento;Rettilineo;Due carreggiate;Asciutto;Asfaltata;Verticale ed orizzontale;Sereno;Normale;Buona;Ore Diurne;0;0;0;2;12.6076;41.9344;-1;2;Autovettura privata;In marcia / fermata / arresto;Conducente;M;Illeso;0;;Non accertato;Inesploso
4261164;4;06/03/2019 08:00:00;Strada Urbana;VIA CECCO ANGIOLIERI;in prossimità;;del civico n.;5;;Veicolo in marcia contro veicolo fermo;Rettilineo;Una carreggiata a senso unico di marcia;Asciutto;Asfaltata;Verticale ed orizzontale;Sereno;Intenso;Buona;Ore Diurne;2;0;0;3;12.5431;41.9453;-1;1;Autovettura privata;In marcia / fermata / arresto;Conducente;M;Illeso;0;;;
4261164;4;06/03/2019 08:00:00;Strada Urbana;VIA CECCO ANGIOLIERI;in prossimità;;del civico n.;5;;Veicolo in marcia contro veicolo fermo;Rettilineo;Una carreggiata a senso unico di marcia;Asciutto;Asfaltata;Verticale ed orizzontale;Sereno;Intenso;Buona;Ore Diurne;2;0;0;3;12.5431;41.9453;-1;1;Autovettura privata;In marcia / fermata / arresto;Passeggero;M;Illeso;0;;;