Protocollo;Gruppo;DataOraIncidente;Localizzazione1;STRADA1;Localizzazione2;STRADA2;Strada02;Chilometrica;DaSpecificare;NaturaIncidente;particolaritastrade;TipoStrada;FondoStradale;Pavimentazione;Segnaletica;CondizioneAtmosferica;Traffico;Visibilita;Illuminazione;NUM_FERITI;NUM_RISERVATA;NUM_MORTI;NUM_ILLESI;Longitudine;Latitudine;Confermato;Progressivo;TipoVeicolo;StatoVeicolo;TipoPersona;Sesso;Tipolesione;Deceduto;DecedutoDopo;CinturaCascoUtilizzato;Airbag;
4261164;4;06/03/2019 08:00:00;Strada Urbana;VIA CECCO ANGIOLIERI;in prossimità;;del civico n.;5;;Veicolo in marcia contro veicolo fermo;Rettilineo;Una carreggiata a senso unico di marcia;Asciutto;Asfaltata;Verticale ed orizzontale;Sereno;Intenso;Buona;Ore Diurne;2;0;0;3;12.5431;41.9453;-1;1;Autovettura privata;In marcia / fermata / arresto;Passeggero;F;Illeso;0;;;
4261164;4;06/03/2019 08:00:00;Strada Urbana;VIA CECCO ANGIOLIERI;in prossimità;;del civico n.;5;;Veicolo in marcia contro veicolo fermo;Rettilineo;Una carreggiata a senso unico di marcia;Asciutto;Asfaltata;Verticale ed orizzontale;Sereno;Intenso;Buona;Ore Diurne;2;0;0;3;12.5431;41.9453;-1;2;Motociclo con passeggero;In marcia / fermata / arresto;Conducente;F;Rifiuta cure immediate;0;NON DECEDUTO;;
4261164;4;06/03/2019 08:00:00;Strada Urbana;VIA CECCO ANGIOLIERI;in prossimità;;del civico n.;5;;Veicolo in marcia contro veicolo fermo;Rettilineo;Una carreggiata a senso unico di marcia;Asciutto;Asfaltata;Verticale ed orizzontale;Sereno;Intenso;Buona;Ore Diurne;2;0;0;3;12.5431;41.9453;-1;2;Motociclo con passeggero;In marcia / fermata / arresto;Passeggero;F;Rifiuta cure immediate;0;NON DECEDUTO;;
4261170;5;06/03/2019 08:35:00;Strada Urbana;VIA POPPEA SABINA;all'intersezione con;VIA CRESCENZIO CONTE DI SABINA;VIA CRESCENZIO CONTE DI SABINA;;;Scontro laterale fra veicoli in marcia;Incrocio;Due carreggiate;Asciutto;Asfaltata;Verticale ed orizzontale;Sereno;Normale;Buona;Ore Diurne;1;0;0;3;12.6015;41.9481;-1;1;Autocarro inferiore 35 q.;In marcia / fermata / arresto;Conducente;F;Illeso;0;;Non accertato;
4261170;5;06/03/2019 08:35:00;Strada Urbana;VIA POPPEA SABINA;all'intersezione con;VIA CRESCENZIO CONTE DI SABINA;VIA CRESCENZIO CONTE DI SABINA;;;Scontro laterale fra veicoli in marcia;Incrocio;Due carreggiate;Asciutto;Asfaltata;Verticale ed orizzontale;Sereno;Normale;Buona;Ore Diurne;1;0;0;3;12.6015;41.9481;-1;1;Autocarro inferiore 35 q.;In marcia / fermata / arresto;Passeggero;M;Illeso;0;;Non accertato;
4261170;5;06/03/2019 08:35:00;Strada Urbana;VIA POPPEA SABINA;all'intersezione con;VIA CRESCENZIO CONTE DI SABINA;VIA CRESCENZIO CONTE DI SABINA;;;Scontro laterale fra veicoli in marcia;Incrocio;Due carreggiate;Asciutto;Asfaltata;Verticale ed orizzontale;Sereno;Normale;Buona;Ore Diurne;1;0;0;3;12.6015;41.9481;-1;2;Autovettura privata;In marcia / fermata / arresto;Conducente;M;Rimandato;0;NON DECEDUTO;Non accertato;
4261170;5;06/03/2019 08:35:00;Strada Urbana;VIA POPPEA SABINA;all'intersezione con;VIA CRESCENZIO CONTE DI SABINA;VIA CRESCENZIO CONTE DI SABINA;;;Scontro laterale fra veicoli in marcia;Incrocio;Due carreggiate;Asciutto;Asfaltata;Verticale ed orizzontale;Sereno;Normale;Buona;Ore Diurne;1;0;0;3;12.6015;41.9481;-1;2;Autovettura privata;In marcia / fermata / arresto;Passeggero;F;Illeso;0;;Non accertato;
4261222;4;06/03/2019 10:15:00;Strada Urbana;VIA DELLE ALPI APUANE;da specificare;;;;fronte civ. 5;Veicolo in marcia contro veicolo in sosta;Rettilineo;Una carreggiata a doppio senso;Asciutto;Asfaltata;Verticale ed orizzontale;Sereno;Scarso;Buona;Ore Diurne;0;0;0;1;12.5367;41.9378;-1;1;Autovettura privata;In marcia / fermata / arresto;Conducente;F;Illeso;0;;;
4261222;4;06/03/2019 10:15:00;Strada Urbana;VIA DELLE ALPI APUANE;da specificare;;;;fronte civ. 5;Veicolo in marcia contro veicolo in sosta;Rettilineo;Una carreggiata a doppio senso;Asciutto;Asfaltata;Verticale ed orizzontale;Sereno;Scarso;Buona;Ore Diurne;0;0;0;1;12.5367;41.9378;-1;2;Autovettura privata;Sosta;;;;;;;
4261224;17;06/03/2019 22:45:00;Strada Urbana;VIA ANGELO EMO;in prossimità;;del civico n.;18;;Tamponamento Multiplo;Rettilineo;Due carreggiate;Asciutto;Asfaltata;Verticale ed orizzontale;Sereno;Scarso;Sufficiente;Sufficiente;0;0;0;6;12.448;41.9058;-1;1;Autovettura privata;In marcia / fermata / arresto;Conducente;M;Illeso;0;;;
4261224;17;06/03/2019 22:45:00;Strada Urbana;VIA ANGELO EMO;in prossimità;;del civico n.;18;;Tamponamento Multiplo;Rettilineo;Due carreggiate;Asciutto;Asfaltata;Verticale ed orizzontale;Sereno;Scarso;Sufficiente;Sufficiente;0;0;0;6;12.448;41.9058;-1;1;Autovettura privata;In marcia / fermata / arresto;Passeggero;M;Illeso;0;;;
4261224;17;06/03/2019 22:45:00;Strada Urbana;VIA ANGELO EMO;in prossimità;;del civico n.;18;;Tamponamento Multiplo;Rettilineo;Due carreggiate;Asciutto;Asfaltata;Verticale ed orizzontale;Sereno;Scarso;Sufficiente;Sufficiente;0;0;0;6;12.448;41.9058;-1;1;Autovettura privata;In marcia / fermata / arresto;Passeggero;F;Illeso;0;;;
4261224;17;06/03/2019 22:45:00;Strada Urbana;VIA ANGELO EMO;in prossimità;;del civico n.;18;;Tamponamento Multiplo;Rettilineo;Due carreggiate;Asciutto;Asfaltata;Verticale ed orizzontale;Sereno;Scarso;Sufficiente;Sufficiente;0;0;0;6;12.448;41.9058;-1;2;Autovettura privata;In marcia / fermata / arresto;Conducente;F;Illeso;0;;;
4261224;17;06/03/2019 22:45:00;Strada Urbana;VIA ANGELO EMO;in prossimità;;del civico n.;18;;Tamponamento Multiplo;Rettilineo;Due carreggiate;Asciutto;Asfaltata;Verticale ed orizzontale;Sereno;Scarso;Sufficiente;Sufficiente;0;0;0;6;12.448;41.9058;-1;3;Autovettura privata;In marcia / fermata / arresto;Conducente;M;Illeso;0;;;
4261224;17;06/03/2019 22:45:00;Strada Urbana;VIA ANGELO EMO;in prossimità;;del civico n.;18;;Tamponamento Multiplo;Rettilineo;Due carreggiate;Asciutto;Asfaltata;Verticale ed orizzontale;Sereno;Scarso;Sufficiente;Sufficiente;0;0;0;6;12.448;41.9058;-1;3;Autovettura privata;In marcia / fermata / arresto;Passeggero;F;Illeso;0;;;
4261230;18;06/03/2019 07:40:00;Strada Urbana;PIAZZA IRNERIO;in prossimità;;del civico n.;48;;Scontro laterale fra veicoli in marcia;Rettilineo;Due carreggiate;Asciutto;Asfaltata;Verticale ed orizzontale;Sereno;Intenso;Buona;Ore Diurne;0;0;0;3;12.4297;41.8983;-1;1;Motociclo a solo;In marcia / fermata / arresto;Conducente;M;Illeso;0;;;
4261230;18;06/03/2019 07:40:00;Strada Urbana;PIAZZA IRNERIO;in prossimità;;del civico n.;48;;Scontro laterale fra veicoli in marcia;Rettilineo;Due carreggiate;Asciutto;Asfaltata;Verticale ed orizzontale;Sereno;Intenso;Buona;Ore Diurne;0;0;0;3;12.4297;41.8983;-1;2;Autovettura privata;In marcia / fermata / arresto;Conducente;F;Illeso;0;;;
4261230;18;06/03/2019 07:40:00;Strada Urbana;PIAZZA IRNERIO;in prossimità;;del civico n.;48;;Scontro laterale fra veicoli in marcia;Rettilineo;Due carreggiate;Asciutto;Asfaltata;Verticale ed orizzontale;Sereno;Intenso;Buona;Ore Diurne;0;0;0;3;12.4297;41.8983;-1;2;Autovettura privata;In marcia / fermata / arresto;Passeggero;M;Illeso;0;;;
4261236;17;06/03/2019 16:25:00;Strada Urbana;VIA CICERONE;all'intersezione con;VIA ENNIO QUIRINO VISCONTI;VIA ENNIO QUIRINO VISCONTI;;;Scontro frontale/laterale DX fra veicoli in marcia;Incrocio;Una carreggiata a doppio senso;Asciutto;Asfaltata;Verticale ed orizzontale;Sereno;Normale;Buona;Ore Diurne;0;0;0;2;12.4686;41.9072;-1;1;Autovettura privata;In marcia / fermata / arresto;Conducente;M;Illeso;0;;;Inesploso
4261236;17;06/03/2019 16:25:00;Strada Urbana;VIA CICERONE;all'intersezione con;VIA ENNIO QUIRINO VISCONTI;VIA ENNIO QUIRINO VISCONTI;;;Scontro frontale/laterale DX fra veicoli in marcia;Incrocio;Una carreggiata a doppio senso;Asciutto;Asfaltata;Verticale ed orizzontale;Sereno;Normale;Buona;Ore Diurne;0;0;0;2;12.4686;41.9072;-1;2;Autobus urbano;In marcia / fermata / arresto;Conducente;M;Illeso;0;;Non accertato;Inesistente
4261270;4;06/03/2019 16:15:00;Provinciale entro l'abitato;VIA NOMENTANA;in prossimità;;del civico n.;745;;Scontro laterale fra veicoli in marcia;Rettilineo;Una carreggiata a doppio senso;Asciutto;Asfaltata;Orizzontale;Sereno;Intenso;Buona;Ore Diurne;2;0;0;3;12.5426;41.9379;-1;1;Motociclo con passeggero;In marcia / fermata / arresto;Conducente;M;Rimandato;0;NON DECEDUTO;;
4261270;4;06/03/2019 16:15:00;Provinciale entro l'abitato;VIA NOMENTANA;in prossimità;;del civico n.;745;;Scontro laterale fra veicoli in marcia;Rettilineo;Una carreggiata a doppio senso;Asciutto;Asfaltata;Orizzontale;Sereno;Intenso;Buona;Ore Diurne;2;0;0;3;12.5426;41.9379;-1;1;Motociclo con passeggero;In marcia / fermata / arresto;Passeggero;M;Rimandato;0;NON DECEDUTO;;
4261270;4;06/03/2019 16:15:00;Provinciale entro l'abitato;VIA NOMENTANA;in prossimità;;del civico n.;745;;Scontro laterale fra veicoli in marcia;Rettilineo;Una carreggiata a doppio senso;Asciutto;Asfaltata;Orizzontale;Sereno;Intenso;Buona;Ore Diurne;2;0;0;3;12.5426;41.9379;-1;2;Autovettura privata;In marcia / fermata / arresto;Conducente;M;Illeso;0;;;
4261270;4;06/03/2019 16:15:00;Provinciale entro l'abitato;VIA NOMENTANA;in prossimità;;del civico n.;745;;Scontro laterale fra veicoli in marcia;Rettilineo;Una carreggiata a doppio senso;Asciutto;Asfaltata;Orizzontale;Sereno;Intenso;Buona;Ore Diurne;2;0;0;3;12.5426;41.9379;-1;3;Autovettura privata;In marcia / fermata / arresto;Conducente;F;Illeso;0;;;
4261270;4;06/03/2019 16:15:00;Provinciale entro l'abitato;VIA NOMENTANA;in prossimità;;del civico n.;745;;Scontro laterale fra veicoli in marcia;Rettilineo;Una carreggiata a doppio senso;Asciutto;Asfaltata;Orizzontale;Sereno;Intenso;Buona;Ore Diurne;2;0;0;3;12.5426;41.9379;-1;3;Autovettura privata;In marcia / fermata / arresto;Passeggero;F;Illeso;0;;;
4261278;5;06/03/2019 09:00:00;Strada Urbana;VIA DI MARCO SIMONE;da specificare;;;;prossimità di Via L. Muratori;Scontro laterale fra veicoli in marcia;Rettilineo;Una carreggiata a doppio senso;Asciutto;Asfaltata;Orizzontale;Sereno;Normale;Buona;Ore Diurne;0;0;0;2;12.6448;41.9444;-1;1;Autoarticolato;In marcia / fermata / arresto;Conducente;M;Illeso;0;;Non accertato;Inesploso
4261278;5;06/03/2019 09:00:00;Strada Urbana;VIA DI MARCO SIMONE;da specificare;;;;prossimità di Via L. Muratori;Scontro laterale fra veicoli in marcia;Rettilineo;Una carreggiata a doppio senso;Asciutto;Asfaltata;Orizzontale;Sereno;Normale;Buona;Ore Diurne;0;0;0;2;12.6448;41.9444;-1;2;Autovettura privata;In marcia / fermata / arresto;Conducente;M;Illeso;0;;Non accertato;Inesploso
4261475;2;06/03/2019 09:05:00;Strada Urbana;VIA FILIPPO CIVININI;in prossimità;;del civico n.;83;;Veicolo in marcia contro veicolo in sosta;Rettilineo;Una carreggiata a doppio senso;Asciutto;Asfaltata;Verticale ed orizzontale;Sereno;Normale;Buona;Ore Diurne;0;0;0;1;12.4813;41.9257;-1;1;Autocarro inferiore 35 q.;Sosta;;;;;;;
4261475;2;06/03/2019 09:05:00;Strada Urbana;VIA FILIPPO CIVININI;in prossimità;;del civico n.;83;;Veicolo in marcia contro veicolo in sosta;Rettilineo;Una carreggiata a doppio senso;Asciutto;Asfaltata;Verticale ed orizzontale;Sereno;Normale;Buona;Ore Diurne;0;0;0;1;12.4813;41.9257;-1;2;Autovettura privata;In marcia / fermata / arresto;Conducente;F;Illeso;0;;Non accertato;Inesploso
4261478;2;06/03/2019 09:15:00;Strada Urbana;VIA BENACO;all'intersezione con;VIA DI VILLA ADA;VIA DI VILLA ADA;;;Tamponamento;Incrocio;Una carreggiata a senso unico di marcia;Asciutto;Asfaltata;Verticale ed orizzontale;Sereno;Scarso;Buona;Ore Diurne;0;0;0;2;12.5061;41.9239;-1;1;Autovettura privata;In marcia / fermata / arresto;Conducente;F;Illeso;0;;Non accertato;Inesploso
4261478;2;06/03/2019 09:15:00;Strada Urbana;VIA BENACO;all'intersezione con;VIA DI VILLA ADA;VIA DI VILLA ADA;;;Tamponamento;Incrocio;Una carreggiata a senso unico di marcia;Asciutto;Asfaltata;Verticale ed orizzontale;Sereno;Scarso;Buona;Ore Diurne;0;0;0;2;12.5061;41.9239;-1;2;Autovettura privata;In marcia / fermata / arresto;Conducente;M;Illeso;0;;Non accertato;Inesploso
4261480;2;06/03/2019 13:30:00;Strada Urbana;LUNGOTEVERE FLAMINIO;in prossimità;;del civico n.;70;;Tamponamento;Rettilineo;Una carreggiata a doppio senso;Asciutto;Asfaltata;Verticale ed orizzontale;Sereno;Intenso;Buona;Ore Diurne;0;0;0;3;12.4618;41.9262;-1;1;Autovettura privata;In marcia / fermata / arresto;Conducente;M;Illeso;0;;Non accertato;Inesploso
4261480;2;06/03/2019 13:30:00;Strada Urbana;LUNGOTEVERE FLAMINIO;in prossimità;;del civico n.;70;;Tamponamento;Rettilineo;Una carreggiata a doppio senso;Asciutto;Asfaltata;Verticale ed orizzontale;Sereno;Intenso;Buona;Ore Diurne;0;0;0;3;12.4618;41.9262;-1;1;Autovettura privata;In marcia / fermata / arresto;Passeggero;M;Illeso;0;;Non accertato;Inesploso
4261480;2;06/03/2019 13:30:00;Strada Urbana;LUNGOTEVERE FLAMINIO;in prossimità;;del civico n.;70;;Tamponamento;Rettilineo;Una carreggiata a doppio senso;Asciutto;Asfaltata;Verticale ed orizzontale;Sereno;Intenso;Buona;Ore Diurne;0;0;0;3;12.4618;41.9262;-1;2;Autovettura privata;In marcia / fermata / arresto;Conducente;M;Illeso;0;;Non accertato;Inesploso
4261480;2;06/03/2019 13:30:00;Strada Urbana;LUNGOTEVERE FLAMINIO;in prossimità;;del civico n.;70;;Tamponamento;Rettilineo;Una carreggiata a doppio senso;Asciutto;Asfaltata;Verticale ed orizzontale;Sereno;Intenso;Buona;Ore Diurne;0;0;0;3;12.4618;41.9262;-1;3;Autovettura privata;Sosta;;;;;;;
4261480;2;06/03/2019 13:30:00;Strada Urbana;LUNGOTEVERE FLAMINIO;in prossimità;;del civico n.;70;;Tamponamento;Rettilineo;Una carreggiata a doppio senso;Asciutto;Asfaltata;Verticale ed orizzontale;Sereno;Intenso;Buona;Ore Diurne;0;0;0;3;12.4618;41.9262;-1;4;Motociclo a solo;Sosta;;;;;;;
4261480;2;06/03/2019 13:30:00;Strada Urbana;LUNGOTEVERE FLAMINIO;in prossimità;;del civico n.;70;;Tamponamento;Rettilineo;Una carreggiata a doppio senso;Asciutto;Asfaltata;Verticale ed orizzontale;Sereno;Intenso;Buona;Ore Diurne;0;0;0;3;12.4618;41.9262;-1;5;Autovettura privata;Sosta;;;;;;;
4261484;2;06/03/2019 17:20:00;Strada Urbana;VIA SAVERIO MERCADANTE;in prossimità;;del civico n.;32;;Scontro laterale fra veicoli in marcia;Rettilineo;Una carreggiata a senso unico di marcia;Asciutto;Asfaltata;Verticale ed orizzontale;Sereno;Normale;Buona;Ore Diurne;0;0;0;2;12.4914;41.9186;-1;1;Autovettura privata;In marcia / fermata / arresto;Conducente;M;Illeso;0;;;
4261484;2;06/03/2019 17:20:00;Strada Urbana;VIA SAVERIO MERCADANTE;in prossimità;;del civico n.;32;;Scontro laterale fra veicoli in marcia;Rettilineo;Una carreggiata a senso unico di marcia;Asciutto;Asfaltata;Verticale ed orizzontale;Sereno;Normale;Buona;Ore Diurne;0;0;0;2;12.4914;41.9186;-1;2;Autovettura privata;In marcia / fermata / arresto;Conducente;M;Illeso;0;;;
4261491;2;06/03/2019 18:00:00;Strada Urbana;VIA APPENNINI;in prossimità;;del civico n.;38;;Veicolo in marcia contro veicoli in sosta;Rettilineo;Una carreggiata a senso unico di marcia;Asciutto;Asfaltata;Verticale ed orizzontale;Sereno;Scarso;Buona;Sufficiente;0;0;0;0;12.509;41.9178;-1;1;Autovettura privata;Sosta;;;;;;;
4261491;2;06/03/2019 18:00:00;Strada Urbana;VIA APPENNINI;in prossimità;;del civico n.;38;;Veicolo in marcia contro veicoli in sosta;Rettilineo;Una carreggiata a senso unico di marcia;Asciutto;Asfaltata;Verticale ed orizzontale;Sereno;Scarso;Buona;Sufficiente;0;0;0;0;12.509;41.9178;-1;2;Motociclo a solo;Sosta;;;;;;;
4261491;2;06/03/2019 18:00:00;Strada Urbana;VIA APPENNINI;in prossimità;;del civico n.;38;;Veicolo in marcia contro veicoli in sosta;Rettilineo;Una carreggiata a senso unico di marcia;Asciutto;Asfaltata;Verticale ed orizzontale;Sereno;Scarso;Buona;Sufficiente;0;0;0;0;12.509;41.9178;-1;3;Motociclo a solo;Sosta;;;;;;;
4261494;2;06/03/2019 19:10:00;Strada Urbana;CORSO D'ITALIA;in prossimità;;del civico n.;39-b;;Scontro laterale fra veicoli in marcia;Galleria illuminata;Due carreggiate;Asciutto;Asfaltata;Verticale ed orizzontale;Sereno;Normale;Sufficiente;Sufficiente;0;0;0;5;12.4959;41.9111;-1;1;Autovettura privata;In marcia / fermata / arresto;Conducente;M;Illeso;0;;;
4261494;2;06/03/2019 19:10:00;Strada Urbana;CORSO D'ITALIA;in prossimità;;del civico n.;39-b;;Scontro laterale fra veicoli in marcia;Galleria illuminata;Due carreggiate;Asciutto;Asfaltata;Verticale ed orizzontale;Sereno;Normale;Sufficiente;Sufficiente;0;0;0;5;12.4959;41.9111;-1;1;Autovettura privata;In marcia / fermata / arresto;Passeggero;F;Illeso;0;;;
4261494;2;06/03/2019 19:10:00;Strada Urbana;CORSO D'ITALIA;in prossimità;;del civico n.;39-b;;Scontro laterale fra veicoli in marcia;Galleria illuminata;Due carreggiate;Asciutto;Asfaltata;Verticale ed orizzontale;Sereno;Normale;Sufficiente;Sufficiente;0;0;0;5;12.4959;41.9111;-1;2;Autovettura privata;In marcia / fermata / arresto;Conducente;M;Illeso;0;;;
4261494;2;06/03/2019 19:10:00;Strada Urbana;CORSO D'ITALIA;in prossimità;;del civico n.;39-b;;Scontro laterale fra veicoli in marcia;Galleria illuminata;Due carreggiate;Asciutto;Asfaltata;Verticale ed orizzontale;Sereno;Normale;Sufficiente;Sufficiente;0;0;0;5;12.4959;41.9111;-1;2;Autovettura privata;In marcia / fermata / arresto;Passeggero;F;Illeso;0;;;
4261494;2;06/03/2019 19:10:00;Strada Urbana;CORSO D'ITALIA;in prossimità;;del civico n.;39-b;;Scontro laterale fra veicoli in marcia;Galleria illuminata;Due carreggiate;Asciutto;Asfaltata;Verticale ed orizzontale;Sereno;Normale;Sufficiente;Sufficiente;0;0;0;5;12.4959;41.9111;-1;2;Autovettura privata;In marcia / fermata / arresto;Passeggero;F;Illeso;0;;;
4261499;2;06/03/2019 22:40:00;Strada Urbana;PIAZZA EUCLIDE;da specificare;;;;FRONTE CHIESA;Veicolo in marcia contro veicoli in sosta;Curva a visuale libera;Una carreggiata a senso unico di marcia;Asciutto;Asfaltata;Verticale ed orizzontale;Sereno;Scarso;Buona;Sufficiente;0;0;0;2;12.4811;41.9269;-1;1;Autovettura privata;In marcia / fermata / arresto;Conducente;M;Illeso;0;;Non accertato;Inesploso
4261499;2;06/03/2019 22:40:00;Strada Urbana;PIAZZA EUCLIDE;da specificare;;;;FRONTE CHIESA;Veicolo in marcia contro veicoli in sosta;Curva a visuale libera;Una carreggiata a senso unico di marcia;Asciutto;Asfaltata;Verticale ed orizzontale;Sereno;Scarso;Buona;Sufficiente;0;0;0;2;12.4811;41.9269;-1;1;Autovettura privata;In marcia / fermata / arresto;Passeggero;M;Illeso;0;;Non accertato;Inesploso
4261499;2;06/03/2019 22:40:00;Strada Urbana;PIAZZA EUCLIDE;da specificare;;;;FRONTE CHIESA;Veicolo in marcia contro veicoli in sosta;Curva a visuale libera;Una carreggiata a senso unico di marcia;Asciutto;Asfaltata;Verticale ed orizzontale;Sereno;Scarso;Buona;Sufficiente;0;0;0;2;12.4811;41.9269;-1;2;Autovettura privata;Sosta;;;;;;;
4261499;2;06/03/2019 22:40:00;Strada Urbana;PIAZZA EUCLIDE;da specificare;;;;FRONTE CHIESA;Veicolo in marcia contro veicoli in sosta;Curva a visuale libera;Una carreggiata a senso unico di marcia;Asciutto;Asfaltata;Verticale ed orizzontale;Sereno;Scarso;Buona;Sufficiente;0;0;0;2;12.4811;41.9269;-1;3;Autovettura privata;Sosta;;;;;;;
4261502;2;07/03/2019 02:35:00;Strada Urbana;CIRCONVALLAZIONE SALARIA;in corrispondenza;;del palo luce n.;0512/AB3119;;Veicolo in marcia contro ostacolo fisso;Curva a visuale libera;Due carreggiate;Asciutto;Asfaltata;Verticale ed orizzontale;Sereno;Scarso;Sufficiente;Sufficiente;1;0;0;0;12.5207;41.9347;-1;1;Autovettura privata;In marcia / fermata / arresto;Conducente;M;Ricoverato;0;NON DECEDUTO;Non accertato;Esploso
4261536;2;05/03/2019 17:30:00;Strada Urbana;VIALE DEL VIGNOLA;in prossimità;;del civico n.;3D;;Veicolo in marcia contro veicolo in sosta;Rettilineo;Due carreggiate;Asciutto;Asfaltata;Verticale ed orizzontale;Sereno;Normale;Buona;Ore Diurne;0;0;0;1;12.4705;41.9242;-1;1;Autovettura privata;In marcia / fermata / arresto;Conducente;M;Illeso;0;;Non accertato;Inesploso
4261536;2;05/03/2019 17:30:00;Strada Urbana;VIALE DEL VIGNOLA;in prossimità;;del civico n.;3D;;Veicolo in marcia contro veicolo in sosta;Rettilineo;Due carreggiate;Asciutto;Asfaltata;Verticale ed orizzontale;Sereno;Normale;Buona;Ore Diurne;0;0;0;1;12.4705;41.9242;-1;2;Autovettura privata;Sosta;;;;;;;
4261537;5;06/03/2019 15:10:00;Strada Urbana;VIA FABRIANO;in prossimità;;del civico n.;92/96;;Investimento di pedone;Rettilineo;Una carreggiata a doppio senso;Asciutto;Asfaltata;Verticale;Sereno;Normale;Buona;Ore Diurne;1;0;0;1;12.5852;41.9414;-1;;;;Pedone;M;Rimandato;0;NON DECEDUTO;;
4261537;5;06/03/2019 15:10:00;Strada Urbana;VIA FABRIANO;in prossimità;;del civico n.;92/96;;Investimento di pedone;Rettilineo;Una carreggiata a doppio senso;Asciutto;Asfaltata;Verticale;Sereno;Normale;Buona;Ore Diurne;1;0;0;1;12.5852;41.9414;-1;1;Autovettura privata;In marcia / fermata / arresto;Conducente;M;Illeso;0;;Non accertato;Inesploso
4261567;5;06/03/2019 17:00:00;Strada Urbana;VIA TIBURTINA;in corrispondenza;;del civico n.;912;;Veicolo in marcia contro ostacolo accidentale;Rettilineo;Due carreggiate;Asciutto;Asfaltata;Verticale;Sereno;Normale;Buona;Ore Diurne;1;0;0;0;12.5704;41.9242;-1;1;Motociclo a solo;In marcia / fermata / arresto;Conducente;F;Rimandato;0;NON DECEDUTO;Non accertato;
4261578;13;07/03/2019 08:50:00;Strada Urbana;VIALE PAOLO ORLANDO;in prossimità;;del civico n.;37;;Scontro laterale fra veicoli in marcia;Rettilineo;Due carreggiate;Asciutto;Asfaltata;Assente;Sereno;Intenso;Buona;Ore Diurne;1;0;0;1;12.2862;41.731;-1;1;Autovettura privata;In marcia / fermata / arresto;Conducente;F;Illeso;0;;Non accertato;Inesploso
4261578;13;07/03/2019 08:50:00;Strada Urbana;VIALE PAOLO ORLANDO;in prossimità;;del civico n.;37;;Scontro laterale fra veicoli in marcia;Rettilineo;Due carreggiate;Asciutto;Asfaltata;Assente;Sereno;Intenso;Buona;Ore Diurne;1;0;0;1;12.2862;41.731;-1;2;Motociclo a solo;In marcia / fermata / arresto;Conducente;M;Rimandato;0;NON DECEDUTO;Non accertato;
4261583;5;06/03/2019 12:20:00;Strada Urbana;VIALE KANT;da specificare;;;;prossimità Viale Marx;Scontro laterale fra veicoli in marcia;Rettilineo;Una carreggiata a doppio senso;Asciutto;Asfaltata;Verticale ed orizzontale;Sereno;Normale;Buona;Ore Diurne;2;0;0;2;12.5541;41.9354;-1;1;Autovettura privata;In marcia / fermata / arresto;Conducente;M;Illeso;0;;Non accertato;
4261583;5;06/03/2019 12:20:00;Strada Urbana;VIALE KANT;da specificare;;;;prossimità Viale Marx;Scontro laterale fra veicoli in marcia;Rettilineo;Una carreggiata a doppio senso;Asciutto;Asfaltata;Verticale ed orizzontale;Sereno;Normale;Buona;Ore Diurne;2;0;0;2;12.5541;41.9354;-1;1;Autovettura privata;In marcia / fermata / arresto;Passeggero;F;Illeso;0;;Non accertato;
4261583;5;06/03/2019 12:20:00;Strada Urbana;VIALE KANT;da specificare;;;;prossimità Viale Marx;Scontro laterale fra veicoli in marcia;Rettilineo;Una carreggiata a doppio senso;Asciutto;Asfaltata;Verticale ed orizzontale;Sereno;Normale;Buona;Ore Diurne;2;0;0;2;12.5541;41.9354;-1;2;Motociclo con passeggero;In marcia / fermata / arresto;Conducente;M;Rimandato;0;NON DECEDUTO;Esente;
4261583;5;06/03/2019 12:20:00;Strada Urbana;VIALE KANT;da specificare;;;;prossimità Viale Marx;Scontro laterale fra veicoli in marcia;Rettilineo;Una carreggiata a doppio senso;Asciutto;Asfaltata;Verticale ed orizzontale;Sereno;Normale;Buona;Ore Diurne;2;0;0;2;12.5541;41.9354;-1;2;Motociclo con passeggero;In marcia / fermata / arresto;Passeggero;F;Rimandato;0;NON DECEDUTO;Non accertato;
4261593;8;06/03/2019 10:30:00;Strada Urbana;VIA DON PRIMO MAZZOLARI;da specificare;;;;prossimità Via C. Usai;Veicolo in marcia contro veicolo in sosta;Rettilineo;Una carreggiata a doppio senso;Asciutto;Asfaltata;Verticale ed orizzontale;Sereno;Normale;Buona;Ore Diurne;0;0;0;3;12.6729;41.8962;-1;1;Autovettura privata;In marcia / fermata / arresto;Conducente;M;Illeso;0;;Non accertato;Inesploso
4261593;8;06/03/2019 10:30:00;Strada Urbana;VIA DON PRIMO MAZZOLARI;da specificare;;;;prossimità Via C. Usai;Veicolo in marcia contro veicolo in sosta;Rettilineo;Una carreggiata a doppio senso;Asciutto;Asfaltata;Verticale ed orizzontale;Sereno;Normale;Buona;Ore Diurne;0;0;0;3;12.6729;41.8962;-1;1;Autovettura privata;In marcia / fermata / arresto;Passeggero;F;Illeso;0;;Non accertato;Inesploso
4261593;8;06/03/2019 10:30:00;Strada Urbana;VIA DON PRIMO MAZZOLARI;da specificare;;;;prossimità Via C. Usai;Veicolo in marcia contro veicolo in sosta;Rettilineo;Una carreggiata a doppio senso;Asciutto;Asfaltata;Verticale ed orizzontale;Sereno;Normale;Buona;Ore Diurne;0;0;0;3;12.6729;41.8962;-1;1;Autovettura privata;In marcia / fermata / arresto;Passeggero;F;Illeso;0;;Non accertato;Inesploso