Protocollo;Gruppo;DataOraIncidente;Localizzazione1;STRADA1;Localizzazione2;STRADA2;Strada02;Chilometrica;DaSpecificare;NaturaIncidente;particolaritastrade;TipoStrada;FondoStradale;Pavimentazione;Segnaletica;CondizioneAtmosferica;Traffico;Visibilita;Illuminazione;NUM_FERITI;NUM_RISERVATA;NUM_MORTI;NUM_ILLESI;Longitudine;Latitudine;Confermato;Progressivo;TipoVeicolo;StatoVeicolo;TipoPersona;Sesso;Tipolesione;Deceduto;DecedutoDopo;CinturaCascoUtilizzato;Airbag;
4264336;1;08/03/2019 14:20:00;Strada Urbana;VIA DEL CIRCO MASSIMO;all'intersezione semaforizzata con;VIA DELL'ARA MASSIMA DI ERCOLE;VIA DELL'ARA MASSIMA DI ERCOLE;;;Tamponamento;Incrocio;Una carreggiata a doppio senso;Asciutto;Asfaltata;Verticale ed orizzontale;Sereno;Normale;Buona;Ore Diurne;0;0;0;3;12.4852;41.8853;-1;2;Motociclo a solo;In marcia / fermata / arresto;Conducente;M;Illeso;0;;;
4264377;12;08/03/2019 14:10:00;Strada Urbana;VIA DI DECIMA;all'intersezione semaforizzata con;VIALE CAMILLO SABATINI;VIALE CAMILLO SABATINI;;;Scontro laterale fra veicoli in marcia;Intersezione semaforizzata;Una carreggiata a doppio senso;Asciutto;Asfaltata;Verticale ed orizzontale;Sereno;Normale;Buona;Ore Diurne;1;0;0;3;12.4437;41.821;-1;1;Autovettura privata;In marcia / fermata / arresto;Conducente;F;Illeso;0;;Non accertato;Inesploso
4264377;12;08/03/2019 14:10:00;Strada Urbana;VIA DI DECIMA;all'intersezione semaforizzata con;VIALE CAMILLO SABATINI;VIALE CAMILLO SABATINI;;;Scontro laterale fra veicoli in marcia;Intersezione semaforizzata;Una carreggiata a doppio senso;Asciutto;Asfaltata;Verticale ed orizzontale;Sereno;Normale;Buona;Ore Diurne;1;0;0;3;12.4437;41.821;-1;1;Autovettura privata;In marcia / fermata / arresto;Passeggero;F;Illeso;0;;Non accertato;Inesploso
4264377;12;08/03/2019 14:10:00;Strada Urbana;VIA DI DECIMA;all'intersezione semaforizzata con;VIALE CAMILLO SABATINI;VIALE CAMILLO SABATINI;;;Scontro laterale fra veicoli in marcia;Intersezione semaforizzata;Una carreggiata a doppio senso;Asciutto;Asfaltata;Verticale ed orizzontale;Sereno;Normale;Buona;Ore Diurne;1;0;0;3;12.4437;41.821;-1;1;Autovettura privata;In marcia / fermata / arresto;Passeggero;M;Illeso;0;;Non accertato;Inesploso
4264377;12;08/03/2019 14:10:00;Strada Urbana;VIA DI DECIMA;all'intersezione semaforizzata con;VIALE CAMILLO SABATINI;VIALE CAMILLO SABATINI;;;Scontro laterale fra veicoli in marcia;Intersezione semaforizzata;Una carreggiata a doppio senso;Asciutto;Asfaltata;Verticale ed orizzontale;Sereno;Normale;Buona;Ore Diurne;1;0;0;3;12.4437;41.821;-1;2;Motociclo a solo;In marcia / fermata / arresto;Conducente;M;Rimandato;0;NON DECEDUTO;Non accertato;
4264402;1;08/03/2019 08:30:00;Strada Urbana;PIAZZA VENEZIA;in prossimità;;del civico n.;15;;Scontro laterale fra veicoli in marcia;Rettilineo;Una carreggiata a senso unico di marcia;Asciutto;In cubetti di porfido;Verticale ed orizzontale;Nuvoloso;Intenso;Buona;Ore Diurne;0;0;0;2;12.4829;41.8961;-1;1;Autovettura privata;In marcia / fermata / arresto;Conducente;F;Illeso;0;;Non accertato;Inesploso
4264402;1;08/03/2019 08:30:00;Strada Urbana;PIAZZA VENEZIA;in prossimità;;del civico n.;15;;Scontro laterale fra veicoli in marcia;Rettilineo;Una carreggiata a senso unico di marcia;Asciutto;In cubetti di porfido;Verticale ed orizzontale;Nuvoloso;Intenso;Buona;Ore Diurne;0;0;0;2;12.4829;41.8961;-1;2;Autovettura privata;In marcia / fermata / arresto;Conducente;F;Illeso;0;;Non accertato;Inesploso
4264404;1;08/03/2019 15:45:00;Strada Urbana;PIAZZALE NUMA POMPILIO;all'intersezione semaforizzata con;VIALE DELLE TERME DI CARACALLA;VIALE DELLE TERME DI CARACALLA;;;Scontro laterale fra veicoli in marcia;Intersezione semaforizzata;Una carreggiata a doppio senso;Asciutto;Asfaltata;Verticale ed orizzontale;Nuvoloso;Intenso;Buona;Ore Diurne;0;0;0;3;12.4957;41.8796;-1;1;Autovettura privata;In marcia / fermata / arresto;Conducente;F;Illeso;0;;Non accertato;
4264404;1;08/03/2019 15:45:00;Strada Urbana;PIAZZALE NUMA POMPILIO;all'intersezione semaforizzata con;VIALE DELLE TERME DI CARACALLA;VIALE DELLE TERME DI CARACALLA;;;Scontro laterale fra veicoli in marcia;Intersezione semaforizzata;Una carreggiata a doppio senso;Asciutto;Asfaltata;Verticale ed orizzontale;Nuvoloso;Intenso;Buona;Ore Diurne;0;0;0;3;12.4957;41.8796;-1;2;Autocarro inferiore 35 q.;In marcia / fermata / arresto;Conducente;M;Illeso;0;;Non accertato;
4264404;1;08/03/2019 15:45:00;Strada Urbana;PIAZZALE NUMA POMPILIO;all'intersezione semaforizzata con;VIALE DELLE TERME DI CARACALLA;VIALE DELLE TERME DI CARACALLA;;;Scontro laterale fra veicoli in marcia;Intersezione semaforizzata;Una carreggiata a doppio senso;Asciutto;Asfaltata;Verticale ed orizzontale;Nuvoloso;Intenso;Buona;Ore Diurne;0;0;0;3;12.4957;41.8796;-1;2;Autocarro inferiore 35 q.;In marcia / fermata / arresto;Passeggero;M;Illeso;0;;;
4264419;15;08/03/2019 12:50:00;Strada Urbana;VIALE VICOPISANO;da specificare;;;;prossimità Via dell'Impruneta;Scontro laterale fra veicoli in marcia;Rettilineo;Due carreggiate;Asciutto;Asfaltata;Verticale ed orizzontale;Sereno;Scarso;Buona;Ore Diurne;0;0;0;2;12.4596;41.8465;-1;1;Autovettura privata;In marcia / fermata / arresto;Conducente;F;Illeso;0;;Non accertato;Inesploso
4264419;15;08/03/2019 12:50:00;Strada Urbana;VIALE VICOPISANO;da specificare;;;;prossimità Via dell'Impruneta;Scontro laterale fra veicoli in marcia;Rettilineo;Due carreggiate;Asciutto;Asfaltata;Verticale ed orizzontale;Sereno;Scarso;Buona;Ore Diurne;0;0;0;2;12.4596;41.8465;-1;2;Autocarro inferiore 35 q.;In marcia / fermata / arresto;Conducente;M;Illeso;0;;Non accertato;Inesploso
4264424;1;07/03/2019 21:30:00;Strada Urbana;VIA DI S. MARCO;all'intersezione semaforizzata con;PIAZZA DELL'ARA COELI;PIAZZA DELL'ARA COELI;;;Scontro frontale/laterale SX fra veicoli in marcia;Intersezione semaforizzata;Una carreggiata a senso unico di marcia;Asciutto;Asfaltata;Verticale ed orizzontale;Sereno;Scarso;Sufficiente;Sufficiente;1;0;0;1;12.4808;41.895;-1;1;Autovettura pubblica;In marcia / fermata / arresto;Conducente;M;Illeso;0;;;
4264424;1;07/03/2019 21:30:00;Strada Urbana;VIA DI S. MARCO;all'intersezione semaforizzata con;PIAZZA DELL'ARA COELI;PIAZZA DELL'ARA COELI;;;Scontro frontale/laterale SX fra veicoli in marcia;Intersezione semaforizzata;Una carreggiata a senso unico di marcia;Asciutto;Asfaltata;Verticale ed orizzontale;Sereno;Scarso;Sufficiente;Sufficiente;1;0;0;1;12.4808;41.895;-1;2;Velocipede;In marcia / fermata / arresto;Conducente;M;Rimandato;0;NON DECEDUTO;Esente;
4264435;6;08/03/2019 16:45:00;Strada Urbana;VIA SAMPIERO DI BASTELICA;in corrispondenza;;del civico n.;18;;Veicolo in marcia contro veicolo in sosta;Rettilineo;Una carreggiata a senso unico di marcia;Asciutto;Asfaltata;Verticale ed orizzontale;Sereno;Normale;Buona;Sufficiente;0;0;0;1;12.5373;41.8905;-1;1;Autovettura privata;In marcia / fermata / arresto;Conducente;F;Illeso;0;;Non accertato;
4264435;6;08/03/2019 16:45:00;Strada Urbana;VIA SAMPIERO DI BASTELICA;in corrispondenza;;del civico n.;18;;Veicolo in marcia contro veicolo in sosta;Rettilineo;Una carreggiata a senso unico di marcia;Asciutto;Asfaltata;Verticale ed orizzontale;Sereno;Normale;Buona;Sufficiente;0;0;0;1;12.5373;41.8905;-1;2;Autovettura privata;Sosta;;;;;;;
4264448;1;08/03/2019 12:05:00;Strada Urbana;PIAZZA DI S. GIOVANNI IN LATERANO;all'intersezione con;VIA MERULANA;VIA MERULANA;;;Scontro laterale fra veicoli in marcia;Incrocio;Una carreggiata a doppio senso;Asciutto;Asfaltata;Verticale ed orizzontale;Sereno;Normale;Buona;Ore Diurne;0;0;0;2;12.5046;41.8872;-1;1;Autovettura privata;In marcia / fermata / arresto;Conducente;M;Illeso;0;;Utilizzato;Inesploso
4264448;1;08/03/2019 12:05:00;Strada Urbana;PIAZZA DI S. GIOVANNI IN LATERANO;all'intersezione con;VIA MERULANA;VIA MERULANA;;;Scontro laterale fra veicoli in marcia;Incrocio;Una carreggiata a doppio senso;Asciutto;Asfaltata;Verticale ed orizzontale;Sereno;Normale;Buona;Ore Diurne;0;0;0;2;12.5046;41.8872;-1;2;Autovettura privata;In marcia / fermata / arresto;Conducente;M;Illeso;0;;Utilizzato;Inesploso
4264550;15;08/03/2019 14:00:00;Strada Urbana;VIA ETTORE PALADINI;da specificare;;;;prossimità civico 12;Scontro frontale fra veicoli in marcia;Rettilineo;Una carreggiata a senso unico di marcia;Asciutto;Asfaltata;Orizzontale;Sereno;Scarso;Buona;Ore Diurne;0;0;0;2;12.4597;41.8639;-1;1;Autovettura privata;In marcia / fermata / arresto;Conducente;M;Illeso;0;;Utilizzato;Inesploso
4264550;15;08/03/2019 14:00:00;Strada Urbana;VIA ETTORE PALADINI;da specificare;;;;prossimità civico 12;Scontro frontale fra veicoli in marcia;Rettilineo;Una carreggiata a senso unico di marcia;Asciutto;Asfaltata;Orizzontale;Sereno;Scarso;Buona;Ore Diurne;0;0;0;2;12.4597;41.8639;-1;2;Autovettura privata;In marcia / fermata / arresto;Conducente;F;Illeso;0;;Utilizzato;Inesploso
4264559;10;08/03/2019 11:30:00;Strada Urbana;VIA DELL'AEROPORTO;all'intersezione con;VIA FLAVIO STILICONE;VIA FLAVIO STILICONE;;;Scontro laterale fra veicoli in marcia;Incrocio;Una carreggiata a senso unico di marcia;Asciutto;Asfaltata;Verticale ed orizzontale;Nuvoloso;Normale;Buona;Ore Diurne;0;0;0;2;12.5556;41.8618;-1;1;Autovettura privata;In marcia / fermata / arresto;Conducente;M;Illeso;0;;Non accertato;Inesistente
4264559;10;08/03/2019 11:30:00;Strada Urbana;VIA DELL'AEROPORTO;all'intersezione con;VIA FLAVIO STILICONE;VIA FLAVIO STILICONE;;;Scontro laterale fra veicoli in marcia;Incrocio;Una carreggiata a senso unico di marcia;Asciutto;Asfaltata;Verticale ed orizzontale;Nuvoloso;Normale;Buona;Ore Diurne;0;0;0;2;12.5556;41.8618;-1;2;Autovettura privata;In marcia / fermata / arresto;Conducente;M;Illeso;0;;Non accertato;Inesploso
4264869;11;08/03/2019 21:10:00;Strada Urbana;VIA COSTANZO CLORO;all'intersezione con;VIALE LEONARDO DA VINCI;VIALE LEONARDO DA VINCI;;;Investimento di pedone;Incrocio;Una carreggiata a doppio senso;Asciutto;Asfaltata;Verticale ed orizzontale;Sereno;Normale;Buona;Sufficiente;2;0;0;2;12.4809;41.8584;-1;;;;Pedone;M;Rimandato;0;NON DECEDUTO;;
4264869;11;08/03/2019 21:10:00;Strada Urbana;VIA COSTANZO CLORO;all'intersezione con;VIALE LEONARDO DA VINCI;VIALE LEONARDO DA VINCI;;;Investimento di pedone;Incrocio;Una carreggiata a doppio senso;Asciutto;Asfaltata;Verticale ed orizzontale;Sereno;Normale;Buona;Sufficiente;2;0;0;2;12.4809;41.8584;-1;1;Autovettura privata;In marcia / fermata / arresto;Conducente;M;Illeso;0;;Non accertato;
4264869;11;08/03/2019 21:10:00;Strada Urbana;VIA COSTANZO CLORO;all'intersezione con;VIALE LEONARDO DA VINCI;VIALE LEONARDO DA VINCI;;;Investimento di pedone;Incrocio;Una carreggiata a doppio senso;Asciutto;Asfaltata;Verticale ed orizzontale;Sereno;Normale;Buona;Sufficiente;2;0;0;2;12.4809;41.8584;-1;1;Autovettura privata;In marcia / fermata / arresto;Passeggero;M;Illeso;0;;Non accertato;Inesploso
4264885;1;07/03/2019 18:30:00;Strada Urbana;VIA DEI LATERANI;all'intersezione semaforizzata con;VIA DELL'AMBA ARADAM;VIA DELL'AMBA ARADAM;;;Scontro laterale fra veicoli in marcia;Intersezione semaforizzata;Una carreggiata a senso unico di marcia;Asciutto;Asfaltata;Verticale ed orizzontale;Sereno;Normale;Buona;Sufficiente;0;0;0;2;12.5031;41.8841;-1;1;Autovettura privata;In marcia / fermata / arresto;Conducente;F;Illeso;0;;Non accertato;
4264885;1;07/03/2019 18:30:00;Strada Urbana;VIA DEI LATERANI;all'intersezione semaforizzata con;VIA DELL'AMBA ARADAM;VIA DELL'AMBA ARADAM;;;Scontro laterale fra veicoli in marcia;Intersezione semaforizzata;Una carreggiata a senso unico di marcia;Asciutto;Asfaltata;Verticale ed orizzontale;Sereno;Normale;Buona;Sufficiente;0;0;0;2;12.5031;41.8841;-1;2;Autobus turistico;In marcia / fermata / arresto;Conducente;M;Illeso;0;;Non accertato;
4264890;13;08/03/2019 18:50:00;Strada Urbana;VIALE DELLA VITTORIA;da specificare;;;;cavalcavia;Veicolo in marcia contro veicolo arresto;Cavalcavia;Una carreggiata a doppio senso;Asciutto;Asfaltata;Verticale ed orizzontale;Sereno;Normale;Buona;Ore Diurne;3;0;0;2;12.289;41.7309;-1;;;;Pedone;F;Rimandato;0;NON DECEDUTO;;
4264890;13;08/03/2019 18:50:00;Strada Urbana;VIALE DELLA VITTORIA;da specificare;;;;cavalcavia;Veicolo in marcia contro veicolo arresto;Cavalcavia;Una carreggiata a doppio senso;Asciutto;Asfaltata;Verticale ed orizzontale;Sereno;Normale;Buona;Ore Diurne;3;0;0;2;12.289;41.7309;-1;1;Autovettura privata;In marcia / fermata / arresto;Conducente;F;Rimandato;0;NON DECEDUTO;Non accertato;Esploso
4264890;13;08/03/2019 18:50:00;Strada Urbana;VIALE DELLA VITTORIA;da specificare;;;;cavalcavia;Veicolo in marcia contro veicolo arresto;Cavalcavia;Una carreggiata a doppio senso;Asciutto;Asfaltata;Verticale ed orizzontale;Sereno;Normale;Buona;Ore Diurne;3;0;0;2;12.289;41.7309;-1;2;Autovettura privata;In marcia / fermata / arresto;Conducente;M;Illeso;0;;Non accertato;Inesploso
4264890;13;08/03/2019 18:50:00;Strada Urbana;VIALE DELLA VITTORIA;da specificare;;;;cavalcavia;Veicolo in marcia contro veicolo arresto;Cavalcavia;Una carreggiata a doppio senso;Asciutto;Asfaltata;Verticale ed orizzontale;Sereno;Normale;Buona;Ore Diurne;3;0;0;2;12.289;41.7309;-1;2;Autovettura privata;In marcia / fermata / arresto;Passeggero;F;Illeso;0;;Non accertato;Inesploso
4264897;10;09/03/2019 06:00:00;Strada Urbana;VIALE BRUNO PELIZZI;da specificare;;;;dir. torre spaccata 100 mt prima del civ. 31;Ribaltamento senza urto contro ostacolo fisso;Curva senza visuale libera;Una carreggiata a senso unico di marcia;Asciutto;Asfaltata;Orizzontale;Sereno;Scarso;Sufficiente;Sufficiente;2;0;0;0;12.584;41.8564;-1;1;Autovettura privata;In marcia / fermata / arresto;Conducente;M;Rimandato;0;NON DECEDUTO;Non accertato;Esploso
4264897;10;09/03/2019 06:00:00;Strada Urbana;VIALE BRUNO PELIZZI;da specificare;;;;dir. torre spaccata 100 mt prima del civ. 31;Ribaltamento senza urto contro ostacolo fisso;Curva senza visuale libera;Una carreggiata a senso unico di marcia;Asciutto;Asfaltata;Orizzontale;Sereno;Scarso;Sufficiente;Sufficiente;2;0;0;0;12.584;41.8564;-1;1;Autovettura privata;In marcia / fermata / arresto;Passeggero;M;Rimandato;0;NON DECEDUTO;Non accertato;Esploso
4264925;13;08/03/2019 21:20:00;Strada Urbana;VIA DI MACCHIA SAPONARA;in prossimità;;del civico n.;144D;;Veicolo in marcia contro ostacolo accidentale;Rettilineo;Una carreggiata a doppio senso;Asciutto;Asfaltata;Assente;Sereno;Normale;Sufficiente;Sufficiente;0;0;0;1;12.3595;41.7642;-1;1;Autovettura privata;In marcia / fermata / arresto;Conducente;M;Illeso;0;;Non accertato;Inesploso
4264926;11;09/03/2019 02:00:00;Strada Urbana;VIA LAURENTINA;in prossimità;;del civico n.;86;;Tamponamento;Rettilineo;Due carreggiate;Asciutto;Asfaltata;Verticale ed orizzontale;Sereno;Scarso;Sufficiente;Sufficiente;1;0;0;1;12.4806;41.8425;-1;1;Autovettura privata;In marcia / fermata / arresto;Conducente;M;Illeso;0;;;
4264926;11;09/03/2019 02:00:00;Strada Urbana;VIA LAURENTINA;in prossimità;;del civico n.;86;;Tamponamento;Rettilineo;Due carreggiate;Asciutto;Asfaltata;Verticale ed orizzontale;Sereno;Scarso;Sufficiente;Sufficiente;1;0;0;1;12.4806;41.8425;-1;2;Autovettura privata;In marcia / fermata / arresto;Conducente;M;Rimandato;0;NON DECEDUTO;Non accertato;
4264927;1;08/03/2019 16:30:00;Strada Urbana;PIAZZA VITTORIO EMANUELE II;in corrispondenza;;del civico n.;110;;Tamponamento;Rettilineo;Una carreggiata a doppio senso;Asciutto;Asfaltata;Verticale ed orizzontale;Nuvoloso;Intenso;Buona;Ore Diurne;0;0;0;4;12.5037;41.894;-1;1;Autovettura privata;In marcia / fermata / arresto;Conducente;M;Illeso;0;;Non accertato;Inesploso
4264927;1;08/03/2019 16:30:00;Strada Urbana;PIAZZA VITTORIO EMANUELE II;in corrispondenza;;del civico n.;110;;Tamponamento;Rettilineo;Una carreggiata a doppio senso;Asciutto;Asfaltata;Verticale ed orizzontale;Nuvoloso;Intenso;Buona;Ore Diurne;0;0;0;4;12.5037;41.894;-1;1;Autovettura privata;In marcia / fermata / arresto;Passeggero;M;Illeso;0;;Non accertato;Inesploso
4264927;1;08/03/2019 16:30:00;Strada Urbana;PIAZZA VITTORIO EMANUELE II;in corrispondenza;;del civico n.;110;;Tamponamento;Rettilineo;Una carreggiata a doppio senso;Asciutto;Asfaltata;Verticale ed orizzontale;Nuvoloso;Intenso;Buona;Ore Diurne;0;0;0;4;12.5037;41.894;-1;1;Autovettura privata;In marcia / fermata / arresto;Passeggero;M;Illeso;0;;Non accertato;Inesploso
4264927;1;08/03/2019 16:30:00;Strada Urbana;PIAZZA VITTORIO EMANUELE II;in corrispondenza;;del civico n.;110;;Tamponamento;Rettilineo;Una carreggiata a doppio senso;Asciutto;Asfaltata;Verticale ed orizzontale;Nuvoloso;Intenso;Buona;Ore Diurne;0;0;0;4;12.5037;41.894;-1;2;Autovettura privata;In marcia / fermata / arresto;Conducente;M;Illeso;0;;Non accertato;Inesploso
4264929;6;08/03/2019 18:56:00;Strada Urbana;VIALE DELLA VENEZIA GIULIA;da specificare;;;;fronte civico 143;Scontro frontale/laterale DX fra veicoli in marcia;Rettilineo;Una carreggiata a doppio senso;Asciutto;Asfaltata;Orizzontale;Sereno;Normale;Sufficiente;Sufficiente;1;0;0;1;12.5544;41.8965;-1;1;Autovettura privata;In marcia / fermata / arresto;Conducente;M;Illeso;0;;;
4264929;6;08/03/2019 18:56:00;Strada Urbana;VIALE DELLA VENEZIA GIULIA;da specificare;;;;fronte civico 143;Scontro frontale/laterale DX fra veicoli in marcia;Rettilineo;Una carreggiata a doppio senso;Asciutto;Asfaltata;Orizzontale;Sereno;Normale;Sufficiente;Sufficiente;1;0;0;1;12.5544;41.8965;-1;2;Motociclo a solo;In marcia / fermata / arresto;Conducente;M;Rimandato;0;NON DECEDUTO;Non accertato;
4264934;20;08/03/2019 12:50:00;Strada Urbana;VIALE ANTONINO DI SAN GIULIANO;all'intersezione semaforizzata con;PIAZZALE DELLA FARNESINA;PIAZZALE DELLA FARNESINA;;;Scontro frontale/laterale SX fra veicoli in marcia;Intersezione semaforizzata;Due carreggiate;Asciutto;Asfaltata;Verticale ed orizzontale;Sereno;Intenso;Buona;Ore Diurne;1;0;0;1;12.4605;41.9372;-1;1;Autocarro inferiore 35 q.;In marcia / fermata / arresto;Conducente;M;Illeso;0;;Non accertato;
4264934;20;08/03/2019 12:50:00;Strada Urbana;VIALE ANTONINO DI SAN GIULIANO;all'intersezione semaforizzata con;PIAZZALE DELLA FARNESINA;PIAZZALE DELLA FARNESINA;;;Scontro frontale/laterale SX fra veicoli in marcia;Intersezione semaforizzata;Due carreggiate;Asciutto;Asfaltata;Verticale ed orizzontale;Sereno;Intenso;Buona;Ore Diurne;1;0;0;1;12.4605;41.9372;-1;2;Quadriciclo leggero;In marcia / fermata / arresto;Conducente;M;Rimandato;0;NON DECEDUTO;Non accertato;
4264963;13;08/03/2019 21:15:00;Strada Urbana;VIALE DELLA VITTORIA;all'intersezione con;CORSO REGINA MARIA PIA;CORSO REGINA MARIA PIA;;;Scontro laterale fra veicoli in marcia;Rotatoria;Una carreggiata a senso unico di marcia;Asciutto;Asfaltata;Verticale ed orizzontale;Sereno;Scarso;Buona;Sufficiente;0;0;0;3;12.288;41.7293;-1;1;Autovettura privata;In marcia / fermata / arresto;Conducente;M;Illeso;0;;Non accertato;Inesploso
4264963;13;08/03/2019 21:15:00;Strada Urbana;VIALE DELLA VITTORIA;all'intersezione con;CORSO REGINA MARIA PIA;CORSO REGINA MARIA PIA;;;Scontro laterale fra veicoli in marcia;Rotatoria;Una carreggiata a senso unico di marcia;Asciutto;Asfaltata;Verticale ed orizzontale;Sereno;Scarso;Buona;Sufficiente;0;0;0;3;12.288;41.7293;-1;1;Autovettura privata;In marcia / fermata / arresto;Passeggero;M;Illeso;0;;Non accertato;Inesploso
4264963;13;08/03/2019 21:15:00;Strada Urbana;VIALE DELLA VITTORIA;all'intersezione con;CORSO REGINA MARIA PIA;CORSO REGINA MARIA PIA;;;Scontro laterale fra veicoli in marcia;Rotatoria;Una carreggiata a senso unico di marcia;Asciutto;Asfaltata;Verticale ed orizzontale;Sereno;Scarso;Buona;Sufficiente;0;0;0;3;12.288;41.7293;-1;2;Autovettura privata;In marcia / fermata / arresto;Conducente;M;Illeso;0;;Non accertato;Inesploso
4264966;6;08/03/2019 21:45:00;Strada Urbana;VIA TOR DE' SCHIAVI;all'intersezione con;VIA VEROLI;VIA VEROLI;;;Scontro laterale fra veicoli in marcia;Incrocio;Due carreggiate;Asciutto;Asfaltata;Assente;Sereno;Scarso;Buona;Sufficiente;1;0;0;2;12.5594;41.8935;-1;1;Motociclo a solo;In marcia / fermata / arresto;Conducente;M;Rifiuta cure immediate;0;NON DECEDUTO;;
4264966;6;08/03/2019 21:45:00;Strada Urbana;VIA TOR DE' SCHIAVI;all'intersezione con;VIA VEROLI;VIA VEROLI;;;Scontro laterale fra veicoli in marcia;Incrocio;Due carreggiate;Asciutto;Asfaltata;Assente;Sereno;Scarso;Buona;Sufficiente;1;0;0;2;12.5594;41.8935;-1;2;Autovettura privata;In marcia / fermata / arresto;Conducente;F;Illeso;0;;;
4264966;6;08/03/2019 21:45:00;Strada Urbana;VIA TOR DE' SCHIAVI;all'intersezione con;VIA VEROLI;VIA VEROLI;;;Scontro laterale fra veicoli in marcia;Incrocio;Due carreggiate;Asciutto;Asfaltata;Assente;Sereno;Scarso;Buona;Sufficiente;1;0;0;2;12.5594;41.8935;-1;2;Autovettura privata;In marcia / fermata / arresto;Passeggero;F;Illeso;0;;;
4264970;13;08/03/2019 12:15:00;Strada Urbana;VIA GUIDO MARIA CONFORTI;in prossimità;;del civico n.;68;;Veicolo in marcia contro veicolo in sosta;Rettilineo;Una carreggiata a doppio senso;Asciutto;Asfaltata;Assente;Sereno;Normale;Buona;Ore Diurne;0;0;0;1;12.3555;41.788;-1;1;Autovettura privata;In marcia / fermata / arresto;Conducente;F;Illeso;0;;Non accertato;Inesploso
4264970;13;08/03/2019 12:15:00;Strada Urbana;VIA GUIDO MARIA CONFORTI;in prossimità;;del civico n.;68;;Veicolo in marcia contro veicolo in sosta;Rettilineo;Una carreggiata a doppio senso;Asciutto;Asfaltata;Assente;Sereno;Normale;Buona;Ore Diurne;0;0;0;1;12.3555;41.788;-1;2;Autovettura privata;Sosta;;;;;;;
4264974;7;08/03/2019 23:00:00;Strada Urbana;VIA CASILINA;all'intersezione con;VIA TOR DE' SCHIAVI;VIA TOR DE' SCHIAVI;;;Veicolo in marcia contro ostacolo fisso;Incrocio;Una carreggiata a doppio senso;Asciutto;Asfaltata;Verticale ed orizzontale;Nuvoloso;Normale;Buona;Sufficiente;0;0;0;1;12.6199;41.8628;-1;1;Autovettura privata;In marcia / fermata / arresto;Passeggero;M;Illeso;0;;Non accertato;Esploso
4264980;1;09/03/2019 02:45:00;Strada Urbana;LARGO DI TORRE ARGENTINA;da specificare;;;;altezza VIA DI TORRE ARGENTINA;Scontro laterale fra veicoli in marcia;Rettilineo;Una carreggiata a doppio senso;Asciutto;Asfaltata;Verticale ed orizzontale;Sereno;Scarso;Buona;Sufficiente;0;0;0;2;12.4769;41.896;-1;1;Motociclo a solo;In marcia / fermata / arresto;Conducente;M;Illeso;0;;Non accertato;
4264980;1;09/03/2019 02:45:00;Strada Urbana;LARGO DI TORRE ARGENTINA;da specificare;;;;altezza VIA DI TORRE ARGENTINA;Scontro laterale fra veicoli in marcia;Rettilineo;Una carreggiata a doppio senso;Asciutto;Asfaltata;Verticale ed orizzontale;Sereno;Scarso;Buona;Sufficiente;0;0;0;2;12.4769;41.896;-1;2;Motociclo a solo;In marcia / fermata / arresto;Conducente;M;Illeso;0;;Non accertato;
4264983;6;09/03/2019 01:10:00;Strada Urbana;VIA PRENESTINA;in corrispondenza;;del civico n.;31;;Tamponamento Multiplo;Rettilineo;Due carreggiate;Asciutto;Asfaltata;Verticale ed orizzontale;Nuvoloso;Scarso;Sufficiente;Sufficiente;1;0;0;3;12.5188;41.8916;-1;1;Autovettura privata;In marcia / fermata / arresto;Conducente;M;Illeso;0;;;
4264983;6;09/03/2019 01:10:00;Strada Urbana;VIA PRENESTINA;in corrispondenza;;del civico n.;31;;Tamponamento Multiplo;Rettilineo;Due carreggiate;Asciutto;Asfaltata;Verticale ed orizzontale;Nuvoloso;Scarso;Sufficiente;Sufficiente;1;0;0;3;12.5188;41.8916;-1;2;Autovettura privata;In marcia / fermata / arresto;Conducente;M;Rifiuta cure immediate;0;NON DECEDUTO;;
4264983;6;09/03/2019 01:10:00;Strada Urbana;VIA PRENESTINA;in corrispondenza;;del civico n.;31;;Tamponamento Multiplo;Rettilineo;Due carreggiate;Asciutto;Asfaltata;Verticale ed orizzontale;Nuvoloso;Scarso;Sufficiente;Sufficiente;1;0;0;3;12.5188;41.8916;-1;3;Autovettura privata;In marcia / fermata / arresto;Conducente;F;Illeso;0;;;
4264983;6;09/03/2019 01:10:00;Strada Urbana;VIA PRENESTINA;in corrispondenza;;del civico n.;31;;Tamponamento Multiplo;Rettilineo;Due carreggiate;Asciutto;Asfaltata;Verticale ed orizzontale;Nuvoloso;Scarso;Sufficiente;Sufficiente;1;0;0;3;12.5188;41.8916;-1;3;Autovettura privata;In marcia / fermata / arresto;Passeggero;F;Illeso;0;;;
4264989;15;09/03/2019 00:50:00;Strada Urbana;VIALE GIUSEPPE SIRTORI;all'intersezione con;PIAZZA AUGUSTO LORENZINI;PIAZZA AUGUSTO LORENZINI;;;Scontro laterale fra veicoli in marcia;Incrocio;Due carreggiate;Asciutto;Asfaltata;Verticale ed orizzontale;Sereno;Scarso;Sufficiente;Sufficiente;0;0;0;4;12.4484;41.8556;-1;1;Autovettura privata;In marcia / fermata / arresto;Conducente;F;Illeso;0;;Non accertato;Inesploso