Protocollo;Gruppo;DataOraIncidente;Localizzazione1;STRADA1;Localizzazione2;STRADA2;Strada02;Chilometrica;DaSpecificare;NaturaIncidente;particolaritastrade;TipoStrada;FondoStradale;Pavimentazione;Segnaletica;CondizioneAtmosferica;Traffico;Visibilita;Illuminazione;NUM_FERITI;NUM_RISERVATA;NUM_MORTI;NUM_ILLESI;Longitudine;Latitudine;Confermato;Progressivo;TipoVeicolo;StatoVeicolo;TipoPersona;Sesso;Tipolesione;Deceduto;DecedutoDopo;CinturaCascoUtilizzato;Airbag;
4266232;20;09/03/2019 16:50:00;Strada Urbana;VIA GIULIO GALLI;in prossimità;;del civico n.;16;;Veicolo in marcia contro veicoli in sosta;Curva senza visuale libera;Una carreggiata a doppio senso;Asciutto;Asfaltata;Verticale ed orizzontale;Sereno;Normale;Buona;Ore Diurne;0;0;0;1;12.4008;41.9893;-1;1;Autovettura privata;In marcia / fermata / arresto;Conducente;F;Illeso;0;;;
4266232;20;09/03/2019 16:50:00;Strada Urbana;VIA GIULIO GALLI;in prossimità;;del civico n.;16;;Veicolo in marcia contro veicoli in sosta;Curva senza visuale libera;Una carreggiata a doppio senso;Asciutto;Asfaltata;Verticale ed orizzontale;Sereno;Normale;Buona;Ore Diurne;0;0;0;1;12.4008;41.9893;-1;2;Autovettura privata;Sosta;;;;;;;
4266232;20;09/03/2019 16:50:00;Strada Urbana;VIA GIULIO GALLI;in prossimità;;del civico n.;16;;Veicolo in marcia contro veicoli in sosta;Curva senza visuale libera;Una carreggiata a doppio senso;Asciutto;Asfaltata;Verticale ed orizzontale;Sereno;Normale;Buona;Ore Diurne;0;0;0;1;12.4008;41.9893;-1;3;Autovettura privata;Sosta;;;;;;;
4266233;23;08/03/2019 14:20:00;Comunale extraurbana;VIA CRISTOFORO COLOMBO;in prossimità;;della chilometrica;19.3;;Tamponamento Multiplo;Rettilineo;Due carreggiate;Asciutto;Asfaltata;Verticale ed orizzontale;Nuvoloso;Intenso;Buona;Ore Diurne;2;0;0;2;12.3908;41.7709;-1;1;Autovettura privata;In marcia / fermata / arresto;Conducente;M;Illeso;0;;Non accertato;Inesistente
4266233;23;08/03/2019 14:20:00;Comunale extraurbana;VIA CRISTOFORO COLOMBO;in prossimità;;della chilometrica;19.3;;Tamponamento Multiplo;Rettilineo;Due carreggiate;Asciutto;Asfaltata;Verticale ed orizzontale;Nuvoloso;Intenso;Buona;Ore Diurne;2;0;0;2;12.3908;41.7709;-1;2;Autovettura privata;In marcia / fermata / arresto;Conducente;F;Rifiuta cure immediate;0;NON DECEDUTO;Non accertato;Inesploso
4266233;23;08/03/2019 14:20:00;Comunale extraurbana;VIA CRISTOFORO COLOMBO;in prossimità;;della chilometrica;19.3;;Tamponamento Multiplo;Rettilineo;Due carreggiate;Asciutto;Asfaltata;Verticale ed orizzontale;Nuvoloso;Intenso;Buona;Ore Diurne;2;0;0;2;12.3908;41.7709;-1;3;Autovettura privata;In marcia / fermata / arresto;Conducente;F;Rifiuta cure immediate;0;NON DECEDUTO;Non accertato;Inesploso
4266233;23;08/03/2019 14:20:00;Comunale extraurbana;VIA CRISTOFORO COLOMBO;in prossimità;;della chilometrica;19.3;;Tamponamento Multiplo;Rettilineo;Due carreggiate;Asciutto;Asfaltata;Verticale ed orizzontale;Nuvoloso;Intenso;Buona;Ore Diurne;2;0;0;2;12.3908;41.7709;-1;4;Autovettura privata;In marcia / fermata / arresto;Conducente;M;Illeso;0;;Non accertato;Inesploso
4266255;20;09/03/2019 18:10:00;Strada Urbana;LUNGOTEVERE MARESCIALLO CADORNA;da specificare;;;;all'altezza di Ponte Duca D'Aosta;Veicolo in marcia contro ostacolo accidentale;Rettilineo;Una carreggiata a doppio senso;Asciutto;Asfaltata;Orizzontale;Sereno;Normale;Sufficiente;Sufficiente;0;0;0;1;12.4596;41.9316;-1;1;Motociclo con passeggero;In marcia / fermata / arresto;Conducente;M;Illeso;0;;;
4266293;9;10/03/2019 01:10:00;;VIA CESARE BARONIO;all'intersezione con;VIA APPIA NUOVA;VIA APPIA NUOVA;;;Veicolo in marcia contro veicolo in sosta;;;;;;;;;;0;0;0;1;;;0;1;Quadriciclo leggero;In marcia / fermata / arresto;Conducente;M;Illeso;0;;;
4266293;9;10/03/2019 01:10:00;;VIA CESARE BARONIO;all'intersezione con;VIA APPIA NUOVA;VIA APPIA NUOVA;;;Veicolo in marcia contro veicolo in sosta;;;;;;;;;;0;0;0;1;;;0;2;Autovettura privata;Sosta;;;;;;;
4266318;9;10/03/2019 05:15:00;Strada Urbana;VIA PINEROLO;da specificare;;;;prossimità VIA TUSCOLANA;Scontro frontale/laterale DX fra veicoli in marcia;Rettilineo;Una carreggiata a doppio senso;Asciutto;Asfaltata;Verticale ed orizzontale;Sereno;Scarso;Sufficiente;Sufficiente;5;0;0;1;12.516;41.8826;-1;1;Autovettura privata;In marcia / fermata / arresto;Conducente;M;Rimandato;0;NON DECEDUTO;Non accertato;Inesploso
4266318;9;10/03/2019 05:15:00;Strada Urbana;VIA PINEROLO;da specificare;;;;prossimità VIA TUSCOLANA;Scontro frontale/laterale DX fra veicoli in marcia;Rettilineo;Una carreggiata a doppio senso;Asciutto;Asfaltata;Verticale ed orizzontale;Sereno;Scarso;Sufficiente;Sufficiente;5;0;0;1;12.516;41.8826;-1;1;Autovettura privata;In marcia / fermata / arresto;Passeggero;M;Ricoverato;0;NON DECEDUTO;Non accertato;Inesploso
4266318;9;10/03/2019 05:15:00;Strada Urbana;VIA PINEROLO;da specificare;;;;prossimità VIA TUSCOLANA;Scontro frontale/laterale DX fra veicoli in marcia;Rettilineo;Una carreggiata a doppio senso;Asciutto;Asfaltata;Verticale ed orizzontale;Sereno;Scarso;Sufficiente;Sufficiente;5;0;0;1;12.516;41.8826;-1;1;Autovettura privata;In marcia / fermata / arresto;Passeggero;M;Rimandato;0;NON DECEDUTO;Non accertato;Inesploso
4266318;9;10/03/2019 05:15:00;Strada Urbana;VIA PINEROLO;da specificare;;;;prossimità VIA TUSCOLANA;Scontro frontale/laterale DX fra veicoli in marcia;Rettilineo;Una carreggiata a doppio senso;Asciutto;Asfaltata;Verticale ed orizzontale;Sereno;Scarso;Sufficiente;Sufficiente;5;0;0;1;12.516;41.8826;-1;1;Autovettura privata;In marcia / fermata / arresto;Passeggero;M;Rimandato;0;NON DECEDUTO;Non accertato;Inesploso
4266318;9;10/03/2019 05:15:00;Strada Urbana;VIA PINEROLO;da specificare;;;;prossimità VIA TUSCOLANA;Scontro frontale/laterale DX fra veicoli in marcia;Rettilineo;Una carreggiata a doppio senso;Asciutto;Asfaltata;Verticale ed orizzontale;Sereno;Scarso;Sufficiente;Sufficiente;5;0;0;1;12.516;41.8826;-1;2;Autovettura privata;In marcia / fermata / arresto;Conducente;M;Rimandato;0;NON DECEDUTO;Non accertato;Inesploso
4266318;9;10/03/2019 05:15:00;Strada Urbana;VIA PINEROLO;da specificare;;;;prossimità VIA TUSCOLANA;Scontro frontale/laterale DX fra veicoli in marcia;Rettilineo;Una carreggiata a doppio senso;Asciutto;Asfaltata;Verticale ed orizzontale;Sereno;Scarso;Sufficiente;Sufficiente;5;0;0;1;12.516;41.8826;-1;2;Autovettura privata;In marcia / fermata / arresto;Passeggero;F;Illeso;0;;Non accertato;Inesploso
4266336;10;10/03/2019 11:50:00;Statale entro l'abitato;VIA ANAGNINA;in corrispondenza;;del palo luce n.;104;;Ribaltamento senza urto contro ostacolo fisso;Rettilineo;Due carreggiate;Asciutto;Asfaltata;Verticale ed orizzontale;Nuvoloso;Normale;Buona;Ore Diurne;0;1;0;0;12.5967;41.8323;-1;1;Autovettura privata;In marcia / fermata / arresto;Conducente;M;Prognosi riservata;0;NON DECEDUTO;Non accertato;Esploso
4266431;6;09/03/2019 14:15:00;Strada Urbana;VIA POMPONIO MELA;in prossimità;;del civico n.;1;;Scontro laterale fra veicoli in marcia;Rettilineo;Una carreggiata a senso unico di marcia;Asciutto;Asfaltata;Assente;Sereno;Scarso;Buona;Ore Diurne;1;0;0;1;12.5322;41.8859;-1;1;Motociclo a solo;In marcia / fermata / arresto;Conducente;M;Rifiuta cure immediate;0;NON DECEDUTO;;
4266431;6;09/03/2019 14:15:00;Strada Urbana;VIA POMPONIO MELA;in prossimità;;del civico n.;1;;Scontro laterale fra veicoli in marcia;Rettilineo;Una carreggiata a senso unico di marcia;Asciutto;Asfaltata;Assente;Sereno;Scarso;Buona;Ore Diurne;1;0;0;1;12.5322;41.8859;-1;2;Autovettura privata;In marcia / fermata / arresto;Conducente;M;Illeso;0;;;
4266431;6;09/03/2019 14:15:00;Strada Urbana;VIA POMPONIO MELA;in prossimità;;del civico n.;1;;Scontro laterale fra veicoli in marcia;Rettilineo;Una carreggiata a senso unico di marcia;Asciutto;Asfaltata;Assente;Sereno;Scarso;Buona;Ore Diurne;1;0;0;1;12.5322;41.8859;-1;3;Autovettura privata;Sosta;;;;;;;
4266459;2;09/03/2019 22:35:00;Strada Urbana;CORSO TRIESTE;in corrispondenza;;del civico n.;85/a;;Scontro laterale fra veicoli in marcia;Rettilineo;Due carreggiate;Asciutto;Asfaltata;Verticale ed orizzontale;Sereno;Scarso;Buona;Sufficiente;0;0;0;3;12.5085;41.9202;-1;1;Quadriciclo;In marcia / fermata / arresto;Conducente;F;Illeso;0;;Non accertato;Inesploso
4266459;2;09/03/2019 22:35:00;Strada Urbana;CORSO TRIESTE;in corrispondenza;;del civico n.;85/a;;Scontro laterale fra veicoli in marcia;Rettilineo;Due carreggiate;Asciutto;Asfaltata;Verticale ed orizzontale;Sereno;Scarso;Buona;Sufficiente;0;0;0;3;12.5085;41.9202;-1;2;Autovettura di polizia;In marcia / fermata / arresto;Conducente;M;Illeso;0;;Non accertato;Inesploso
4266459;2;09/03/2019 22:35:00;Strada Urbana;CORSO TRIESTE;in corrispondenza;;del civico n.;85/a;;Scontro laterale fra veicoli in marcia;Rettilineo;Due carreggiate;Asciutto;Asfaltata;Verticale ed orizzontale;Sereno;Scarso;Buona;Sufficiente;0;0;0;3;12.5085;41.9202;-1;2;Autovettura di polizia;In marcia / fermata / arresto;Passeggero;M;Illeso;0;;Non accertato;Inesploso
4266462;2;09/03/2019 21:15:00;Strada Urbana;VIA DEL SACRO CUORE DI MARIA;da specificare;;;;ALTEZZA PIAZZA EUCLIDE CIVICO 34/B;Investimento di pedone;Rettilineo;Una carreggiata a senso unico di marcia;Asciutto;Asfaltata;Verticale ed orizzontale;Sereno;Normale;Sufficiente;Sufficiente;1;0;0;1;12.4821;41.9282;-1;;;;Pedone;M;Ricoverato;0;NON DECEDUTO;;
4266462;2;09/03/2019 21:15:00;Strada Urbana;VIA DEL SACRO CUORE DI MARIA;da specificare;;;;ALTEZZA PIAZZA EUCLIDE CIVICO 34/B;Investimento di pedone;Rettilineo;Una carreggiata a senso unico di marcia;Asciutto;Asfaltata;Verticale ed orizzontale;Sereno;Normale;Sufficiente;Sufficiente;1;0;0;1;12.4821;41.9282;-1;1;Autovettura privata;In marcia / fermata / arresto;Conducente;M;Illeso;0;;;
4266464;2;09/03/2019 15:35:00;Strada Urbana;CORSO TRIESTE;in prossimità;;del civico n.;157/D;;Tamponamento;Rettilineo;Due carreggiate;Asciutto;Asfaltata;Verticale ed orizzontale;Sereno;Scarso;Buona;Ore Diurne;1;0;0;1;12.5133;41.9233;-1;1;Motociclo a solo;In marcia / fermata / arresto;Conducente;M;Illeso;0;;;
4266464;2;09/03/2019 15:35:00;Strada Urbana;CORSO TRIESTE;in prossimità;;del civico n.;157/D;;Tamponamento;Rettilineo;Due carreggiate;Asciutto;Asfaltata;Verticale ed orizzontale;Sereno;Scarso;Buona;Ore Diurne;1;0;0;1;12.5133;41.9233;-1;2;Motociclo a solo;In marcia / fermata / arresto;Conducente;M;Rifiuta cure immediate;0;NON DECEDUTO;;
4266466;2;09/03/2019 12:00:00;Strada Urbana;VIA NOMENTANA;da specificare;;;;PROSSIMITA' FRONTE VIA VASI;Scontro frontale/laterale DX fra veicoli in marcia;Rettilineo;Una carreggiata a doppio senso;Asciutto;Asfaltata;Verticale ed orizzontale;Sereno;Scarso;Buona;Ore Diurne;0;0;0;2;12.5728;41.9579;-1;1;Motociclo a solo;In marcia / fermata / arresto;Conducente;M;Illeso;0;;;
4266466;2;09/03/2019 12:00:00;Strada Urbana;VIA NOMENTANA;da specificare;;;;PROSSIMITA' FRONTE VIA VASI;Scontro frontale/laterale DX fra veicoli in marcia;Rettilineo;Una carreggiata a doppio senso;Asciutto;Asfaltata;Verticale ed orizzontale;Sereno;Scarso;Buona;Ore Diurne;0;0;0;2;12.5728;41.9579;-1;2;Autovettura privata;In marcia / fermata / arresto;Conducente;F;Illeso;0;;;
4266467;2;09/03/2019 11:15:00;Strada Urbana;VIALE ERITREA;in corrispondenza;;del civico n.;86;;Investimento di pedone;Rettilineo;Una carreggiata a doppio senso;Asciutto;Asfaltata;Verticale ed orizzontale;Sereno;Normale;Buona;Ore Diurne;1;0;0;1;12.5159;41.9278;-1;;;;Pedone;F;Ricoverato;0;NON DECEDUTO;;
4266467;2;09/03/2019 11:15:00;Strada Urbana;VIALE ERITREA;in corrispondenza;;del civico n.;86;;Investimento di pedone;Rettilineo;Una carreggiata a doppio senso;Asciutto;Asfaltata;Verticale ed orizzontale;Sereno;Normale;Buona;Ore Diurne;1;0;0;1;12.5159;41.9278;-1;1;Autovettura privata;In marcia / fermata / arresto;Conducente;M;Illeso;0;;;
4266473;6;09/03/2019 17:30:00;Strada Urbana;VIA TUSCOLANA;in corrispondenza;;del civico n.;1355;;Tamponamento;Rettilineo;Due carreggiate;Asciutto;Asfaltata;Verticale ed orizzontale;Sereno;Normale;Buona;Sufficiente;2;0;0;1;12.6164;41.8322;-1;1;Autovettura privata;In marcia / fermata / arresto;Conducente;M;Illeso;0;;Non accertato;Inesploso
4266473;6;09/03/2019 17:30:00;Strada Urbana;VIA TUSCOLANA;in corrispondenza;;del civico n.;1355;;Tamponamento;Rettilineo;Due carreggiate;Asciutto;Asfaltata;Verticale ed orizzontale;Sereno;Normale;Buona;Sufficiente;2;0;0;1;12.6164;41.8322;-1;1;Autovettura privata;In marcia / fermata / arresto;Passeggero;F;Rimandato;0;NON DECEDUTO;Non accertato;Inesploso
4266473;6;09/03/2019 17:30:00;Strada Urbana;VIA TUSCOLANA;in corrispondenza;;del civico n.;1355;;Tamponamento;Rettilineo;Due carreggiate;Asciutto;Asfaltata;Verticale ed orizzontale;Sereno;Normale;Buona;Sufficiente;2;0;0;1;12.6164;41.8322;-1;2;Autovettura privata;In marcia / fermata / arresto;Conducente;M;Rifiuta cure immediate;0;NON DECEDUTO;Non accertato;Inesploso
4266499;6;10/03/2019 14:00:00;Strada Urbana;PIAZZA DELLA MARRANELLA;in corrispondenza;;del civico n.;13;;Tamponamento;Rettilineo;Una carreggiata a doppio senso;Asciutto;Asfaltata;Orizzontale;Nuvoloso;Normale;Buona;Ore Diurne;1;0;0;1;12.5423;41.8804;-1;1;Autovettura privata;In marcia / fermata / arresto;Conducente;M;Illeso;0;;;Inesploso
4266499;6;10/03/2019 14:00:00;Strada Urbana;PIAZZA DELLA MARRANELLA;in corrispondenza;;del civico n.;13;;Tamponamento;Rettilineo;Una carreggiata a doppio senso;Asciutto;Asfaltata;Orizzontale;Nuvoloso;Normale;Buona;Ore Diurne;1;0;0;1;12.5423;41.8804;-1;2;Motociclo a solo;In marcia / fermata / arresto;Conducente;F;Rifiuta cure immediate;0;NON DECEDUTO;;
4266503;17;09/03/2019 04:20:00;Strada Urbana;PIAZZALE CLODIO;all'intersezione semaforizzata con;VIALE GIOVANNI FALCONE E PAOLO BORSELLINO;VIALE GIOVANNI FALCONE E PAOLO BORSELLINO;;;Scontro frontale/laterale DX fra veicoli in marcia;Intersezione semaforizzata;Due carreggiate;Asciutto;Asfaltata;Verticale ed orizzontale;Sereno;Scarso;Sufficiente;Sufficiente;2;0;0;2;12.4549;41.9167;-1;1;Autovettura privata;In marcia / fermata / arresto;Conducente;M;Illeso;0;;;
4266503;17;09/03/2019 04:20:00;Strada Urbana;PIAZZALE CLODIO;all'intersezione semaforizzata con;VIALE GIOVANNI FALCONE E PAOLO BORSELLINO;VIALE GIOVANNI FALCONE E PAOLO BORSELLINO;;;Scontro frontale/laterale DX fra veicoli in marcia;Intersezione semaforizzata;Due carreggiate;Asciutto;Asfaltata;Verticale ed orizzontale;Sereno;Scarso;Sufficiente;Sufficiente;2;0;0;2;12.4549;41.9167;-1;1;Autovettura privata;In marcia / fermata / arresto;Passeggero;M;Illeso;0;;;
4266503;17;09/03/2019 04:20:00;Strada Urbana;PIAZZALE CLODIO;all'intersezione semaforizzata con;VIALE GIOVANNI FALCONE E PAOLO BORSELLINO;VIALE GIOVANNI FALCONE E PAOLO BORSELLINO;;;Scontro frontale/laterale DX fra veicoli in marcia;Intersezione semaforizzata;Due carreggiate;Asciutto;Asfaltata;Verticale ed orizzontale;Sereno;Scarso;Sufficiente;Sufficiente;2;0;0;2;12.4549;41.9167;-1;2;Autovettura privata;In marcia / fermata / arresto;Conducente;M;Rimandato;0;NON DECEDUTO;;
4266503;17;09/03/2019 04:20:00;Strada Urbana;PIAZZALE CLODIO;all'intersezione semaforizzata con;VIALE GIOVANNI FALCONE E PAOLO BORSELLINO;VIALE GIOVANNI FALCONE E PAOLO BORSELLINO;;;Scontro frontale/laterale DX fra veicoli in marcia;Intersezione semaforizzata;Due carreggiate;Asciutto;Asfaltata;Verticale ed orizzontale;Sereno;Scarso;Sufficiente;Sufficiente;2;0;0;2;12.4549;41.9167;-1;2;Autovettura privata;In marcia / fermata / arresto;Passeggero;M;Rimandato;0;NON DECEDUTO;;
4266626;7;10/03/2019 15:00:00;Strada Urbana;VIA DELLE CAMPANULE;all'intersezione con;PIAZZA DELLE IRIS;PIAZZA DELLE IRIS;;;Scontro laterale fra veicoli in marcia;Incrocio;Una carreggiata a senso unico di marcia;Asciutto;Asfaltata;Verticale ed orizzontale;Sereno;Normale;Buona;Ore Diurne;0;0;0;3;12.5675;41.888;-1;1;Autovettura privata;In marcia / fermata / arresto;Conducente;M;Illeso;0;;Non accertato;Inesploso
4266626;7;10/03/2019 15:00:00;Strada Urbana;VIA DELLE CAMPANULE;all'intersezione con;PIAZZA DELLE IRIS;PIAZZA DELLE IRIS;;;Scontro laterale fra veicoli in marcia;Incrocio;Una carreggiata a senso unico di marcia;Asciutto;Asfaltata;Verticale ed orizzontale;Sereno;Normale;Buona;Ore Diurne;0;0;0;3;12.5675;41.888;-1;1;Autovettura privata;In marcia / fermata / arresto;Passeggero;F;Illeso;0;;Non accertato;Inesploso
4266626;7;10/03/2019 15:00:00;Strada Urbana;VIA DELLE CAMPANULE;all'intersezione con;PIAZZA DELLE IRIS;PIAZZA DELLE IRIS;;;Scontro laterale fra veicoli in marcia;Incrocio;Una carreggiata a senso unico di marcia;Asciutto;Asfaltata;Verticale ed orizzontale;Sereno;Normale;Buona;Ore Diurne;0;0;0;3;12.5675;41.888;-1;2;Autovettura privata;In marcia / fermata / arresto;Conducente;M;Illeso;0;;Non accertato;Inesploso
4266972;9;09/03/2019 12:35:00;Strada Urbana;VIA TARANTO;all'intersezione con;VIA VOLTERRA;VIA VOLTERRA;;;Scontro frontale/laterale SX fra veicoli in marcia;Intersezione stradale segnalata;Una carreggiata a doppio senso;Asciutto;Asfaltata;Verticale ed orizzontale;Sereno;Intenso;Buona;Ore Diurne;0;0;0;2;12.5199;41.8834;-1;1;Autovettura privata;In marcia / fermata / arresto;Conducente;F;Illeso;0;;Non accertato;Inesploso
4266972;9;09/03/2019 12:35:00;Strada Urbana;VIA TARANTO;all'intersezione con;VIA VOLTERRA;VIA VOLTERRA;;;Scontro frontale/laterale SX fra veicoli in marcia;Intersezione stradale segnalata;Una carreggiata a doppio senso;Asciutto;Asfaltata;Verticale ed orizzontale;Sereno;Intenso;Buona;Ore Diurne;0;0;0;2;12.5199;41.8834;-1;2;Autovettura privata;In marcia / fermata / arresto;Conducente;M;Illeso;0;;Non accertato;Inesploso
4266973;9;10/03/2019 22:50:00;Strada Urbana;PIAZZA QUINTO CURZIO;all'intersezione con;VIA STATILIO OTTATO;VIA STATILIO OTTATO;;;Scontro frontale/laterale DX fra veicoli in marcia;Intersezione stradale segnalata;Una carreggiata a senso unico di marcia;Asciutto;Asfaltata;Verticale ed orizzontale;Sereno;Scarso;Sufficiente;Sufficiente;0;0;0;3;12.5683;41.8563;-1;1;Autovettura privata;In marcia / fermata / arresto;Conducente;M;Illeso;0;;Non accertato;Inesploso
4266973;9;10/03/2019 22:50:00;Strada Urbana;PIAZZA QUINTO CURZIO;all'intersezione con;VIA STATILIO OTTATO;VIA STATILIO OTTATO;;;Scontro frontale/laterale DX fra veicoli in marcia;Intersezione stradale segnalata;Una carreggiata a senso unico di marcia;Asciutto;Asfaltata;Verticale ed orizzontale;Sereno;Scarso;Sufficiente;Sufficiente;0;0;0;3;12.5683;41.8563;-1;1;Autovettura privata;In marcia / fermata / arresto;Passeggero;F;Illeso;0;;Non accertato;Inesploso
4266973;9;10/03/2019 22:50:00;Strada Urbana;PIAZZA QUINTO CURZIO;all'intersezione con;VIA STATILIO OTTATO;VIA STATILIO OTTATO;;;Scontro frontale/laterale DX fra veicoli in marcia;Intersezione stradale segnalata;Una carreggiata a senso unico di marcia;Asciutto;Asfaltata;Verticale ed orizzontale;Sereno;Scarso;Sufficiente;Sufficiente;0;0;0;3;12.5683;41.8563;-1;2;Autovettura privata;In marcia / fermata / arresto;Conducente;M;Illeso;0;;Non accertato;Inesploso
4267003;8;08/03/2019 09:15:00;Strada Urbana;VIA CASILINA;all'intersezione semaforizzata con;VIA SASSONEGRO;VIA SASSONEGRO;;;Scontro laterale fra veicoli in marcia;Intersezione semaforizzata;Una carreggiata a doppio senso;Asciutto;Asfaltata;Verticale ed orizzontale;Sereno;Normale;Buona;Ore Diurne;0;0;0;2;12.6199;41.8628;-1;1;Autovettura privata;In marcia / fermata / arresto;Conducente;M;Illeso;0;;Non accertato;Inesploso
4267003;8;08/03/2019 09:15:00;Strada Urbana;VIA CASILINA;all'intersezione semaforizzata con;VIA SASSONEGRO;VIA SASSONEGRO;;;Scontro laterale fra veicoli in marcia;Intersezione semaforizzata;Una carreggiata a doppio senso;Asciutto;Asfaltata;Verticale ed orizzontale;Sereno;Normale;Buona;Ore Diurne;0;0;0;2;12.6199;41.8628;-1;2;Motociclo a solo;In marcia / fermata / arresto;Conducente;M;Illeso;0;;Non accertato;
4267005;8;08/03/2019 05:30:00;Strada Urbana;VICOLO DI COLLE MATTIA;in prossimità;;del civico n.;28;;Veicolo in marcia contro ostacolo fisso;Rettilineo;Una carreggiata a doppio senso;Asciutto;Asfaltata;Verticale ed orizzontale;Sereno;Scarso;Buona;Sufficiente;0;0;0;1;12.7225;41.8455;-1;1;Autovettura privata;In marcia / fermata / arresto;Conducente;M;Illeso;0;;Non accertato;Esploso
4267020;8;08/03/2019 09:00:00;Strada Urbana;VIALE GUIDO CARLI;da specificare;;;;rotatoria Via Archiginnasio;Scontro laterale fra veicoli in marcia;Rotatoria;Una carreggiata a senso unico di marcia;Asciutto;Asfaltata;Verticale ed orizzontale;Nuvoloso;Normale;Sufficiente;Ore Diurne;0;0;0;3;12.647;41.8432;-1;1;Autovettura privata;In marcia / fermata / arresto;Conducente;F;Illeso;0;;Non accertato;Inesploso
4267020;8;08/03/2019 09:00:00;Strada Urbana;VIALE GUIDO CARLI;da specificare;;;;rotatoria Via Archiginnasio;Scontro laterale fra veicoli in marcia;Rotatoria;Una carreggiata a senso unico di marcia;Asciutto;Asfaltata;Verticale ed orizzontale;Nuvoloso;Normale;Sufficiente;Ore Diurne;0;0;0;3;12.647;41.8432;-1;2;Ciclomotore con passeggero;In marcia / fermata / arresto;Conducente;M;Illeso;0;;Non accertato;
4267020;8;08/03/2019 09:00:00;Strada Urbana;VIALE GUIDO CARLI;da specificare;;;;rotatoria Via Archiginnasio;Scontro laterale fra veicoli in marcia;Rotatoria;Una carreggiata a senso unico di marcia;Asciutto;Asfaltata;Verticale ed orizzontale;Nuvoloso;Normale;Sufficiente;Ore Diurne;0;0;0;3;12.647;41.8432;-1;2;Ciclomotore con passeggero;In marcia / fermata / arresto;Passeggero;M;Illeso;0;;Non accertato;
4267021;20;09/03/2019 22:15:00;Provinciale entro l'abitato;VIA CASSIA;in prossimità;;del civico n.;2155;;Veicolo in marcia contro ostacolo accidentale;Rettilineo;Una carreggiata a doppio senso;Asciutto;Asfaltata;Orizzontale;Sereno;Scarso;Sufficiente;Inesistente;0;0;0;2;12.3762;42.0456;-1;1;Autovettura privata;In marcia / fermata / arresto;Conducente;M;Illeso;0;;Non accertato;
4267021;20;09/03/2019 22:15:00;Provinciale entro l'abitato;VIA CASSIA;in prossimità;;del civico n.;2155;;Veicolo in marcia contro ostacolo accidentale;Rettilineo;Una carreggiata a doppio senso;Asciutto;Asfaltata;Orizzontale;Sereno;Scarso;Sufficiente;Inesistente;0;0;0;2;12.3762;42.0456;-1;1;Autovettura privata;In marcia / fermata / arresto;Passeggero;F;Illeso;0;;Non accertato;
4267022;8;08/03/2019 11:40:00;Strada Urbana;VIA ANTONIO CAPETTI;da specificare;;;;altezza via Cerruti;Scontro laterale fra veicoli in marcia;Rettilineo;Due carreggiate;Asciutto;Asfaltata;Verticale ed orizzontale;Nuvoloso;Normale;Buona;Ore Diurne;1;0;0;1;12.6618;41.9112;-1;1;Autovettura privata;In marcia / fermata / arresto;Conducente;M;Illeso;0;;Non accertato;Inesploso
4267022;8;08/03/2019 11:40:00;Strada Urbana;VIA ANTONIO CAPETTI;da specificare;;;;altezza via Cerruti;Scontro laterale fra veicoli in marcia;Rettilineo;Due carreggiate;Asciutto;Asfaltata;Verticale ed orizzontale;Nuvoloso;Normale;Buona;Ore Diurne;1;0;0;1;12.6618;41.9112;-1;2;Motociclo a solo;In marcia / fermata / arresto;Conducente;M;Rimandato;0;NON DECEDUTO;Non accertato;
4267027;8;08/03/2019 15:00:00;Strada Urbana;VIA DEI CENTAURI;all'intersezione con;VIA DEDALO;VIA DEDALO;;;Scontro laterale fra veicoli in marcia;Incrocio;Una carreggiata a doppio senso;Asciutto;Asfaltata;Assente;Nuvoloso;Scarso;Buona;Ore Diurne;0;0;0;3;12.6186;41.8794;-1;1;Autovettura privata;In marcia / fermata / arresto;Conducente;F;Illeso;0;;Non accertato;Inesploso
4267027;8;08/03/2019 15:00:00;Strada Urbana;VIA DEI CENTAURI;all'intersezione con;VIA DEDALO;VIA DEDALO;;;Scontro laterale fra veicoli in marcia;Incrocio;Una carreggiata a doppio senso;Asciutto;Asfaltata;Assente;Nuvoloso;Scarso;Buona;Ore Diurne;0;0;0;3;12.6186;41.8794;-1;1;Autovettura privata;In marcia / fermata / arresto;Passeggero;M;Illeso;0;;Non accertato;
4267027;8;08/03/2019 15:00:00;Strada Urbana;VIA DEI CENTAURI;all'intersezione con;VIA DEDALO;VIA DEDALO;;;Scontro laterale fra veicoli in marcia;Incrocio;Una carreggiata a doppio senso;Asciutto;Asfaltata;Assente;Nuvoloso;Scarso;Buona;Ore Diurne;0;0;0;3;12.6186;41.8794;-1;2;Autovettura privata;In marcia / fermata / arresto;Conducente;M;Illeso;0;;Non accertato;Inesploso
4267031;11;09/03/2019 12:20:00;Strada Urbana;VIA GIACINTO PULLINO;in corrispondenza;;del civico n.;5;;Veicolo in marcia contro veicolo fermo;Rettilineo;Una carreggiata a senso unico di marcia;Asciutto;Asfaltata;Assente;Sereno;Scarso;Buona;Ore Diurne;0;0;0;4;12.484;41.8641;-1;1;Autovettura privata;In marcia / fermata / arresto;Conducente;M;Illeso;0;;;