Protocollo;Gruppo;DataOraIncidente;Localizzazione1;STRADA1;Localizzazione2;STRADA2;Strada02;Chilometrica;DaSpecificare;NaturaIncidente;particolaritastrade;TipoStrada;FondoStradale;Pavimentazione;Segnaletica;CondizioneAtmosferica;Traffico;Visibilita;Illuminazione;NUM_FERITI;NUM_RISERVATA;NUM_MORTI;NUM_ILLESI;Longitudine;Latitudine;Confermato;Progressivo;TipoVeicolo;StatoVeicolo;TipoPersona;Sesso;Tipolesione;Deceduto;DecedutoDopo;CinturaCascoUtilizzato;Airbag;
4267173;19;11/03/2019 03:00:00;Strada Urbana;VIA LORENZO CAMPEGGI;in corrispondenza;;del civico n.;3;;Veicolo in marcia contro veicoli in sosta;Rettilineo;Una carreggiata a doppio senso;Asciutto;Asfaltata;Assente;Nuvoloso;Scarso;Buona;Sufficiente;0;0;0;0;12.4135;41.9155;-1;1;Autovettura privata;In marcia / fermata / arresto;;;;;;;
4267173;19;11/03/2019 03:00:00;Strada Urbana;VIA LORENZO CAMPEGGI;in corrispondenza;;del civico n.;3;;Veicolo in marcia contro veicoli in sosta;Rettilineo;Una carreggiata a doppio senso;Asciutto;Asfaltata;Assente;Nuvoloso;Scarso;Buona;Sufficiente;0;0;0;0;12.4135;41.9155;-1;2;Autovettura pubblica;Sosta;;;;;;;
4267173;19;11/03/2019 03:00:00;Strada Urbana;VIA LORENZO CAMPEGGI;in corrispondenza;;del civico n.;3;;Veicolo in marcia contro veicoli in sosta;Rettilineo;Una carreggiata a doppio senso;Asciutto;Asfaltata;Assente;Nuvoloso;Scarso;Buona;Sufficiente;0;0;0;0;12.4135;41.9155;-1;3;Autovettura privata;Sosta;;;;;;;
4267173;19;11/03/2019 03:00:00;Strada Urbana;VIA LORENZO CAMPEGGI;in corrispondenza;;del civico n.;3;;Veicolo in marcia contro veicoli in sosta;Rettilineo;Una carreggiata a doppio senso;Asciutto;Asfaltata;Assente;Nuvoloso;Scarso;Buona;Sufficiente;0;0;0;0;12.4135;41.9155;-1;4;Quadriciclo leggero;Sosta;;;;;;;
4267173;19;11/03/2019 03:00:00;Strada Urbana;VIA LORENZO CAMPEGGI;in corrispondenza;;del civico n.;3;;Veicolo in marcia contro veicoli in sosta;Rettilineo;Una carreggiata a doppio senso;Asciutto;Asfaltata;Assente;Nuvoloso;Scarso;Buona;Sufficiente;0;0;0;0;12.4135;41.9155;-1;5;Autovettura privata;Sosta;;;;;;;
4267173;19;11/03/2019 03:00:00;Strada Urbana;VIA LORENZO CAMPEGGI;in corrispondenza;;del civico n.;3;;Veicolo in marcia contro veicoli in sosta;Rettilineo;Una carreggiata a doppio senso;Asciutto;Asfaltata;Assente;Nuvoloso;Scarso;Buona;Sufficiente;0;0;0;0;12.4135;41.9155;-1;6;Autovettura privata;Sosta;;;;;;;
4267181;5;08/03/2019 13:15:00;Statale entro l'abitato;VIA TIBURTINA;in corrispondenza;;del civico n.;1227;;Veicolo in marcia contro ostacolo accidentale;Rettilineo;Due carreggiate;Asciutto;Asfaltata;Assente;Nuvoloso;Normale;Buona;Ore Diurne;0;0;0;1;12.6035;41.9342;-1;1;Autovettura privata;In marcia / fermata / arresto;Conducente;M;Illeso;0;;Non accertato;Inesploso
4267192;5;08/03/2019 15:15:00;Statale entro l'abitato;VIA TIBURTINA;in corrispondenza;;del civico n.;521;;Tamponamento;Rettilineo;Due carreggiate;Asciutto;Asfaltata;Verticale ed orizzontale;Nuvoloso;Normale;Buona;Ore Diurne;0;0;0;1;12.5411;41.9087;-1;1;Autovettura privata;In marcia / fermata / arresto;Conducente;M;Illeso;0;;Non accertato;Inesploso
4267192;5;08/03/2019 15:15:00;Statale entro l'abitato;VIA TIBURTINA;in corrispondenza;;del civico n.;521;;Tamponamento;Rettilineo;Due carreggiate;Asciutto;Asfaltata;Verticale ed orizzontale;Nuvoloso;Normale;Buona;Ore Diurne;0;0;0;1;12.5411;41.9087;-1;2;Motociclo a solo;Allontanatosi;;;;;;;
4267194;13;11/03/2019 03:40:00;Strada Urbana;LUNGOMARE DUCA DEGLI ABRUZZI;all'intersezione con;PIAZZA SCIPIONE AFRICANO;PIAZZA SCIPIONE AFRICANO;;;Veicolo in marcia contro ostacolo fisso;Incrocio;Una carreggiata a doppio senso;Asciutto;Asfaltata;Verticale ed orizzontale;Sereno;Scarso;Buona;Sufficiente;0;0;0;1;12.2591;41.7353;-1;1;Autovettura privata;In marcia / fermata / arresto;Conducente;F;Illeso;0;;;
4267195;4;08/03/2019 08:20:00;Strada Urbana;VIA NOMENTANA;all'intersezione con;VIA VAL D'OSSOLA;VIA VAL D'OSSOLA;;;Scontro laterale fra veicoli in marcia;Incrocio;Una carreggiata a doppio senso;Asciutto;Asfaltata;Verticale ed orizzontale;Sereno;Intenso;Buona;Ore Diurne;1;0;0;2;12.5728;41.9579;-1;1;Autovettura privata;In marcia / fermata / arresto;Conducente;M;Illeso;0;;;
4267195;4;08/03/2019 08:20:00;Strada Urbana;VIA NOMENTANA;all'intersezione con;VIA VAL D'OSSOLA;VIA VAL D'OSSOLA;;;Scontro laterale fra veicoli in marcia;Incrocio;Una carreggiata a doppio senso;Asciutto;Asfaltata;Verticale ed orizzontale;Sereno;Intenso;Buona;Ore Diurne;1;0;0;2;12.5728;41.9579;-1;2;Motociclo con passeggero;In marcia / fermata / arresto;Conducente;M;Illeso;0;;;
4267195;4;08/03/2019 08:20:00;Strada Urbana;VIA NOMENTANA;all'intersezione con;VIA VAL D'OSSOLA;VIA VAL D'OSSOLA;;;Scontro laterale fra veicoli in marcia;Incrocio;Una carreggiata a doppio senso;Asciutto;Asfaltata;Verticale ed orizzontale;Sereno;Intenso;Buona;Ore Diurne;1;0;0;2;12.5728;41.9579;-1;2;Motociclo con passeggero;In marcia / fermata / arresto;Passeggero;F;Rimandato;0;NON DECEDUTO;;
4267196;4;08/03/2019 11:15:00;Strada Urbana;VIA DELLA BUFALOTTA;in corrispondenza;;del civico n.;206;;Scontro frontale/laterale DX fra veicoli in marcia;Rettilineo;Una carreggiata a doppio senso;Asciutto;Asfaltata;Verticale;Sereno;Normale;Sufficiente;Ore Diurne;0;0;0;2;12.5421;41.9507;-1;1;Motociclo a solo;In marcia / fermata / arresto;Conducente;M;Illeso;0;;Non accertato;
4267196;4;08/03/2019 11:15:00;Strada Urbana;VIA DELLA BUFALOTTA;in corrispondenza;;del civico n.;206;;Scontro frontale/laterale DX fra veicoli in marcia;Rettilineo;Una carreggiata a doppio senso;Asciutto;Asfaltata;Verticale;Sereno;Normale;Sufficiente;Ore Diurne;0;0;0;2;12.5421;41.9507;-1;2;Autovettura privata;In marcia / fermata / arresto;Conducente;M;Illeso;0;;Non accertato;Inesploso
4267198;10;11/03/2019 07:15:00;Strada Urbana;VIALE PALMIRO TOGLIATTI;all'intersezione semaforizzata con;VIA GIUSEPPE CHIOVENDA;VIA GIUSEPPE CHIOVENDA;;;Scontro frontale/laterale SX fra veicoli in marcia;Intersezione semaforizzata;Due carreggiate;Asciutto;Asfaltata;Verticale ed orizzontale;Nuvoloso;Normale;Buona;Ore Diurne;2;0;0;1;12.5707;41.8592;-1;1;Autovettura privata;In marcia / fermata / arresto;Conducente;F;Rifiuta cure immediate;0;NON DECEDUTO;Non accertato;Esploso
4267198;10;11/03/2019 07:15:00;Strada Urbana;VIALE PALMIRO TOGLIATTI;all'intersezione semaforizzata con;VIA GIUSEPPE CHIOVENDA;VIA GIUSEPPE CHIOVENDA;;;Scontro frontale/laterale SX fra veicoli in marcia;Intersezione semaforizzata;Due carreggiate;Asciutto;Asfaltata;Verticale ed orizzontale;Nuvoloso;Normale;Buona;Ore Diurne;2;0;0;1;12.5707;41.8592;-1;1;Autovettura privata;In marcia / fermata / arresto;Passeggero;M;Rimandato;0;NON DECEDUTO;Non accertato;Esploso
4267198;10;11/03/2019 07:15:00;Strada Urbana;VIALE PALMIRO TOGLIATTI;all'intersezione semaforizzata con;VIA GIUSEPPE CHIOVENDA;VIA GIUSEPPE CHIOVENDA;;;Scontro frontale/laterale SX fra veicoli in marcia;Intersezione semaforizzata;Due carreggiate;Asciutto;Asfaltata;Verticale ed orizzontale;Nuvoloso;Normale;Buona;Ore Diurne;2;0;0;1;12.5707;41.8592;-1;2;Autovettura privata;In marcia / fermata / arresto;Conducente;F;Illeso;0;;Non accertato;Esploso
4267212;4;08/03/2019 20:10:00;Strada Urbana;VIA MONTASIO;all'intersezione con;VIA ISOLA BELLA;VIA ISOLA BELLA;;;Scontro frontale/laterale DX fra veicoli in marcia;Incrocio;Una carreggiata a doppio senso;Asciutto;Asfaltata;Verticale;Sereno;Scarso;Buona;Sufficiente;2;0;0;1;12.5387;41.9382;-1;1;Autovettura privata;In marcia / fermata / arresto;Conducente;F;Rifiuta cure immediate;0;NON DECEDUTO;;
4267212;4;08/03/2019 20:10:00;Strada Urbana;VIA MONTASIO;all'intersezione con;VIA ISOLA BELLA;VIA ISOLA BELLA;;;Scontro frontale/laterale DX fra veicoli in marcia;Incrocio;Una carreggiata a doppio senso;Asciutto;Asfaltata;Verticale;Sereno;Scarso;Buona;Sufficiente;2;0;0;1;12.5387;41.9382;-1;1;Autovettura privata;In marcia / fermata / arresto;Passeggero;F;Rimandato;0;NON DECEDUTO;;
4267212;4;08/03/2019 20:10:00;Strada Urbana;VIA MONTASIO;all'intersezione con;VIA ISOLA BELLA;VIA ISOLA BELLA;;;Scontro frontale/laterale DX fra veicoli in marcia;Incrocio;Una carreggiata a doppio senso;Asciutto;Asfaltata;Verticale;Sereno;Scarso;Buona;Sufficiente;2;0;0;1;12.5387;41.9382;-1;2;Autovettura privata;In marcia / fermata / arresto;Conducente;M;Illeso;0;;;
4267214;4;08/03/2019 10:20:00;Statale entro l'abitato;VIA SALARIA;da specificare;;;;in corrispondenza della chilometrica 21.600;Scontro frontale/laterale DX fra veicoli in marcia;Rettilineo;Una carreggiata a doppio senso;Asciutto;Asfaltata;Verticale ed orizzontale;Nuvoloso;Normale;Buona;Ore Diurne;1;0;0;2;13.0816;42.4174;-1;1;Autovettura di soccorso;In marcia / fermata / arresto;Conducente;M;Illeso;0;;;
4267214;4;08/03/2019 10:20:00;Statale entro l'abitato;VIA SALARIA;da specificare;;;;in corrispondenza della chilometrica 21.600;Scontro frontale/laterale DX fra veicoli in marcia;Rettilineo;Una carreggiata a doppio senso;Asciutto;Asfaltata;Verticale ed orizzontale;Nuvoloso;Normale;Buona;Ore Diurne;1;0;0;2;13.0816;42.4174;-1;1;Autovettura di soccorso;In marcia / fermata / arresto;Passeggero;F;Illeso;0;;;
4267214;4;08/03/2019 10:20:00;Statale entro l'abitato;VIA SALARIA;da specificare;;;;in corrispondenza della chilometrica 21.600;Scontro frontale/laterale DX fra veicoli in marcia;Rettilineo;Una carreggiata a doppio senso;Asciutto;Asfaltata;Verticale ed orizzontale;Nuvoloso;Normale;Buona;Ore Diurne;1;0;0;2;13.0816;42.4174;-1;2;Motociclo a solo;In marcia / fermata / arresto;Conducente;M;Rimandato;0;NON DECEDUTO;;
4267234;5;09/03/2019 12:00:00;Strada Urbana;VIA DEL FORTE TIBURTINO;in prossimità;;del civico n.;78;;Veicolo in marcia contro veicoli in sosta;Rettilineo;Una carreggiata a doppio senso;Asciutto;Asfaltata;Orizzontale;Sereno;Normale;Buona;Ore Diurne;0;0;0;1;12.5572;41.9101;-1;1;Autovettura privata;In marcia / fermata / arresto;Conducente;F;Illeso;0;;Non accertato;
4267234;5;09/03/2019 12:00:00;Strada Urbana;VIA DEL FORTE TIBURTINO;in prossimità;;del civico n.;78;;Veicolo in marcia contro veicoli in sosta;Rettilineo;Una carreggiata a doppio senso;Asciutto;Asfaltata;Orizzontale;Sereno;Normale;Buona;Ore Diurne;0;0;0;1;12.5572;41.9101;-1;2;Autovettura privata;Sosta;;;;;;;
4267234;5;09/03/2019 12:00:00;Strada Urbana;VIA DEL FORTE TIBURTINO;in prossimità;;del civico n.;78;;Veicolo in marcia contro veicoli in sosta;Rettilineo;Una carreggiata a doppio senso;Asciutto;Asfaltata;Orizzontale;Sereno;Normale;Buona;Ore Diurne;0;0;0;1;12.5572;41.9101;-1;3;Autovettura privata;Sosta;;;;;;;
4267234;5;09/03/2019 12:00:00;Strada Urbana;VIA DEL FORTE TIBURTINO;in prossimità;;del civico n.;78;;Veicolo in marcia contro veicoli in sosta;Rettilineo;Una carreggiata a doppio senso;Asciutto;Asfaltata;Orizzontale;Sereno;Normale;Buona;Ore Diurne;0;0;0;1;12.5572;41.9101;-1;4;Autovettura privata;Sosta;;;;;;;
4267238;12;11/03/2019 08:05:00;Strada Urbana;VIA LAURENTINA;da specificare;;;;svincolo Via dei Boccabelli;Scontro laterale fra veicoli in marcia;Curva a visuale libera;Due carreggiate;Asciutto;Asfaltata;Verticale ed orizzontale;Nuvoloso;Intenso;Buona;Ore Diurne;0;0;0;2;12.4852;41.8101;-1;1;Autovettura privata;In marcia / fermata / arresto;Conducente;M;Illeso;0;;Non accertato;Inesploso
4267238;12;11/03/2019 08:05:00;Strada Urbana;VIA LAURENTINA;da specificare;;;;svincolo Via dei Boccabelli;Scontro laterale fra veicoli in marcia;Curva a visuale libera;Due carreggiate;Asciutto;Asfaltata;Verticale ed orizzontale;Nuvoloso;Intenso;Buona;Ore Diurne;0;0;0;2;12.4852;41.8101;-1;2;Autocarro superiore 35 q.;In marcia / fermata / arresto;Conducente;M;Illeso;0;;Non accertato;Inesploso
4267241;5;08/03/2019 21:20:00;Strada Urbana;VIA FABRIANO;all'intersezione con;VIA FIUMINATA;VIA FIUMINATA;;;Scontro frontale/laterale DX fra veicoli in marcia;Incrocio;Una carreggiata a doppio senso;Asciutto;Asfaltata;Verticale ed orizzontale;Sereno;Scarso;Buona;Sufficiente;2;0;0;0;12.5844;41.9408;-1;1;Autovettura privata;In marcia / fermata / arresto;Conducente;F;Rimandato;0;NON DECEDUTO;Non accertato;
4267241;5;08/03/2019 21:20:00;Strada Urbana;VIA FABRIANO;all'intersezione con;VIA FIUMINATA;VIA FIUMINATA;;;Scontro frontale/laterale DX fra veicoli in marcia;Incrocio;Una carreggiata a doppio senso;Asciutto;Asfaltata;Verticale ed orizzontale;Sereno;Scarso;Buona;Sufficiente;2;0;0;0;12.5844;41.9408;-1;2;Autovettura privata;In marcia / fermata / arresto;Conducente;M;Rimandato;0;NON DECEDUTO;Non accertato;
4267255;2;08/03/2019 21:30:00;Strada Urbana;VIALE PARIOLI;in corrispondenza;;del civico n.;112;;Veicolo in marcia contro veicolo in sosta;Rettilineo;Una carreggiata a doppio senso;Asciutto;Asfaltata;Verticale ed orizzontale;Sereno;Normale;Buona;Sufficiente;0;0;0;1;12.4865;41.9275;-1;1;Autovettura privata;Sosta;;;;;;;
4267255;2;08/03/2019 21:30:00;Strada Urbana;VIALE PARIOLI;in corrispondenza;;del civico n.;112;;Veicolo in marcia contro veicolo in sosta;Rettilineo;Una carreggiata a doppio senso;Asciutto;Asfaltata;Verticale ed orizzontale;Sereno;Normale;Buona;Sufficiente;0;0;0;1;12.4865;41.9275;-1;2;Autovettura privata;In marcia / fermata / arresto;Conducente;M;Illeso;0;;Non accertato;Inesploso
4267258;19;09/03/2019 19:30:00;Strada Urbana;VIA EMILIO DRACONZIO;in prossimità;;del civico n.;7;;Veicolo in marcia contro veicolo in sosta;Rettilineo;Una carreggiata a senso unico di marcia;Asciutto;Asfaltata;Verticale ed orizzontale;Sereno;Scarso;Buona;Sufficiente;1;0;0;0;12.4378;41.9145;-1;1;Autovettura privata;In marcia / fermata / arresto;Conducente;M;Rimandato;0;NON DECEDUTO;Non accertato;Inesploso
4267258;19;09/03/2019 19:30:00;Strada Urbana;VIA EMILIO DRACONZIO;in prossimità;;del civico n.;7;;Veicolo in marcia contro veicolo in sosta;Rettilineo;Una carreggiata a senso unico di marcia;Asciutto;Asfaltata;Verticale ed orizzontale;Sereno;Scarso;Buona;Sufficiente;1;0;0;0;12.4378;41.9145;-1;2;Autovettura privata;Sosta;;;;;;;
4267265;4;08/03/2019 16:50:00;Strada Urbana;VIA UGO OJETTI;da specificare;;;;fronte civ. 478;Tamponamento;Rettilineo;Due carreggiate;Asciutto;Asfaltata;Verticale ed orizzontale;Nuvoloso;Intenso;Buona;Ore Diurne;1;0;0;1;12.5546;41.947;-1;1;Autovettura privata;In marcia / fermata / arresto;Conducente;M;Illeso;0;;;
4267265;4;08/03/2019 16:50:00;Strada Urbana;VIA UGO OJETTI;da specificare;;;;fronte civ. 478;Tamponamento;Rettilineo;Due carreggiate;Asciutto;Asfaltata;Verticale ed orizzontale;Nuvoloso;Intenso;Buona;Ore Diurne;1;0;0;1;12.5546;41.947;-1;2;Autovettura privata;In marcia / fermata / arresto;Conducente;M;Rifiuta cure immediate;0;NON DECEDUTO;;
4267295;4;09/03/2019 11:20:00;Statale entro l'abitato;VIA SALARIA;in prossimità;;del civico n.;750;;Tamponamento Multiplo;Rettilineo;Due carreggiate;Asciutto;Asfaltata;Orizzontale;Sereno;Normale;Buona;Ore Diurne;0;0;0;4;12.5065;41.9669;-1;1;Autocarro inferiore 35 q.;In marcia / fermata / arresto;Conducente;M;Illeso;0;;;
4267295;4;09/03/2019 11:20:00;Statale entro l'abitato;VIA SALARIA;in prossimità;;del civico n.;750;;Tamponamento Multiplo;Rettilineo;Due carreggiate;Asciutto;Asfaltata;Orizzontale;Sereno;Normale;Buona;Ore Diurne;0;0;0;4;12.5065;41.9669;-1;2;Autovettura privata;In marcia / fermata / arresto;Conducente;M;Illeso;0;;;
4267295;4;09/03/2019 11:20:00;Statale entro l'abitato;VIA SALARIA;in prossimità;;del civico n.;750;;Tamponamento Multiplo;Rettilineo;Due carreggiate;Asciutto;Asfaltata;Orizzontale;Sereno;Normale;Buona;Ore Diurne;0;0;0;4;12.5065;41.9669;-1;3;Autovettura privata;In marcia / fermata / arresto;Conducente;M;Illeso;0;;;
4267295;4;09/03/2019 11:20:00;Statale entro l'abitato;VIA SALARIA;in prossimità;;del civico n.;750;;Tamponamento Multiplo;Rettilineo;Due carreggiate;Asciutto;Asfaltata;Orizzontale;Sereno;Normale;Buona;Ore Diurne;0;0;0;4;12.5065;41.9669;-1;3;Autovettura privata;In marcia / fermata / arresto;Passeggero;M;Illeso;0;;;
4267296;4;09/03/2019 20:15:00;Strada Urbana;VIA MARIO SOLDATI;all'intersezione con;VIA ALBERTO LIONELLO;VIA ALBERTO LIONELLO;;;Scontro laterale fra veicoli in marcia;Intersezione semaforizzata;Una carreggiata a doppio senso;Asciutto;Asfaltata;Verticale ed orizzontale;Sereno;Normale;Buona;Sufficiente;0;0;0;2;12.5348;41.9698;-1;1;Motociclo a solo;In marcia / fermata / arresto;Conducente;M;Illeso;0;;;
4267296;4;09/03/2019 20:15:00;Strada Urbana;VIA MARIO SOLDATI;all'intersezione con;VIA ALBERTO LIONELLO;VIA ALBERTO LIONELLO;;;Scontro laterale fra veicoli in marcia;Intersezione semaforizzata;Una carreggiata a doppio senso;Asciutto;Asfaltata;Verticale ed orizzontale;Sereno;Normale;Buona;Sufficiente;0;0;0;2;12.5348;41.9698;-1;2;Autovettura privata;In marcia / fermata / arresto;Conducente;F;Illeso;0;;;
4267309;13;11/03/2019 02:30:00;Strada Urbana;VIA COSTANZO CASANA;in prossimità;;del civico n.;206;;Veicolo in marcia contro veicolo in sosta;Rettilineo;Due carreggiate;Asciutto;Asfaltata;Orizzontale;Nuvoloso;Scarso;Buona;Ore Diurne;0;0;0;1;12.268;41.7387;-1;1;Autovettura privata;Sosta;;;;;;;
4267309;13;11/03/2019 02:30:00;Strada Urbana;VIA COSTANZO CASANA;in prossimità;;del civico n.;206;;Veicolo in marcia contro veicolo in sosta;Rettilineo;Due carreggiate;Asciutto;Asfaltata;Orizzontale;Nuvoloso;Scarso;Buona;Ore Diurne;0;0;0;1;12.268;41.7387;-1;2;Autovettura privata;In marcia / fermata / arresto;Conducente;F;Illeso;0;;;
4267324;10;12/03/2019 07:15:00;Statale entro l'abitato;VIA APPIA NUOVA;da specificare;;;;alt.rampa gra;Tamponamento;Rettilineo;Una carreggiata a senso unico di marcia;Asciutto;Asfaltata;Verticale ed orizzontale;Sereno;Normale;Sufficiente;Ore Diurne;1;0;0;1;12.5735;41.8142;-1;1;Autovettura privata;In marcia / fermata / arresto;Conducente;M;Illeso;0;;Non accertato;Inesploso
4267324;10;12/03/2019 07:15:00;Statale entro l'abitato;VIA APPIA NUOVA;da specificare;;;;alt.rampa gra;Tamponamento;Rettilineo;Una carreggiata a senso unico di marcia;Asciutto;Asfaltata;Verticale ed orizzontale;Sereno;Normale;Sufficiente;Ore Diurne;1;0;0;1;12.5735;41.8142;-1;2;Motociclo a solo;In marcia / fermata / arresto;Conducente;M;Rimandato;0;NON DECEDUTO;Non accertato;
4267328;4;10/03/2019 10:10:00;Strada Urbana;VIA PECCIOLI;in corrispondenza;;del civico n.;44;;Veicolo in marcia contro veicolo in sosta;Rettilineo;Una carreggiata a doppio senso;Asciutto;Asfaltata;Verticale ed orizzontale;Nuvoloso;Scarso;Buona;Ore Diurne;0;0;0;1;12.512;41.9482;-1;1;Autovettura privata;In marcia / fermata / arresto;Conducente;M;Illeso;0;;;
4267328;4;10/03/2019 10:10:00;Strada Urbana;VIA PECCIOLI;in corrispondenza;;del civico n.;44;;Veicolo in marcia contro veicolo in sosta;Rettilineo;Una carreggiata a doppio senso;Asciutto;Asfaltata;Verticale ed orizzontale;Nuvoloso;Scarso;Buona;Ore Diurne;0;0;0;1;12.512;41.9482;-1;2;Autovettura privata;Sosta;;;;;;;
4267335;4;09/03/2019 09:40:00;Strada Urbana;VIA DI CASAL BOCCONE;da specificare;;;;fronte civico 102;Investimento di pedone;Curva senza visuale libera;Due carreggiate;Asciutto;Asfaltata;Verticale ed orizzontale;Sereno;Normale;Buona;Ore Diurne;1;0;0;2;12.5572;41.9577;-1;;;;Pedone;M;Rimandato;0;NON DECEDUTO;;
4267335;4;09/03/2019 09:40:00;Strada Urbana;VIA DI CASAL BOCCONE;da specificare;;;;fronte civico 102;Investimento di pedone;Curva senza visuale libera;Due carreggiate;Asciutto;Asfaltata;Verticale ed orizzontale;Sereno;Normale;Buona;Ore Diurne;1;0;0;2;12.5572;41.9577;-1;1;Autovettura privata;In marcia / fermata / arresto;Conducente;M;Illeso;0;;;
4267335;4;09/03/2019 09:40:00;Strada Urbana;VIA DI CASAL BOCCONE;da specificare;;;;fronte civico 102;Investimento di pedone;Curva senza visuale libera;Due carreggiate;Asciutto;Asfaltata;Verticale ed orizzontale;Sereno;Normale;Buona;Ore Diurne;1;0;0;2;12.5572;41.9577;-1;1;Autovettura privata;In marcia / fermata / arresto;Passeggero;F;Illeso;0;;;
4267338;16;09/03/2019 11:45:00;Strada Urbana;VIA DEL FONTANILE DI MEZZALUNA;in prossimità;;del civico n.;285;;Veicolo in marcia contro ostacolo fisso;Rettilineo;Una carreggiata a doppio senso;Asciutto;Asfaltata;Assente;Sereno;Intenso;Buona;Ore Diurne;2;0;0;0;12.2606;41.9064;-1;1;Autovettura privata;In marcia / fermata / arresto;Conducente;F;Rimandato;0;NON DECEDUTO;Non accertato;Esploso
4267338;16;09/03/2019 11:45:00;Strada Urbana;VIA DEL FONTANILE DI MEZZALUNA;in prossimità;;del civico n.;285;;Veicolo in marcia contro ostacolo fisso;Rettilineo;Una carreggiata a doppio senso;Asciutto;Asfaltata;Assente;Sereno;Intenso;Buona;Ore Diurne;2;0;0;0;12.2606;41.9064;-1;1;Autovettura privata;In marcia / fermata / arresto;Passeggero;F;Rimandato;0;NON DECEDUTO;Non accertato;Esploso
4267343;23;09/03/2019 21:30:00;Strada Urbana;VIALE DELLO SCALO S. LORENZO;all'intersezione con;VIA DEI RETI;VIA DEI RETI;;;Scontro frontale/laterale SX fra veicoli in marcia;Incrocio;Due carreggiate;Asciutto;Asfaltata;Verticale ed orizzontale;Nuvoloso;Scarso;Buona;Sufficiente;1;0;0;1;12.5196;41.8974;-1;1;Autovettura privata;In marcia / fermata / arresto;Conducente;M;Illeso;0;;Non accertato;Inesploso
4267343;23;09/03/2019 21:30:00;Strada Urbana;VIALE DELLO SCALO S. LORENZO;all'intersezione con;VIA DEI RETI;VIA DEI RETI;;;Scontro frontale/laterale SX fra veicoli in marcia;Incrocio;Due carreggiate;Asciutto;Asfaltata;Verticale ed orizzontale;Nuvoloso;Scarso;Buona;Sufficiente;1;0;0;1;12.5196;41.8974;-1;2;Velocipede;In marcia / fermata / arresto;Conducente;M;Rimandato;0;NON DECEDUTO;Esente;
4267359;17;10/03/2019 02:10:00;Strada Urbana;LUNGOTEVERE DEI MELLINI;da specificare;;;;FRONTE CIVICO 10;Scontro laterale fra veicoli in marcia;Rettilineo;Più di due carreggiate;Asciutto;Asfaltata;Verticale ed orizzontale;Nuvoloso;Scarso;Sufficiente;Sufficiente;0;0;0;5;12.4729;41.9075;-1;1;Autovettura privata;In marcia / fermata / arresto;Conducente;M;Illeso;0;;;
4267359;17;10/03/2019 02:10:00;Strada Urbana;LUNGOTEVERE DEI MELLINI;da specificare;;;;FRONTE CIVICO 10;Scontro laterale fra veicoli in marcia;Rettilineo;Più di due carreggiate;Asciutto;Asfaltata;Verticale ed orizzontale;Nuvoloso;Scarso;Sufficiente;Sufficiente;0;0;0;5;12.4729;41.9075;-1;1;Autovettura privata;In marcia / fermata / arresto;Passeggero;M;Illeso;0;;;
4267359;17;10/03/2019 02:10:00;Strada Urbana;LUNGOTEVERE DEI MELLINI;da specificare;;;;FRONTE CIVICO 10;Scontro laterale fra veicoli in marcia;Rettilineo;Più di due carreggiate;Asciutto;Asfaltata;Verticale ed orizzontale;Nuvoloso;Scarso;Sufficiente;Sufficiente;0;0;0;5;12.4729;41.9075;-1;1;Autovettura privata;In marcia / fermata / arresto;Passeggero;M;Illeso;0;;;
4267359;17;10/03/2019 02:10:00;Strada Urbana;LUNGOTEVERE DEI MELLINI;da specificare;;;;FRONTE CIVICO 10;Scontro laterale fra veicoli in marcia;Rettilineo;Più di due carreggiate;Asciutto;Asfaltata;Verticale ed orizzontale;Nuvoloso;Scarso;Sufficiente;Sufficiente;0;0;0;5;12.4729;41.9075;-1;2;Autovettura privata;In marcia / fermata / arresto;Conducente;F;Illeso;0;;;
4267359;17;10/03/2019 02:10:00;Strada Urbana;LUNGOTEVERE DEI MELLINI;da specificare;;;;FRONTE CIVICO 10;Scontro laterale fra veicoli in marcia;Rettilineo;Più di due carreggiate;Asciutto;Asfaltata;Verticale ed orizzontale;Nuvoloso;Scarso;Sufficiente;Sufficiente;0;0;0;5;12.4729;41.9075;-1;2;Autovettura privata;In marcia / fermata / arresto;Passeggero;F;Illeso;0;;;
4267369;4;10/03/2019 15:20:00;Strada Urbana;VIALE JONIO;all'intersezione semaforizzata con;VIA COL DI REZIA;VIA COL DI REZIA;;;Scontro laterale fra veicoli in marcia;Intersezione semaforizzata;Due carreggiate;Asciutto;Asfaltata;Verticale ed orizzontale;Nuvoloso;Scarso;Buona;Ore Diurne;0;0;0;2;12.536;41.9442;-1;1;Autovettura privata;In marcia / fermata / arresto;Conducente;F;Illeso;0;;;
4267369;4;10/03/2019 15:20:00;Strada Urbana;VIALE JONIO;all'intersezione semaforizzata con;VIA COL DI REZIA;VIA COL DI REZIA;;;Scontro laterale fra veicoli in marcia;Intersezione semaforizzata;Due carreggiate;Asciutto;Asfaltata;Verticale ed orizzontale;Nuvoloso;Scarso;Buona;Ore Diurne;0;0;0;2;12.536;41.9442;-1;2;Autovettura di polizia;In marcia / fermata / arresto;Conducente;M;Illeso;0;;;
4267373;4;10/03/2019 12:00:00;Strada Urbana;VIALE TIRRENO;all'intersezione con;PIAZZA CAPRI;PIAZZA CAPRI;;;Veicolo in marcia contro veicoli in sosta;Intersezione semaforizzata;Due carreggiate;Asciutto;Asfaltata;Verticale ed orizzontale;Nuvoloso;Scarso;Buona;Ore Diurne;0;0;0;1;12.5285;41.9438;-1;1;Autovettura privata;Sosta;;;;;;;