Protocollo;Gruppo;DataOraIncidente;Localizzazione1;STRADA1;Localizzazione2;STRADA2;Strada02;Chilometrica;DaSpecificare;NaturaIncidente;particolaritastrade;TipoStrada;FondoStradale;Pavimentazione;Segnaletica;CondizioneAtmosferica;Traffico;Visibilita;Illuminazione;NUM_FERITI;NUM_RISERVATA;NUM_MORTI;NUM_ILLESI;Longitudine;Latitudine;Confermato;Progressivo;TipoVeicolo;StatoVeicolo;TipoPersona;Sesso;Tipolesione;Deceduto;DecedutoDopo;CinturaCascoUtilizzato;Airbag;
4269085;20;11/03/2019 12:45:00;Strada Urbana;VIA DELLA GIUSTINIANA;all'intersezione con;VIA VEIENTANA;VIA VEIENTANA;;;Scontro frontale/laterale SX fra veicoli in marcia;Incrocio;Una carreggiata a doppio senso;Asciutto;Asfaltata;Orizzontale;Sereno;Normale;Buona;Ore Diurne;0;0;0;4;12.443;41.9949;-1;2;Autovettura privata;In marcia / fermata / arresto;Conducente;M;Illeso;0;;Non accertato;Inesploso
4269085;20;11/03/2019 12:45:00;Strada Urbana;VIA DELLA GIUSTINIANA;all'intersezione con;VIA VEIENTANA;VIA VEIENTANA;;;Scontro frontale/laterale SX fra veicoli in marcia;Incrocio;Una carreggiata a doppio senso;Asciutto;Asfaltata;Orizzontale;Sereno;Normale;Buona;Ore Diurne;0;0;0;4;12.443;41.9949;-1;2;Autovettura privata;In marcia / fermata / arresto;Passeggero;F;Illeso;0;;Non accertato;Inesploso
4269085;20;11/03/2019 12:45:00;Strada Urbana;VIA DELLA GIUSTINIANA;all'intersezione con;VIA VEIENTANA;VIA VEIENTANA;;;Scontro frontale/laterale SX fra veicoli in marcia;Incrocio;Una carreggiata a doppio senso;Asciutto;Asfaltata;Orizzontale;Sereno;Normale;Buona;Ore Diurne;0;0;0;4;12.443;41.9949;-1;2;Autovettura privata;In marcia / fermata / arresto;Passeggero;M;Illeso;0;;Non accertato;Inesploso
4269095;10;11/03/2019 16:05:00;Strada Urbana;VIA ANAGNINA;da specificare;;;;50 metri dopo intersezione via di Casal Morena;Scontro laterale fra veicoli in marcia;Curva a visuale libera;Due carreggiate;Asciutto;Asfaltata;Verticale ed orizzontale;Sereno;Normale;Buona;Ore Diurne;0;0;0;2;12.62;41.8143;-1;1;Autovettura privata;In marcia / fermata / arresto;Conducente;M;Illeso;0;;Non accertato;Inesploso
4269095;10;11/03/2019 16:05:00;Strada Urbana;VIA ANAGNINA;da specificare;;;;50 metri dopo intersezione via di Casal Morena;Scontro laterale fra veicoli in marcia;Curva a visuale libera;Due carreggiate;Asciutto;Asfaltata;Verticale ed orizzontale;Sereno;Normale;Buona;Ore Diurne;0;0;0;2;12.62;41.8143;-1;2;Autovettura privata;Allontanatosi;Conducente;M;Illeso;0;;Non accertato;Inesploso
4269101;19;11/03/2019 16:20:00;Strada Urbana;VIA DI SELVA CANDIDA;in corrispondenza;;del civico n.;344;;Scontro laterale fra veicoli in marcia;Rettilineo;Una carreggiata a doppio senso;Asciutto;Asfaltata;Orizzontale;Sereno;Normale;Buona;Ore Diurne;0;0;0;2;12.3779;41.9369;-1;1;Autovettura privata;In marcia / fermata / arresto;Conducente;F;Illeso;0;;Non accertato;Inesploso
4269101;19;11/03/2019 16:20:00;Strada Urbana;VIA DI SELVA CANDIDA;in corrispondenza;;del civico n.;344;;Scontro laterale fra veicoli in marcia;Rettilineo;Una carreggiata a doppio senso;Asciutto;Asfaltata;Orizzontale;Sereno;Normale;Buona;Ore Diurne;0;0;0;2;12.3779;41.9369;-1;2;Autovettura privata;In marcia / fermata / arresto;Conducente;F;Illeso;0;;Non accertato;Inesploso
4269105;17;11/03/2019 15:55:00;Strada Urbana;VIA ANDREA DORIA;all'intersezione con;VIA GIORDANO BRUNO;VIA GIORDANO BRUNO;;;Scontro laterale fra veicoli in marcia;Incrocio;Una carreggiata a doppio senso;Asciutto;Asfaltata;Verticale ed orizzontale;Sereno;Normale;Sufficiente;Ore Diurne;0;0;0;2;12.4531;41.91;-1;1;Autovettura privata;In marcia / fermata / arresto;Conducente;F;Illeso;0;;;
4269105;17;11/03/2019 15:55:00;Strada Urbana;VIA ANDREA DORIA;all'intersezione con;VIA GIORDANO BRUNO;VIA GIORDANO BRUNO;;;Scontro laterale fra veicoli in marcia;Incrocio;Una carreggiata a doppio senso;Asciutto;Asfaltata;Verticale ed orizzontale;Sereno;Normale;Sufficiente;Ore Diurne;0;0;0;2;12.4531;41.91;-1;2;Autovettura di polizia;In marcia / fermata / arresto;Conducente;M;Illeso;0;;;
4269109;13;11/03/2019 19:50:00;Strada Urbana;VIALE PRASSILLA;all'intersezione con;VIA CHILONE;VIA CHILONE;;;Scontro frontale/laterale DX fra veicoli in marcia;Incrocio;Due carreggiate;Asciutto;Asfaltata;Verticale;Nuvoloso;Scarso;Sufficiente;Sufficiente;1;0;0;2;12.3571;41.7523;-1;1;Autovettura privata;In marcia / fermata / arresto;Conducente;M;Illeso;0;;Non accertato;Inesploso
4269109;13;11/03/2019 19:50:00;Strada Urbana;VIALE PRASSILLA;all'intersezione con;VIA CHILONE;VIA CHILONE;;;Scontro frontale/laterale DX fra veicoli in marcia;Incrocio;Due carreggiate;Asciutto;Asfaltata;Verticale;Nuvoloso;Scarso;Sufficiente;Sufficiente;1;0;0;2;12.3571;41.7523;-1;1;Autovettura privata;In marcia / fermata / arresto;Passeggero;M;Illeso;0;;Non accertato;Inesploso
4269109;13;11/03/2019 19:50:00;Strada Urbana;VIALE PRASSILLA;all'intersezione con;VIA CHILONE;VIA CHILONE;;;Scontro frontale/laterale DX fra veicoli in marcia;Incrocio;Due carreggiate;Asciutto;Asfaltata;Verticale;Nuvoloso;Scarso;Sufficiente;Sufficiente;1;0;0;2;12.3571;41.7523;-1;2;Autovettura privata;In marcia / fermata / arresto;Conducente;M;Rimandato;0;NON DECEDUTO;Non accertato;Inesploso
4269117;19;11/03/2019 14:45:00;Strada Urbana;VIA DEL FORTE BRASCHI;all'intersezione con;VIA MATTIA BATTISTINI;VIA MATTIA BATTISTINI;;;Investimento di pedone;Incrocio;Una carreggiata a doppio senso;Asciutto;Asfaltata;Verticale ed orizzontale;Sereno;Normale;Buona;Ore Diurne;0;0;0;2;12.4199;41.9134;-1;;;;Pedone;M;Illeso;0;;;
4269117;19;11/03/2019 14:45:00;Strada Urbana;VIA DEL FORTE BRASCHI;all'intersezione con;VIA MATTIA BATTISTINI;VIA MATTIA BATTISTINI;;;Investimento di pedone;Incrocio;Una carreggiata a doppio senso;Asciutto;Asfaltata;Verticale ed orizzontale;Sereno;Normale;Buona;Ore Diurne;0;0;0;2;12.4199;41.9134;-1;1;Autocarro superiore 35 q.;In marcia / fermata / arresto;Conducente;M;Illeso;0;;Non accertato;Inesploso
4269127;10;11/03/2019 08:00:00;Strada Urbana;VIA APPIA NUOVA;da specificare;;;;altezza via del Quadraro;Veicolo in marcia contro ostacolo accidentale;Rettilineo;Due carreggiate;Asciutto;Asfaltata;Verticale ed orizzontale;Nuvoloso;Normale;Buona;Ore Diurne;0;0;0;1;12.5496;41.8501;-1;1;Motociclo a solo;In marcia / fermata / arresto;Conducente;M;Illeso;0;;Non accertato;
4269128;13;11/03/2019 17:00:00;Strada Urbana;VIA ERMANNO CARLOTTO;in prossimità;;del civico n.;66;;Veicolo in marcia contro veicoli in sosta;Rettilineo;Due carreggiate;Asciutto;Asfaltata;Orizzontale;Sereno;Normale;Buona;Ore Diurne;1;0;0;1;12.2888;41.7326;-1;1;Velocipede;In marcia / fermata / arresto;Conducente;M;Rimandato;0;NON DECEDUTO;Esente;
4269128;13;11/03/2019 17:00:00;Strada Urbana;VIA ERMANNO CARLOTTO;in prossimità;;del civico n.;66;;Veicolo in marcia contro veicoli in sosta;Rettilineo;Due carreggiate;Asciutto;Asfaltata;Orizzontale;Sereno;Normale;Buona;Ore Diurne;1;0;0;1;12.2888;41.7326;-1;2;Autovettura privata;In marcia / fermata / arresto;Conducente;F;Illeso;0;;Non accertato;Inesploso
4269129;5;11/03/2019 09:00:00;Strada Urbana;NUOVA CIRCONVALLAZIONE INTERNA;da specificare;;;;dir. san giovanni alt. ponte della ferrovia/st. ti;Veicolo in marcia contro ostacolo accidentale;Rettilineo;Due carreggiate;Asciutto;Asfaltata;Verticale ed orizzontale;Sereno;Normale;Buona;Ore Diurne;1;0;0;0;12.5337;41.9084;-1;1;Motociclo a solo;In marcia / fermata / arresto;Conducente;M;Rimandato;0;NON DECEDUTO;Non accertato;
4269151;10;11/03/2019 12:15:00;Strada Urbana;PIAZZA ETTORE VIOLA;all'intersezione con;VIA OTELLO STEFANINI;VIA OTELLO STEFANINI;;;Scontro frontale/laterale SX fra veicoli in marcia;Rotatoria;Una carreggiata a senso unico di marcia;Asciutto;Asfaltata;Verticale ed orizzontale;Nuvoloso;Normale;Buona;Ore Diurne;0;0;0;2;12.5858;41.8454;-1;1;Autovettura privata;In marcia / fermata / arresto;Conducente;M;Illeso;0;;Non accertato;Esploso
4269151;10;11/03/2019 12:15:00;Strada Urbana;PIAZZA ETTORE VIOLA;all'intersezione con;VIA OTELLO STEFANINI;VIA OTELLO STEFANINI;;;Scontro frontale/laterale SX fra veicoli in marcia;Rotatoria;Una carreggiata a senso unico di marcia;Asciutto;Asfaltata;Verticale ed orizzontale;Nuvoloso;Normale;Buona;Ore Diurne;0;0;0;2;12.5858;41.8454;-1;2;Autovettura privata;In marcia / fermata / arresto;Conducente;M;Illeso;0;;Non accertato;Inesploso
4269176;20;11/03/2019 19:45:00;Strada Urbana;VIA DEL FORO ITALICO;da specificare;;;;Tangenziale Est dir. Salaria pros. palo ACEA 275;Tamponamento;Rettilineo;Una carreggiata a senso unico di marcia;Asciutto;Asfaltata;Verticale ed orizzontale;Sereno;Intenso;Buona;Sufficiente;0;0;0;4;12.4828;41.94;-1;1;Autovettura privata;In marcia / fermata / arresto;Conducente;M;Illeso;0;;;
4269176;20;11/03/2019 19:45:00;Strada Urbana;VIA DEL FORO ITALICO;da specificare;;;;Tangenziale Est dir. Salaria pros. palo ACEA 275;Tamponamento;Rettilineo;Una carreggiata a senso unico di marcia;Asciutto;Asfaltata;Verticale ed orizzontale;Sereno;Intenso;Buona;Sufficiente;0;0;0;4;12.4828;41.94;-1;1;Autovettura privata;In marcia / fermata / arresto;Passeggero;F;Illeso;0;;Non accertato;
4269176;20;11/03/2019 19:45:00;Strada Urbana;VIA DEL FORO ITALICO;da specificare;;;;Tangenziale Est dir. Salaria pros. palo ACEA 275;Tamponamento;Rettilineo;Una carreggiata a senso unico di marcia;Asciutto;Asfaltata;Verticale ed orizzontale;Sereno;Intenso;Buona;Sufficiente;0;0;0;4;12.4828;41.94;-1;2;Autovettura privata;In marcia / fermata / arresto;Conducente;M;Illeso;0;;;
4269176;20;11/03/2019 19:45:00;Strada Urbana;VIA DEL FORO ITALICO;da specificare;;;;Tangenziale Est dir. Salaria pros. palo ACEA 275;Tamponamento;Rettilineo;Una carreggiata a senso unico di marcia;Asciutto;Asfaltata;Verticale ed orizzontale;Sereno;Intenso;Buona;Sufficiente;0;0;0;4;12.4828;41.94;-1;2;Autovettura privata;In marcia / fermata / arresto;Passeggero;F;Illeso;0;;Non accertato;
4269184;5;11/03/2019 16:25:00;Strada Urbana;VIA ANGELICA BALABANOFF;in prossimità;;del civico n.;114;;Scontro frontale fra veicoli in marcia;Rettilineo;Due carreggiate;Asciutto;Asfaltata;Verticale;Sereno;Normale;Buona;Ore Diurne;0;0;0;5;12.5746;41.9182;-1;1;Autovettura privata;In marcia / fermata / arresto;Conducente;F;Illeso;0;;Non accertato;Inesploso
4269184;5;11/03/2019 16:25:00;Strada Urbana;VIA ANGELICA BALABANOFF;in prossimità;;del civico n.;114;;Scontro frontale fra veicoli in marcia;Rettilineo;Due carreggiate;Asciutto;Asfaltata;Verticale;Sereno;Normale;Buona;Ore Diurne;0;0;0;5;12.5746;41.9182;-1;1;Autovettura privata;In marcia / fermata / arresto;Passeggero;M;Illeso;0;;Non accertato;Inesploso
4269184;5;11/03/2019 16:25:00;Strada Urbana;VIA ANGELICA BALABANOFF;in prossimità;;del civico n.;114;;Scontro frontale fra veicoli in marcia;Rettilineo;Due carreggiate;Asciutto;Asfaltata;Verticale;Sereno;Normale;Buona;Ore Diurne;0;0;0;5;12.5746;41.9182;-1;2;Autovettura privata;In marcia / fermata / arresto;Conducente;M;Illeso;0;;Non accertato;Inesploso
4269184;5;11/03/2019 16:25:00;Strada Urbana;VIA ANGELICA BALABANOFF;in prossimità;;del civico n.;114;;Scontro frontale fra veicoli in marcia;Rettilineo;Due carreggiate;Asciutto;Asfaltata;Verticale;Sereno;Normale;Buona;Ore Diurne;0;0;0;5;12.5746;41.9182;-1;2;Autovettura privata;In marcia / fermata / arresto;Passeggero;M;Illeso;0;;Non accertato;Inesploso
4269184;5;11/03/2019 16:25:00;Strada Urbana;VIA ANGELICA BALABANOFF;in prossimità;;del civico n.;114;;Scontro frontale fra veicoli in marcia;Rettilineo;Due carreggiate;Asciutto;Asfaltata;Verticale;Sereno;Normale;Buona;Ore Diurne;0;0;0;5;12.5746;41.9182;-1;2;Autovettura privata;In marcia / fermata / arresto;Passeggero;M;Illeso;0;;Non accertato;Inesploso
4269187;20;11/03/2019 18:25:00;Strada Urbana;VIA DI VILLA SEVERINI;in prossimità;;del civico n.;10;;Veicolo in marcia contro veicolo in sosta;Rettilineo;Una carreggiata a doppio senso;Asciutto;Asfaltata;Assente;Sereno;Normale;Buona;Sufficiente;0;0;0;1;12.4701;41.9472;-1;1;Autovettura privata;In marcia / fermata / arresto;Conducente;M;Illeso;0;;Non accertato;Inesploso
4269187;20;11/03/2019 18:25:00;Strada Urbana;VIA DI VILLA SEVERINI;in prossimità;;del civico n.;10;;Veicolo in marcia contro veicolo in sosta;Rettilineo;Una carreggiata a doppio senso;Asciutto;Asfaltata;Assente;Sereno;Normale;Buona;Sufficiente;0;0;0;1;12.4701;41.9472;-1;2;Autovettura privata;Sosta;;;;;;;
4269188;13;11/03/2019 20:45:00;Strada Urbana;VIA OSTIENSE;da specificare;;;;Km 26 della via del Mare;Veicolo in marcia contro ostacolo accidentale;Rettilineo;Una carreggiata a doppio senso;Bagnato (pioggia);Asfaltata;Verticale;Pioggia in atto;Normale;Insufficiente;Insufficiente;0;0;0;1;12.4229;41.8109;-1;1;Autovettura privata;In marcia / fermata / arresto;Conducente;M;Illeso;0;;Non accertato;Inesploso
4269195;6;12/03/2019 05:50:00;Statale entro l'abitato;VIA CASILINA;in prossimità;;del civico n.;336;;Veicolo in marcia contro veicoli in sosta;Rettilineo;Una carreggiata a senso unico di marcia;Asciutto;Asfaltata;Assente;Sereno;Scarso;Buona;Ore Diurne;0;0;0;1;12.5366;41.8823;-1;1;Autovettura privata;In marcia / fermata / arresto;Conducente;F;Illeso;0;;;Esploso
4269195;6;12/03/2019 05:50:00;Statale entro l'abitato;VIA CASILINA;in prossimità;;del civico n.;336;;Veicolo in marcia contro veicoli in sosta;Rettilineo;Una carreggiata a senso unico di marcia;Asciutto;Asfaltata;Assente;Sereno;Scarso;Buona;Ore Diurne;0;0;0;1;12.5366;41.8823;-1;2;Autovettura privata;Sosta;;;;;;;
4269195;6;12/03/2019 05:50:00;Statale entro l'abitato;VIA CASILINA;in prossimità;;del civico n.;336;;Veicolo in marcia contro veicoli in sosta;Rettilineo;Una carreggiata a senso unico di marcia;Asciutto;Asfaltata;Assente;Sereno;Scarso;Buona;Ore Diurne;0;0;0;1;12.5366;41.8823;-1;3;Autovettura privata;Sosta;;;;;;;
4269206;1;11/03/2019 20:00:00;Strada Urbana;PIAZZA DELLA ROVERE;da specificare;;;;VIA S. ONOFRIO;Veicolo in marcia contro ostacolo fisso;Rettilineo;Una carreggiata a senso unico di marcia;Asciutto;Asfaltata;Verticale;Nuvoloso;Normale;Sufficiente;Ore Diurne;1;0;0;0;12.4626;41.8991;-1;1;Motociclo a solo;In marcia / fermata / arresto;Conducente;M;Rimandato;0;NON DECEDUTO;Non accertato;
4269206;1;11/03/2019 20:00:00;Strada Urbana;PIAZZA DELLA ROVERE;da specificare;;;;VIA S. ONOFRIO;Veicolo in marcia contro ostacolo fisso;Rettilineo;Una carreggiata a senso unico di marcia;Asciutto;Asfaltata;Verticale;Nuvoloso;Normale;Sufficiente;Ore Diurne;1;0;0;0;12.4626;41.8991;-1;2;Autovettura privata;In marcia / fermata / arresto;;;;;;;
4269212;5;11/03/2019 10:30:00;Strada Urbana;VICOLO DEL CASALE ROCCHI;in prossimità;;del palo luce n.;25;;Investimento di pedone;Curva senza visuale libera;Una carreggiata a doppio senso;Asciutto;Asfaltata;Assente;Sereno;Scarso;Buona;Ore Diurne;1;0;0;0;12.5463;41.9283;-1;;;;Pedone;M;Rimandato;0;NON DECEDUTO;;
4269219;7;11/03/2019 17:00:00;Strada Urbana;VIA DELLA CISTERNOLA;all'intersezione con;VIA AMBROGIO BINDA;VIA AMBROGIO BINDA;;;Scontro laterale fra veicoli in marcia;Incrocio;Una carreggiata a doppio senso;Asciutto;Asfaltata;Verticale ed orizzontale;Sereno;Normale;Buona;Ore Diurne;0;0;0;3;12.6082;41.8868;-1;1;Autocarro inferiore 35 q.;In marcia / fermata / arresto;Conducente;M;Illeso;0;;;
4269219;7;11/03/2019 17:00:00;Strada Urbana;VIA DELLA CISTERNOLA;all'intersezione con;VIA AMBROGIO BINDA;VIA AMBROGIO BINDA;;;Scontro laterale fra veicoli in marcia;Incrocio;Una carreggiata a doppio senso;Asciutto;Asfaltata;Verticale ed orizzontale;Sereno;Normale;Buona;Ore Diurne;0;0;0;3;12.6082;41.8868;-1;2;Motociclo con passeggero;In marcia / fermata / arresto;Conducente;M;Illeso;0;;;
4269219;7;11/03/2019 17:00:00;Strada Urbana;VIA DELLA CISTERNOLA;all'intersezione con;VIA AMBROGIO BINDA;VIA AMBROGIO BINDA;;;Scontro laterale fra veicoli in marcia;Incrocio;Una carreggiata a doppio senso;Asciutto;Asfaltata;Verticale ed orizzontale;Sereno;Normale;Buona;Ore Diurne;0;0;0;3;12.6082;41.8868;-1;2;Motociclo con passeggero;In marcia / fermata / arresto;Passeggero;M;Illeso;0;;;
4269229;4;11/03/2019 07:25:00;Strada Urbana;VIALE ADRIATICO;da specificare;;;;fronte VIA MONVISO;Scontro laterale fra veicoli in marcia;Rettilineo;Una carreggiata a doppio senso;Asciutto;Asfaltata;Verticale;Nuvoloso;Normale;Buona;Ore Diurne;1;0;0;2;12.5361;41.9404;-1;1;Motociclo a solo;In marcia / fermata / arresto;Conducente;M;Rimandato;0;NON DECEDUTO;Non accertato;
4269229;4;11/03/2019 07:25:00;Strada Urbana;VIALE ADRIATICO;da specificare;;;;fronte VIA MONVISO;Scontro laterale fra veicoli in marcia;Rettilineo;Una carreggiata a doppio senso;Asciutto;Asfaltata;Verticale;Nuvoloso;Normale;Buona;Ore Diurne;1;0;0;2;12.5361;41.9404;-1;2;Macchina operatrice;In marcia / fermata / arresto;Conducente;F;Illeso;0;;Non accertato;
4269229;4;11/03/2019 07:25:00;Strada Urbana;VIALE ADRIATICO;da specificare;;;;fronte VIA MONVISO;Scontro laterale fra veicoli in marcia;Rettilineo;Una carreggiata a doppio senso;Asciutto;Asfaltata;Verticale;Nuvoloso;Normale;Buona;Ore Diurne;1;0;0;2;12.5361;41.9404;-1;2;Macchina operatrice;In marcia / fermata / arresto;Passeggero;F;Illeso;0;;;
4269243;7;11/03/2019 14:00:00;Strada Urbana;VIALE DELLA BELLA VILLA;all'intersezione con;VIA FRANCESCO BONAFEDE;VIA FRANCESCO BONAFEDE;;;Scontro laterale fra veicoli in marcia;Rotatoria;Una carreggiata a senso unico di marcia;Asciutto;Asfaltata;Verticale ed orizzontale;Sereno;Normale;Buona;Ore Diurne;0;0;0;2;12.5825;41.8724;-1;1;Motociclo a solo;In marcia / fermata / arresto;;;;;;;
4269243;7;11/03/2019 14:00:00;Strada Urbana;VIALE DELLA BELLA VILLA;all'intersezione con;VIA FRANCESCO BONAFEDE;VIA FRANCESCO BONAFEDE;;;Scontro laterale fra veicoli in marcia;Rotatoria;Una carreggiata a senso unico di marcia;Asciutto;Asfaltata;Verticale ed orizzontale;Sereno;Normale;Buona;Ore Diurne;0;0;0;2;12.5825;41.8724;-1;2;Autovettura privata;In marcia / fermata / arresto;Conducente;M;Illeso;0;;Non accertato;Inesploso
4269243;7;11/03/2019 14:00:00;Strada Urbana;VIALE DELLA BELLA VILLA;all'intersezione con;VIA FRANCESCO BONAFEDE;VIA FRANCESCO BONAFEDE;;;Scontro laterale fra veicoli in marcia;Rotatoria;Una carreggiata a senso unico di marcia;Asciutto;Asfaltata;Verticale ed orizzontale;Sereno;Normale;Buona;Ore Diurne;0;0;0;2;12.5825;41.8724;-1;2;Autovettura privata;In marcia / fermata / arresto;Passeggero;F;Illeso;0;;Non accertato;Inesploso
4269248;5;11/03/2019 16:30:00;Strada Urbana;VIA TIBURTINA;da specificare;;;;altezza civico 949;Scontro frontale/laterale DX fra veicoli in marcia;Rettilineo;Due carreggiate;Asciutto;Asfaltata;Verticale ed orizzontale;Sereno;Intenso;Buona;Ore Diurne;0;0;0;4;12.5741;41.9264;-1;1;Autovettura privata;In marcia / fermata / arresto;Conducente;M;Illeso;0;;Non accertato;
4269248;5;11/03/2019 16:30:00;Strada Urbana;VIA TIBURTINA;da specificare;;;;altezza civico 949;Scontro frontale/laterale DX fra veicoli in marcia;Rettilineo;Due carreggiate;Asciutto;Asfaltata;Verticale ed orizzontale;Sereno;Intenso;Buona;Ore Diurne;0;0;0;4;12.5741;41.9264;-1;1;Autovettura privata;In marcia / fermata / arresto;Passeggero;F;Illeso;0;;Non accertato;
4269248;5;11/03/2019 16:30:00;Strada Urbana;VIA TIBURTINA;da specificare;;;;altezza civico 949;Scontro frontale/laterale DX fra veicoli in marcia;Rettilineo;Due carreggiate;Asciutto;Asfaltata;Verticale ed orizzontale;Sereno;Intenso;Buona;Ore Diurne;0;0;0;4;12.5741;41.9264;-1;2;Autovettura privata;In marcia / fermata / arresto;Conducente;F;Illeso;0;;Non accertato;
4269248;5;11/03/2019 16:30:00;Strada Urbana;VIA TIBURTINA;da specificare;;;;altezza civico 949;Scontro frontale/laterale DX fra veicoli in marcia;Rettilineo;Due carreggiate;Asciutto;Asfaltata;Verticale ed orizzontale;Sereno;Intenso;Buona;Ore Diurne;0;0;0;4;12.5741;41.9264;-1;2;Autovettura privata;In marcia / fermata / arresto;Passeggero;F;Illeso;0;;Non accertato;
4269265;7;11/03/2019 10:30:00;Strada Urbana;VIA DEI CASTANI;all'intersezione con;VIA DEI GELSI;VIA DEI GELSI;;;Scontro frontale/laterale SX fra veicoli in marcia;Incrocio;Una carreggiata a doppio senso;Asciutto;Asfaltata;Verticale ed orizzontale;Sereno;Normale;Buona;Ore Diurne;1;0;0;2;12.5668;41.8837;-1;1;Autovettura privata;In marcia / fermata / arresto;Conducente;M;Illeso;0;;Non accertato;Inesploso
4269265;7;11/03/2019 10:30:00;Strada Urbana;VIA DEI CASTANI;all'intersezione con;VIA DEI GELSI;VIA DEI GELSI;;;Scontro frontale/laterale SX fra veicoli in marcia;Incrocio;Una carreggiata a doppio senso;Asciutto;Asfaltata;Verticale ed orizzontale;Sereno;Normale;Buona;Ore Diurne;1;0;0;2;12.5668;41.8837;-1;2;Autovettura privata;In marcia / fermata / arresto;Conducente;M;Illeso;0;;Non accertato;Inesploso
4269265;7;11/03/2019 10:30:00;Strada Urbana;VIA DEI CASTANI;all'intersezione con;VIA DEI GELSI;VIA DEI GELSI;;;Scontro frontale/laterale SX fra veicoli in marcia;Incrocio;Una carreggiata a doppio senso;Asciutto;Asfaltata;Verticale ed orizzontale;Sereno;Normale;Buona;Ore Diurne;1;0;0;2;12.5668;41.8837;-1;2;Autovettura privata;In marcia / fermata / arresto;Passeggero;M;Rimandato;0;NON DECEDUTO;Non accertato;Inesploso
4269282;12;11/03/2019 16:30:00;Strada Urbana;VIA BRUNO DE FINETTI;in corrispondenza;;del civico n.;211;;Investimento di pedone;Rettilineo;Una carreggiata a senso unico di marcia;Asciutto;Asfaltata;Verticale ed orizzontale;Sereno;Normale;Buona;Ore Diurne;0;0;1;2;12.4859;41.7928;-1;;;;Pedone;F;Prognosi riservata;0;DECEDUTO DA 25 A 48 ORE DOPO;;
4269282;12;11/03/2019 16:30:00;Strada Urbana;VIA BRUNO DE FINETTI;in corrispondenza;;del civico n.;211;;Investimento di pedone;Rettilineo;Una carreggiata a senso unico di marcia;Asciutto;Asfaltata;Verticale ed orizzontale;Sereno;Normale;Buona;Ore Diurne;0;0;1;2;12.4859;41.7928;-1;1;Autovettura privata;In marcia / fermata / arresto;Conducente;M;Illeso;0;;Utilizzato;Inesploso
4269282;12;11/03/2019 16:30:00;Strada Urbana;VIA BRUNO DE FINETTI;in corrispondenza;;del civico n.;211;;Investimento di pedone;Rettilineo;Una carreggiata a senso unico di marcia;Asciutto;Asfaltata;Verticale ed orizzontale;Sereno;Normale;Buona;Ore Diurne;0;0;1;2;12.4859;41.7928;-1;1;Autovettura privata;In marcia / fermata / arresto;Passeggero;F;Illeso;0;;Utilizzato;
4269313;5;11/03/2019 21:30:00;Strada Urbana;VIA DONATO MENICHELLA;all'intersezione con;VIA ENRICO JOVANE;VIA ENRICO JOVANE;;;Scontro frontale/laterale DX fra veicoli in marcia;Incrocio;Una carreggiata a senso unico di marcia;Bagnato (pioggia);Asfaltata;Verticale ed orizzontale;Nuvoloso;Normale;Sufficiente;Sufficiente;2;0;0;1;12.5823;41.9495;-1;1;Autovettura privata;In marcia / fermata / arresto;Conducente;M;Illeso;0;;Non accertato;Esploso
4269313;5;11/03/2019 21:30:00;Strada Urbana;VIA DONATO MENICHELLA;all'intersezione con;VIA ENRICO JOVANE;VIA ENRICO JOVANE;;;Scontro frontale/laterale DX fra veicoli in marcia;Incrocio;Una carreggiata a senso unico di marcia;Bagnato (pioggia);Asfaltata;Verticale ed orizzontale;Nuvoloso;Normale;Sufficiente;Sufficiente;2;0;0;1;12.5823;41.9495;-1;2;Autovettura privata;In marcia / fermata / arresto;Conducente;F;Rimandato;0;NON DECEDUTO;Non accertato;
4269313;5;11/03/2019 21:30:00;Strada Urbana;VIA DONATO MENICHELLA;all'intersezione con;VIA ENRICO JOVANE;VIA ENRICO JOVANE;;;Scontro frontale/laterale DX fra veicoli in marcia;Incrocio;Una carreggiata a senso unico di marcia;Bagnato (pioggia);Asfaltata;Verticale ed orizzontale;Nuvoloso;Normale;Sufficiente;Sufficiente;2;0;0;1;12.5823;41.9495;-1;2;Autovettura privata;In marcia / fermata / arresto;Passeggero;F;Rimandato;0;NON DECEDUTO;Non accertato;
4269328;17;11/03/2019 15:40:00;Strada Urbana;VIA POMPEO MAGNO;in prossimità;;del civico n.;18;;Veicolo in marcia contro ostacolo accidentale;Rettilineo;Una carreggiata a senso unico di marcia;Asciutto;Asfaltata;Verticale ed orizzontale;Sereno;Normale;Buona;Ore Diurne;0;0;0;1;12.4684;41.9102;-1;1;Autovettura privata;In marcia / fermata / arresto;Conducente;M;Illeso;0;;;
4269340;4;11/03/2019 15:30:00;Strada Urbana;VIA ANTONIO DE CURTIS;da specificare;;;;fronte civico 20;Investimento di pedone;Rettilineo;Una carreggiata a doppio senso;Asciutto;Asfaltata;Verticale;Sereno;Normale;Buona;Ore Diurne;1;0;0;0;12.5339;41.9543;-1;;;;Pedone;M;Rimandato;0;NON DECEDUTO;;