Protocollo;Gruppo;DataOraIncidente;Localizzazione1;STRADA1;Localizzazione2;STRADA2;Strada02;Chilometrica;DaSpecificare;NaturaIncidente;particolaritastrade;TipoStrada;FondoStradale;Pavimentazione;Segnaletica;CondizioneAtmosferica;Traffico;Visibilita;Illuminazione;NUM_FERITI;NUM_RISERVATA;NUM_MORTI;NUM_ILLESI;Longitudine;Latitudine;Confermato;Progressivo;TipoVeicolo;StatoVeicolo;TipoPersona;Sesso;Tipolesione;Deceduto;DecedutoDopo;CinturaCascoUtilizzato;Airbag;
4277490;2;15/03/2019 18:45:00;Strada Urbana;VIA GIUSEPPE PISANELLI;all'intersezione con;VIA DOMENICO ALBERTO AZUNI;VIA DOMENICO ALBERTO AZUNI;;;Scontro frontale/laterale DX fra veicoli in marcia;Incrocio;Una carreggiata a senso unico di marcia;Asciutto;Asfaltata;Verticale;Sereno;Normale;Buona;Sufficiente;0;0;0;3;12.473;41.9141;-1;1;Autovettura privata;In marcia / fermata / arresto;Conducente;M;Illeso;0;;Non accertato;Inesploso
4277490;2;15/03/2019 18:45:00;Strada Urbana;VIA GIUSEPPE PISANELLI;all'intersezione con;VIA DOMENICO ALBERTO AZUNI;VIA DOMENICO ALBERTO AZUNI;;;Scontro frontale/laterale DX fra veicoli in marcia;Incrocio;Una carreggiata a senso unico di marcia;Asciutto;Asfaltata;Verticale;Sereno;Normale;Buona;Sufficiente;0;0;0;3;12.473;41.9141;-1;2;Autovettura privata;In marcia / fermata / arresto;Conducente;M;Illeso;0;;Non accertato;Inesploso
4277490;2;15/03/2019 18:45:00;Strada Urbana;VIA GIUSEPPE PISANELLI;all'intersezione con;VIA DOMENICO ALBERTO AZUNI;VIA DOMENICO ALBERTO AZUNI;;;Scontro frontale/laterale DX fra veicoli in marcia;Incrocio;Una carreggiata a senso unico di marcia;Asciutto;Asfaltata;Verticale;Sereno;Normale;Buona;Sufficiente;0;0;0;3;12.473;41.9141;-1;2;Autovettura privata;In marcia / fermata / arresto;Passeggero;M;Illeso;0;;Non accertato;Inesploso
4277532;20;16/03/2019 17:10:00;Strada Urbana;VIA FLAMINIA;in prossimità;;del civico n.;1442;;Tamponamento Multiplo;Rettilineo;Una carreggiata a doppio senso;Asciutto;Asfaltata;Orizzontale;Nuvoloso;Normale;Buona;Ore Diurne;0;0;0;5;12.4853;42.0271;-1;1;Autovettura privata;In marcia / fermata / arresto;Conducente;M;Illeso;0;;Non accertato;Inesploso
4277532;20;16/03/2019 17:10:00;Strada Urbana;VIA FLAMINIA;in prossimità;;del civico n.;1442;;Tamponamento Multiplo;Rettilineo;Una carreggiata a doppio senso;Asciutto;Asfaltata;Orizzontale;Nuvoloso;Normale;Buona;Ore Diurne;0;0;0;5;12.4853;42.0271;-1;1;Autovettura privata;In marcia / fermata / arresto;Passeggero;M;Illeso;0;;Non accertato;Inesploso
4277532;20;16/03/2019 17:10:00;Strada Urbana;VIA FLAMINIA;in prossimità;;del civico n.;1442;;Tamponamento Multiplo;Rettilineo;Una carreggiata a doppio senso;Asciutto;Asfaltata;Orizzontale;Nuvoloso;Normale;Buona;Ore Diurne;0;0;0;5;12.4853;42.0271;-1;1;Autovettura privata;In marcia / fermata / arresto;Passeggero;F;Illeso;0;;Non accertato;Inesploso
4277532;20;16/03/2019 17:10:00;Strada Urbana;VIA FLAMINIA;in prossimità;;del civico n.;1442;;Tamponamento Multiplo;Rettilineo;Una carreggiata a doppio senso;Asciutto;Asfaltata;Orizzontale;Nuvoloso;Normale;Buona;Ore Diurne;0;0;0;5;12.4853;42.0271;-1;2;Autovettura privata;In marcia / fermata / arresto;Conducente;M;Illeso;0;;Non accertato;Inesploso
4277532;20;16/03/2019 17:10:00;Strada Urbana;VIA FLAMINIA;in prossimità;;del civico n.;1442;;Tamponamento Multiplo;Rettilineo;Una carreggiata a doppio senso;Asciutto;Asfaltata;Orizzontale;Nuvoloso;Normale;Buona;Ore Diurne;0;0;0;5;12.4853;42.0271;-1;3;Autovettura privata;In marcia / fermata / arresto;Conducente;M;Illeso;0;;Non accertato;Inesploso
4277864;11;16/03/2019 11:20:00;Strada Urbana;VIA DEI GRANAI DI NERVA;in prossimità;;del palo luce n.;14;;Veicolo in marcia contro veicolo in sosta;Rettilineo;Una carreggiata a doppio senso;Asciutto;Asfaltata;Verticale ed orizzontale;Nuvoloso;Normale;Buona;Ore Diurne;0;0;0;1;12.5075;41.8327;-1;1;Autovettura privata;In marcia / fermata / arresto;Conducente;F;Illeso;0;;Non accertato;Inesploso
4277864;11;16/03/2019 11:20:00;Strada Urbana;VIA DEI GRANAI DI NERVA;in prossimità;;del palo luce n.;14;;Veicolo in marcia contro veicolo in sosta;Rettilineo;Una carreggiata a doppio senso;Asciutto;Asfaltata;Verticale ed orizzontale;Nuvoloso;Normale;Buona;Ore Diurne;0;0;0;1;12.5075;41.8327;-1;2;Autovettura privata;Sosta;;;;;;;
4278001;12;15/03/2019 09:45:00;Strada Urbana;VIALE AFRICA;in prossimità;;del civico n.;109;;Investimento di pedone;Rettilineo;Una carreggiata a doppio senso;Asciutto;Asfaltata;Verticale ed orizzontale;Sereno;Normale;Buona;Ore Diurne;0;0;0;3;12.4739;41.8245;-1;;;;Pedone;F;Illeso;0;;;
4278001;12;15/03/2019 09:45:00;Strada Urbana;VIALE AFRICA;in prossimità;;del civico n.;109;;Investimento di pedone;Rettilineo;Una carreggiata a doppio senso;Asciutto;Asfaltata;Verticale ed orizzontale;Sereno;Normale;Buona;Ore Diurne;0;0;0;3;12.4739;41.8245;-1;1;Autovettura privata;In marcia / fermata / arresto;Conducente;M;Illeso;0;;Non accertato;Inesploso
4278001;12;15/03/2019 09:45:00;Strada Urbana;VIALE AFRICA;in prossimità;;del civico n.;109;;Investimento di pedone;Rettilineo;Una carreggiata a doppio senso;Asciutto;Asfaltata;Verticale ed orizzontale;Sereno;Normale;Buona;Ore Diurne;0;0;0;3;12.4739;41.8245;-1;1;Autovettura privata;In marcia / fermata / arresto;Passeggero;F;Illeso;0;;Non accertato;Inesploso
4278030;9;16/03/2019 12:35:00;Strada Urbana;VIA TARANTO;da specificare;;;;fronte VIA ORVIETO;Scontro frontale/laterale SX fra veicoli in marcia;Rettilineo;Una carreggiata a doppio senso;Asciutto;Asfaltata;Verticale ed orizzontale;Nuvoloso;Scarso;Buona;Ore Diurne;0;0;0;3;12.5173;41.884;-1;1;Autovettura privata;In marcia / fermata / arresto;Conducente;M;Illeso;0;;Non accertato;Inesploso
4278030;9;16/03/2019 12:35:00;Strada Urbana;VIA TARANTO;da specificare;;;;fronte VIA ORVIETO;Scontro frontale/laterale SX fra veicoli in marcia;Rettilineo;Una carreggiata a doppio senso;Asciutto;Asfaltata;Verticale ed orizzontale;Nuvoloso;Scarso;Buona;Ore Diurne;0;0;0;3;12.5173;41.884;-1;1;Autovettura privata;In marcia / fermata / arresto;Passeggero;M;Illeso;0;;Non accertato;Inesploso
4278030;9;16/03/2019 12:35:00;Strada Urbana;VIA TARANTO;da specificare;;;;fronte VIA ORVIETO;Scontro frontale/laterale SX fra veicoli in marcia;Rettilineo;Una carreggiata a doppio senso;Asciutto;Asfaltata;Verticale ed orizzontale;Nuvoloso;Scarso;Buona;Ore Diurne;0;0;0;3;12.5173;41.884;-1;2;Motociclo a solo;In marcia / fermata / arresto;Conducente;M;Illeso;0;;Non accertato;
4278089;12;17/03/2019 01:50:00;Statale;VIA OSTIENSE;in corrispondenza;;della chilometrica;14.4;;Scontro frontale fra veicoli in marcia;Rettilineo;Una carreggiata a doppio senso;Asciutto;Asfaltata;Verticale ed orizzontale;Sereno;Scarso;Buona;Inesistente;5;0;0;0;12.4014;41.7954;-1;1;Autovettura privata;In marcia / fermata / arresto;Conducente;M;Rimandato;0;NON DECEDUTO;Utilizzato;Esploso
4278089;12;17/03/2019 01:50:00;Statale;VIA OSTIENSE;in corrispondenza;;della chilometrica;14.4;;Scontro frontale fra veicoli in marcia;Rettilineo;Una carreggiata a doppio senso;Asciutto;Asfaltata;Verticale ed orizzontale;Sereno;Scarso;Buona;Inesistente;5;0;0;0;12.4014;41.7954;-1;1;Autovettura privata;In marcia / fermata / arresto;Passeggero;F;Rimandato;0;NON DECEDUTO;Utilizzato;Esploso
4278089;12;17/03/2019 01:50:00;Statale;VIA OSTIENSE;in corrispondenza;;della chilometrica;14.4;;Scontro frontale fra veicoli in marcia;Rettilineo;Una carreggiata a doppio senso;Asciutto;Asfaltata;Verticale ed orizzontale;Sereno;Scarso;Buona;Inesistente;5;0;0;0;12.4014;41.7954;-1;1;Autovettura privata;In marcia / fermata / arresto;Passeggero;F;Rimandato;0;NON DECEDUTO;Utilizzato;
4278089;12;17/03/2019 01:50:00;Statale;VIA OSTIENSE;in corrispondenza;;della chilometrica;14.4;;Scontro frontale fra veicoli in marcia;Rettilineo;Una carreggiata a doppio senso;Asciutto;Asfaltata;Verticale ed orizzontale;Sereno;Scarso;Buona;Inesistente;5;0;0;0;12.4014;41.7954;-1;1;Autovettura privata;In marcia / fermata / arresto;Passeggero;F;Rimandato;0;NON DECEDUTO;Utilizzato;
4278089;12;17/03/2019 01:50:00;Statale;VIA OSTIENSE;in corrispondenza;;della chilometrica;14.4;;Scontro frontale fra veicoli in marcia;Rettilineo;Una carreggiata a doppio senso;Asciutto;Asfaltata;Verticale ed orizzontale;Sereno;Scarso;Buona;Inesistente;5;0;0;0;12.4014;41.7954;-1;2;Autovettura privata;In marcia / fermata / arresto;Conducente;M;Ricoverato;0;NON DECEDUTO;Non accertato;Esploso
4278095;6;16/03/2019 22:30:00;Strada Urbana;VIA PRENESTINA;da specificare;;;;in prossimità via E. Ferrari;Tamponamento Multiplo;Rotatoria;Una carreggiata a senso unico di marcia;Asciutto;Asfaltata;Verticale ed orizzontale;Sereno;Scarso;Sufficiente;Sufficiente;0;0;0;8;12.5911;41.8908;-1;1;Autovettura privata;In marcia / fermata / arresto;Conducente;F;Illeso;0;;Non accertato;
4278095;6;16/03/2019 22:30:00;Strada Urbana;VIA PRENESTINA;da specificare;;;;in prossimità via E. Ferrari;Tamponamento Multiplo;Rotatoria;Una carreggiata a senso unico di marcia;Asciutto;Asfaltata;Verticale ed orizzontale;Sereno;Scarso;Sufficiente;Sufficiente;0;0;0;8;12.5911;41.8908;-1;1;Autovettura privata;In marcia / fermata / arresto;Passeggero;M;Illeso;0;;Non accertato;
4278095;6;16/03/2019 22:30:00;Strada Urbana;VIA PRENESTINA;da specificare;;;;in prossimità via E. Ferrari;Tamponamento Multiplo;Rotatoria;Una carreggiata a senso unico di marcia;Asciutto;Asfaltata;Verticale ed orizzontale;Sereno;Scarso;Sufficiente;Sufficiente;0;0;0;8;12.5911;41.8908;-1;2;Autovettura privata;In marcia / fermata / arresto;Conducente;M;Illeso;0;;Non accertato;
4278095;6;16/03/2019 22:30:00;Strada Urbana;VIA PRENESTINA;da specificare;;;;in prossimità via E. Ferrari;Tamponamento Multiplo;Rotatoria;Una carreggiata a senso unico di marcia;Asciutto;Asfaltata;Verticale ed orizzontale;Sereno;Scarso;Sufficiente;Sufficiente;0;0;0;8;12.5911;41.8908;-1;2;Autovettura privata;In marcia / fermata / arresto;Passeggero;M;Illeso;0;;;
4278095;6;16/03/2019 22:30:00;Strada Urbana;VIA PRENESTINA;da specificare;;;;in prossimità via E. Ferrari;Tamponamento Multiplo;Rotatoria;Una carreggiata a senso unico di marcia;Asciutto;Asfaltata;Verticale ed orizzontale;Sereno;Scarso;Sufficiente;Sufficiente;0;0;0;8;12.5911;41.8908;-1;2;Autovettura privata;In marcia / fermata / arresto;Passeggero;F;Illeso;0;;;
4278095;6;16/03/2019 22:30:00;Strada Urbana;VIA PRENESTINA;da specificare;;;;in prossimità via E. Ferrari;Tamponamento Multiplo;Rotatoria;Una carreggiata a senso unico di marcia;Asciutto;Asfaltata;Verticale ed orizzontale;Sereno;Scarso;Sufficiente;Sufficiente;0;0;0;8;12.5911;41.8908;-1;2;Autovettura privata;In marcia / fermata / arresto;Passeggero;M;Illeso;0;;;
4278095;6;16/03/2019 22:30:00;Strada Urbana;VIA PRENESTINA;da specificare;;;;in prossimità via E. Ferrari;Tamponamento Multiplo;Rotatoria;Una carreggiata a senso unico di marcia;Asciutto;Asfaltata;Verticale ed orizzontale;Sereno;Scarso;Sufficiente;Sufficiente;0;0;0;8;12.5911;41.8908;-1;3;Autovettura privata;In marcia / fermata / arresto;Conducente;M;Illeso;0;;Non accertato;
4278095;6;16/03/2019 22:30:00;Strada Urbana;VIA PRENESTINA;da specificare;;;;in prossimità via E. Ferrari;Tamponamento Multiplo;Rotatoria;Una carreggiata a senso unico di marcia;Asciutto;Asfaltata;Verticale ed orizzontale;Sereno;Scarso;Sufficiente;Sufficiente;0;0;0;8;12.5911;41.8908;-1;3;Autovettura privata;In marcia / fermata / arresto;Passeggero;M;Illeso;0;;;
4278130;13;16/03/2019 12:10:00;Strada Urbana;VIA CRISTOFORO COLOMBO;da specificare;;;;p.le c.colombo (rotonda);Scontro frontale/laterale SX fra veicoli in marcia;Rotatoria;Una carreggiata a senso unico di marcia;Asciutto;Asfaltata;Orizzontale;Sereno;Normale;Buona;Ore Diurne;0;0;0;5;12.3175;41.7145;-1;1;Autovettura privata;In marcia / fermata / arresto;Conducente;M;Illeso;0;;;
4278130;13;16/03/2019 12:10:00;Strada Urbana;VIA CRISTOFORO COLOMBO;da specificare;;;;p.le c.colombo (rotonda);Scontro frontale/laterale SX fra veicoli in marcia;Rotatoria;Una carreggiata a senso unico di marcia;Asciutto;Asfaltata;Orizzontale;Sereno;Normale;Buona;Ore Diurne;0;0;0;5;12.3175;41.7145;-1;1;Autovettura privata;In marcia / fermata / arresto;Passeggero;F;Illeso;0;;;
4278130;13;16/03/2019 12:10:00;Strada Urbana;VIA CRISTOFORO COLOMBO;da specificare;;;;p.le c.colombo (rotonda);Scontro frontale/laterale SX fra veicoli in marcia;Rotatoria;Una carreggiata a senso unico di marcia;Asciutto;Asfaltata;Orizzontale;Sereno;Normale;Buona;Ore Diurne;0;0;0;5;12.3175;41.7145;-1;2;Autovettura privata;In marcia / fermata / arresto;Conducente;M;Illeso;0;;;
4278134;13;16/03/2019 16:45:00;Comunale extraurbana;VIA CRISTOFORO COLOMBO;in corrispondenza;;del civico n.;19730;;Tamponamento;Rettilineo;Due carreggiate;Asciutto;Asfaltata;Verticale ed orizzontale;Sereno;Normale;Buona;Ore Diurne;0;0;0;3;12.4536;41.8089;-1;1;Autovettura privata;In marcia / fermata / arresto;Conducente;F;Illeso;0;;;
4278134;13;16/03/2019 16:45:00;Comunale extraurbana;VIA CRISTOFORO COLOMBO;in corrispondenza;;del civico n.;19730;;Tamponamento;Rettilineo;Due carreggiate;Asciutto;Asfaltata;Verticale ed orizzontale;Sereno;Normale;Buona;Ore Diurne;0;0;0;3;12.4536;41.8089;-1;1;Autovettura privata;In marcia / fermata / arresto;Passeggero;M;Illeso;0;;;
4278134;13;16/03/2019 16:45:00;Comunale extraurbana;VIA CRISTOFORO COLOMBO;in corrispondenza;;del civico n.;19730;;Tamponamento;Rettilineo;Due carreggiate;Asciutto;Asfaltata;Verticale ed orizzontale;Sereno;Normale;Buona;Ore Diurne;0;0;0;3;12.4536;41.8089;-1;2;Autovettura privata;In marcia / fermata / arresto;Conducente;F;Illeso;0;;;
4278150;13;16/03/2019 13:20:00;Strada Urbana;VIA FRANCO MEZZADRA;in corrispondenza;;del civico n.;20;;Scontro frontale/laterale SX fra veicoli in marcia;Rettilineo;Una carreggiata a doppio senso;Asciutto;Asfaltata;Assente;Sereno;Scarso;Buona;Ore Diurne;0;0;0;2;12.2698;41.7339;-1;1;Autovettura privata;In marcia / fermata / arresto;Conducente;F;Illeso;0;;;
4278150;13;16/03/2019 13:20:00;Strada Urbana;VIA FRANCO MEZZADRA;in corrispondenza;;del civico n.;20;;Scontro frontale/laterale SX fra veicoli in marcia;Rettilineo;Una carreggiata a doppio senso;Asciutto;Asfaltata;Assente;Sereno;Scarso;Buona;Ore Diurne;0;0;0;2;12.2698;41.7339;-1;2;Autovettura privata;In marcia / fermata / arresto;Conducente;M;Illeso;0;;;
4278162;13;16/03/2019 17:10:00;Strada Urbana;VIA CARLO BONUCCI;all'intersezione con;VIA GIUSEPPE LUGLI;VIA GIUSEPPE LUGLI;;;Scontro frontale/laterale DX fra veicoli in marcia;Incrocio;Una carreggiata a doppio senso;Asciutto;Asfaltata;Verticale;Sereno;Scarso;Buona;Ore Diurne;1;0;0;2;12.3095;41.7745;-1;1;Autovettura privata;In marcia / fermata / arresto;Conducente;M;Illeso;0;;;
4278162;13;16/03/2019 17:10:00;Strada Urbana;VIA CARLO BONUCCI;all'intersezione con;VIA GIUSEPPE LUGLI;VIA GIUSEPPE LUGLI;;;Scontro frontale/laterale DX fra veicoli in marcia;Incrocio;Una carreggiata a doppio senso;Asciutto;Asfaltata;Verticale;Sereno;Scarso;Buona;Ore Diurne;1;0;0;2;12.3095;41.7745;-1;2;Autovettura privata;In marcia / fermata / arresto;Conducente;M;Illeso;0;;;
4278162;13;16/03/2019 17:10:00;Strada Urbana;VIA CARLO BONUCCI;all'intersezione con;VIA GIUSEPPE LUGLI;VIA GIUSEPPE LUGLI;;;Scontro frontale/laterale DX fra veicoli in marcia;Incrocio;Una carreggiata a doppio senso;Asciutto;Asfaltata;Verticale;Sereno;Scarso;Buona;Ore Diurne;1;0;0;2;12.3095;41.7745;-1;2;Autovettura privata;In marcia / fermata / arresto;Passeggero;F;Rimandato;0;NON DECEDUTO;;
4278220;6;17/03/2019 01:00:00;Strada Urbana;VIA PRENESTINA;in corrispondenza;;del civico n.;359b;;Veicolo in marcia contro veicolo in sosta;Rettilineo;Una carreggiata a senso unico di marcia;Asciutto;Asfaltata;Assente;Nuvoloso;Scarso;Sufficiente;Sufficiente;0;0;0;1;12.5579;41.895;-1;1;Autovettura privata;In marcia / fermata / arresto;Conducente;M;Illeso;0;;Non accertato;Inesploso
4278220;6;17/03/2019 01:00:00;Strada Urbana;VIA PRENESTINA;in corrispondenza;;del civico n.;359b;;Veicolo in marcia contro veicolo in sosta;Rettilineo;Una carreggiata a senso unico di marcia;Asciutto;Asfaltata;Assente;Nuvoloso;Scarso;Sufficiente;Sufficiente;0;0;0;1;12.5579;41.895;-1;2;Autovettura privata;Sosta;;;;;;;
4278497;2;17/03/2019 12:50:00;Strada Urbana;VIA SAVERIO MERCADANTE;in prossimità;;del civico n.;34;;Scontro laterale fra veicoli in marcia;Rettilineo;Una carreggiata a senso unico di marcia;Asciutto;Asfaltata;Verticale ed orizzontale;Sereno;Normale;Buona;Ore Diurne;1;0;0;4;12.4906;41.9188;-1;1;Autovettura privata;In marcia / fermata / arresto;Conducente;M;Illeso;0;;Non accertato;Inesploso
4278497;2;17/03/2019 12:50:00;Strada Urbana;VIA SAVERIO MERCADANTE;in prossimità;;del civico n.;34;;Scontro laterale fra veicoli in marcia;Rettilineo;Una carreggiata a senso unico di marcia;Asciutto;Asfaltata;Verticale ed orizzontale;Sereno;Normale;Buona;Ore Diurne;1;0;0;4;12.4906;41.9188;-1;1;Autovettura privata;In marcia / fermata / arresto;Passeggero;F;Illeso;0;;Non accertato;Inesploso
4278497;2;17/03/2019 12:50:00;Strada Urbana;VIA SAVERIO MERCADANTE;in prossimità;;del civico n.;34;;Scontro laterale fra veicoli in marcia;Rettilineo;Una carreggiata a senso unico di marcia;Asciutto;Asfaltata;Verticale ed orizzontale;Sereno;Normale;Buona;Ore Diurne;1;0;0;4;12.4906;41.9188;-1;1;Autovettura privata;In marcia / fermata / arresto;Passeggero;F;Illeso;0;;Non accertato;Inesploso
4278497;2;17/03/2019 12:50:00;Strada Urbana;VIA SAVERIO MERCADANTE;in prossimità;;del civico n.;34;;Scontro laterale fra veicoli in marcia;Rettilineo;Una carreggiata a senso unico di marcia;Asciutto;Asfaltata;Verticale ed orizzontale;Sereno;Normale;Buona;Ore Diurne;1;0;0;4;12.4906;41.9188;-1;1;Autovettura privata;In marcia / fermata / arresto;Passeggero;M;Illeso;0;;Non accertato;Inesploso
4278497;2;17/03/2019 12:50:00;Strada Urbana;VIA SAVERIO MERCADANTE;in prossimità;;del civico n.;34;;Scontro laterale fra veicoli in marcia;Rettilineo;Una carreggiata a senso unico di marcia;Asciutto;Asfaltata;Verticale ed orizzontale;Sereno;Normale;Buona;Ore Diurne;1;0;0;4;12.4906;41.9188;-1;2;Motociclo a solo;In marcia / fermata / arresto;Conducente;M;Rimandato;0;NON DECEDUTO;Non accertato;
4278542;16;15/03/2019 16:50:00;Strada Urbana;VIA FEDERICO TORRE;all'intersezione con;VIA FELICE CAVALLOTTI;VIA FELICE CAVALLOTTI;;;Scontro frontale/laterale DX fra veicoli in marcia;Incrocio;Una carreggiata a senso unico di marcia;Asciutto;Asfaltata;Verticale ed orizzontale;Sereno;Scarso;Buona;Ore Diurne;0;0;0;3;12.4622;41.881;-1;1;Autovettura privata;In marcia / fermata / arresto;Conducente;M;Illeso;0;;Non accertato;
4278542;16;15/03/2019 16:50:00;Strada Urbana;VIA FEDERICO TORRE;all'intersezione con;VIA FELICE CAVALLOTTI;VIA FELICE CAVALLOTTI;;;Scontro frontale/laterale DX fra veicoli in marcia;Incrocio;Una carreggiata a senso unico di marcia;Asciutto;Asfaltata;Verticale ed orizzontale;Sereno;Scarso;Buona;Ore Diurne;0;0;0;3;12.4622;41.881;-1;2;Autovettura privata;In marcia / fermata / arresto;Conducente;F;Illeso;0;;Non accertato;
4278542;16;15/03/2019 16:50:00;Strada Urbana;VIA FEDERICO TORRE;all'intersezione con;VIA FELICE CAVALLOTTI;VIA FELICE CAVALLOTTI;;;Scontro frontale/laterale DX fra veicoli in marcia;Incrocio;Una carreggiata a senso unico di marcia;Asciutto;Asfaltata;Verticale ed orizzontale;Sereno;Scarso;Buona;Ore Diurne;0;0;0;3;12.4622;41.881;-1;2;Autovettura privata;In marcia / fermata / arresto;Passeggero;F;Illeso;0;;Non accertato;
4278566;16;16/03/2019 06:05:00;Strada Urbana;VIA DI MALAGROTTA;all'intersezione con;VIA DELLA PISANA;VIA DELLA PISANA;;;Scontro frontale fra veicoli in marcia;Incrocio;Una carreggiata a doppio senso;Bagnato (pioggia);Asfaltata;Verticale ed orizzontale;Nuvoloso;Scarso;Buona;Ore Diurne;0;0;0;2;12.3294;41.8647;-1;1;Autovettura privata;In marcia / fermata / arresto;Conducente;M;Illeso;0;;Non accertato;Inesploso
4278566;16;16/03/2019 06:05:00;Strada Urbana;VIA DI MALAGROTTA;all'intersezione con;VIA DELLA PISANA;VIA DELLA PISANA;;;Scontro frontale fra veicoli in marcia;Incrocio;Una carreggiata a doppio senso;Bagnato (pioggia);Asfaltata;Verticale ed orizzontale;Nuvoloso;Scarso;Buona;Ore Diurne;0;0;0;2;12.3294;41.8647;-1;2;Autovettura privata;In marcia / fermata / arresto;Conducente;M;Illeso;0;;Non accertato;Inesploso
4278577;16;16/03/2019 12:00:00;Strada Urbana;VIA RAFFAELE BATTISTINI;in prossimità;;del civico n.;58;;Tamponamento;Rettilineo;Una carreggiata a doppio senso;Asciutto;Asfaltata;Verticale ed orizzontale;Nuvoloso;Scarso;Buona;Ore Diurne;0;0;0;3;12.4463;41.8646;-1;1;Autovettura privata;In marcia / fermata / arresto;Conducente;M;Illeso;0;;Non accertato;Inesploso
4278577;16;16/03/2019 12:00:00;Strada Urbana;VIA RAFFAELE BATTISTINI;in prossimità;;del civico n.;58;;Tamponamento;Rettilineo;Una carreggiata a doppio senso;Asciutto;Asfaltata;Verticale ed orizzontale;Nuvoloso;Scarso;Buona;Ore Diurne;0;0;0;3;12.4463;41.8646;-1;1;Autovettura privata;In marcia / fermata / arresto;Passeggero;F;Illeso;0;;Non accertato;Inesploso
4278577;16;16/03/2019 12:00:00;Strada Urbana;VIA RAFFAELE BATTISTINI;in prossimità;;del civico n.;58;;Tamponamento;Rettilineo;Una carreggiata a doppio senso;Asciutto;Asfaltata;Verticale ed orizzontale;Nuvoloso;Scarso;Buona;Ore Diurne;0;0;0;3;12.4463;41.8646;-1;2;Autovettura privata;In marcia / fermata / arresto;Conducente;F;Illeso;0;;Non accertato;Inesploso
4278603;16;16/03/2019 21:40:00;Strada Urbana;VIA EDOARDO JENNER;all'intersezione con;VIA GIOVANNI TORRECREMATA;VIA GIOVANNI TORRECREMATA;;;Scontro frontale/laterale DX fra veicoli in marcia;Incrocio;Una carreggiata a doppio senso;Asciutto;Asfaltata;Verticale ed orizzontale;Sereno;Scarso;Buona;Sufficiente;1;0;0;1;12.4447;41.8724;-1;1;Autovettura privata;In marcia / fermata / arresto;Conducente;F;Illeso;0;;Non accertato;Inesploso
4278603;16;16/03/2019 21:40:00;Strada Urbana;VIA EDOARDO JENNER;all'intersezione con;VIA GIOVANNI TORRECREMATA;VIA GIOVANNI TORRECREMATA;;;Scontro frontale/laterale DX fra veicoli in marcia;Incrocio;Una carreggiata a doppio senso;Asciutto;Asfaltata;Verticale ed orizzontale;Sereno;Scarso;Buona;Sufficiente;1;0;0;1;12.4447;41.8724;-1;2;Motociclo a solo;In marcia / fermata / arresto;Conducente;F;Rimandato;0;NON DECEDUTO;Non accertato;
4278635;16;17/03/2019 04:20:00;Strada Urbana;LUNGOTEVERE RIPA;da specificare;;;;snc;Veicolo in marcia contro veicolo in sosta;Rettilineo;Una carreggiata a senso unico di marcia;Asciutto;Asfaltata;Assente;Sereno;Normale;Sufficiente;Sufficiente;0;0;0;1;12.4788;41.888;-1;1;Autocarro inferiore 35 q.;In marcia / fermata / arresto;Conducente;M;Illeso;0;;;
4278635;16;17/03/2019 04:20:00;Strada Urbana;LUNGOTEVERE RIPA;da specificare;;;;snc;Veicolo in marcia contro veicolo in sosta;Rettilineo;Una carreggiata a senso unico di marcia;Asciutto;Asfaltata;Assente;Sereno;Normale;Sufficiente;Sufficiente;0;0;0;1;12.4788;41.888;-1;2;Autovettura privata;Sosta;;;;;;;
4278677;10;15/03/2019 13:00:00;Strada Urbana;VIALE LUIGI SCHIAVONETTI;in prossimità;;del civico n.;286;;Veicolo in marcia contro veicoli in sosta;Rettilineo;Due carreggiate;Asciutto;Asfaltata;Orizzontale;Sereno;Scarso;Buona;Ore Diurne;0;0;0;0;12.6168;41.8449;-1;1;Autovettura privata;Allontanatosi;;;;;;;
4278677;10;15/03/2019 13:00:00;Strada Urbana;VIALE LUIGI SCHIAVONETTI;in prossimità;;del civico n.;286;;Veicolo in marcia contro veicoli in sosta;Rettilineo;Due carreggiate;Asciutto;Asfaltata;Orizzontale;Sereno;Scarso;Buona;Ore Diurne;0;0;0;0;12.6168;41.8449;-1;2;Autovettura privata;Sosta;;;;;;;
4278677;10;15/03/2019 13:00:00;Strada Urbana;VIALE LUIGI SCHIAVONETTI;in prossimità;;del civico n.;286;;Veicolo in marcia contro veicoli in sosta;Rettilineo;Due carreggiate;Asciutto;Asfaltata;Orizzontale;Sereno;Scarso;Buona;Ore Diurne;0;0;0;0;12.6168;41.8449;-1;3;Autovettura privata;Sosta;;;;;;;
4278677;10;15/03/2019 13:00:00;Strada Urbana;VIALE LUIGI SCHIAVONETTI;in prossimità;;del civico n.;286;;Veicolo in marcia contro veicoli in sosta;Rettilineo;Due carreggiate;Asciutto;Asfaltata;Orizzontale;Sereno;Scarso;Buona;Ore Diurne;0;0;0;0;12.6168;41.8449;-1;4;Autovettura privata;Sosta;;;;;;;
4278704;10;15/03/2019 17:30:00;Strada Urbana;VIA DEL PONTE DELLE SETTE MIGLIA;in corrispondenza;;del civico n.;83;;Investimento di pedone;Rettilineo;Una carreggiata a doppio senso;Asciutto;Asfaltata;Orizzontale;Sereno;Scarso;Buona;Ore Diurne;1;0;0;1;12.6017;41.8394;-1;;;;Pedone;M;Ricoverato;0;NON DECEDUTO;;