Protocollo;Gruppo;DataOraIncidente;Localizzazione1;STRADA1;Localizzazione2;STRADA2;Strada02;Chilometrica;DaSpecificare;NaturaIncidente;particolaritastrade;TipoStrada;FondoStradale;Pavimentazione;Segnaletica;CondizioneAtmosferica;Traffico;Visibilita;Illuminazione;NUM_FERITI;NUM_RISERVATA;NUM_MORTI;NUM_ILLESI;Longitudine;Latitudine;Confermato;Progressivo;TipoVeicolo;StatoVeicolo;TipoPersona;Sesso;Tipolesione;Deceduto;DecedutoDopo;CinturaCascoUtilizzato;Airbag;
4287966;3;20/03/2019 19:30:00;Strada Urbana;CIRCONVALLAZIONE NOMENTANA;da specificare;;;;fr via Ettore Pais dir Salaria (Tang Est);Tamponamento Multiplo;Rettilineo;Più di due carreggiate;Asciutto;Asfaltata;Verticale;Sereno;Intenso;Buona;Sufficiente;0;0;0;5;12.527;41.9241;-1;3;Autovettura privata;In marcia / fermata / arresto;Conducente;M;Illeso;0;;;
4287966;3;20/03/2019 19:30:00;Strada Urbana;CIRCONVALLAZIONE NOMENTANA;da specificare;;;;fr via Ettore Pais dir Salaria (Tang Est);Tamponamento Multiplo;Rettilineo;Più di due carreggiate;Asciutto;Asfaltata;Verticale;Sereno;Intenso;Buona;Sufficiente;0;0;0;5;12.527;41.9241;-1;4;Autovettura privata;In marcia / fermata / arresto;Conducente;M;Illeso;0;;;
4287977;3;18/03/2019 17:05:00;Strada Urbana;VIA AREZZO;da specificare;;;;fronte civ 1;Scontro laterale fra veicoli in marcia;Rettilineo;Una carreggiata a senso unico di marcia;Asciutto;Asfaltata;Verticale ed orizzontale;Sereno;Normale;Buona;Ore Diurne;0;0;0;3;12.5182;41.9104;-1;1;Autovettura privata;In marcia / fermata / arresto;Conducente;F;Illeso;0;;;
4287977;3;18/03/2019 17:05:00;Strada Urbana;VIA AREZZO;da specificare;;;;fronte civ 1;Scontro laterale fra veicoli in marcia;Rettilineo;Una carreggiata a senso unico di marcia;Asciutto;Asfaltata;Verticale ed orizzontale;Sereno;Normale;Buona;Ore Diurne;0;0;0;3;12.5182;41.9104;-1;1;Autovettura privata;In marcia / fermata / arresto;Passeggero;F;Illeso;0;;;
4287977;3;18/03/2019 17:05:00;Strada Urbana;VIA AREZZO;da specificare;;;;fronte civ 1;Scontro laterale fra veicoli in marcia;Rettilineo;Una carreggiata a senso unico di marcia;Asciutto;Asfaltata;Verticale ed orizzontale;Sereno;Normale;Buona;Ore Diurne;0;0;0;3;12.5182;41.9104;-1;2;Autovettura privata;In marcia / fermata / arresto;Conducente;M;Illeso;0;;;
4288020;13;22/03/2019 17:30:00;Strada Urbana;VIA DEL MARE;in prossimità;;della chilometrica;22.5;;Tamponamento;Rettilineo;Una carreggiata a doppio senso;Asciutto;Asfaltata;Verticale ed orizzontale;Sereno;Normale;Buona;Ore Diurne;3;0;0;0;12.4632;41.8403;-1;1;Autovettura privata;In marcia / fermata / arresto;Conducente;M;Rimandato;0;NON DECEDUTO;Non accertato;Inesploso
4288020;13;22/03/2019 17:30:00;Strada Urbana;VIA DEL MARE;in prossimità;;della chilometrica;22.5;;Tamponamento;Rettilineo;Una carreggiata a doppio senso;Asciutto;Asfaltata;Verticale ed orizzontale;Sereno;Normale;Buona;Ore Diurne;3;0;0;0;12.4632;41.8403;-1;1;Autovettura privata;In marcia / fermata / arresto;Passeggero;F;Rimandato;0;NON DECEDUTO;Non accertato;Inesploso
4288020;13;22/03/2019 17:30:00;Strada Urbana;VIA DEL MARE;in prossimità;;della chilometrica;22.5;;Tamponamento;Rettilineo;Una carreggiata a doppio senso;Asciutto;Asfaltata;Verticale ed orizzontale;Sereno;Normale;Buona;Ore Diurne;3;0;0;0;12.4632;41.8403;-1;2;Autovettura privata;In marcia / fermata / arresto;Conducente;F;Rimandato;0;NON DECEDUTO;Non accertato;Inesploso
4288023;10;22/03/2019 17:15:00;Strada Urbana;VIALE ANTONIO CIAMARRA;in corrispondenza;;del palo luce n.;163;;Tamponamento;Rettilineo;Una carreggiata a senso unico di marcia;Asciutto;Asfaltata;Verticale ed orizzontale;Sereno;Normale;Buona;Ore Diurne;1;0;0;2;12.5909;41.851;-1;1;Autovettura privata;In marcia / fermata / arresto;Conducente;M;Illeso;0;;;
4288023;10;22/03/2019 17:15:00;Strada Urbana;VIALE ANTONIO CIAMARRA;in corrispondenza;;del palo luce n.;163;;Tamponamento;Rettilineo;Una carreggiata a senso unico di marcia;Asciutto;Asfaltata;Verticale ed orizzontale;Sereno;Normale;Buona;Ore Diurne;1;0;0;2;12.5909;41.851;-1;1;Autovettura privata;In marcia / fermata / arresto;Passeggero;M;Illeso;0;;;
4288023;10;22/03/2019 17:15:00;Strada Urbana;VIALE ANTONIO CIAMARRA;in corrispondenza;;del palo luce n.;163;;Tamponamento;Rettilineo;Una carreggiata a senso unico di marcia;Asciutto;Asfaltata;Verticale ed orizzontale;Sereno;Normale;Buona;Ore Diurne;1;0;0;2;12.5909;41.851;-1;2;Motociclo a solo;In marcia / fermata / arresto;Conducente;M;Rimandato;0;NON DECEDUTO;;
4288034;17;22/03/2019 11:00:00;Strada Urbana;PIAZZALE CLODIO;da specificare;;;;in prossimità fronte VIA MONTELLO;Scontro laterale fra veicoli in marcia;Rettilineo;Una carreggiata a senso unico di marcia;Asciutto;Asfaltata;Verticale ed orizzontale;Sereno;Normale;Buona;Ore Diurne;1;0;0;1;12.4549;41.9167;-1;1;Motociclo a solo;In marcia / fermata / arresto;Conducente;M;Rifiuta cure immediate;0;NON DECEDUTO;;
4288034;17;22/03/2019 11:00:00;Strada Urbana;PIAZZALE CLODIO;da specificare;;;;in prossimità fronte VIA MONTELLO;Scontro laterale fra veicoli in marcia;Rettilineo;Una carreggiata a senso unico di marcia;Asciutto;Asfaltata;Verticale ed orizzontale;Sereno;Normale;Buona;Ore Diurne;1;0;0;1;12.4549;41.9167;-1;2;Autovettura di polizia;In marcia / fermata / arresto;Conducente;M;Illeso;0;;;
4288044;16;21/03/2019 07:00:00;Strada Urbana;VIA ANGELO BELLANI;in corrispondenza;;del palo luce n.;9;;Veicolo in marcia contro veicolo in sosta;Rettilineo;Una carreggiata a senso unico di marcia;Asciutto;Asfaltata;Assente;Sereno;Normale;Buona;Ore Diurne;0;0;0;3;12.4684;41.873;-1;1;Autocarro inferiore 35 q.;In marcia / fermata / arresto;Conducente;M;Illeso;0;;Non accertato;Inesploso
4288044;16;21/03/2019 07:00:00;Strada Urbana;VIA ANGELO BELLANI;in corrispondenza;;del palo luce n.;9;;Veicolo in marcia contro veicolo in sosta;Rettilineo;Una carreggiata a senso unico di marcia;Asciutto;Asfaltata;Assente;Sereno;Normale;Buona;Ore Diurne;0;0;0;3;12.4684;41.873;-1;1;Autocarro inferiore 35 q.;In marcia / fermata / arresto;Passeggero;F;Illeso;0;;Non accertato;Inesploso
4288044;16;21/03/2019 07:00:00;Strada Urbana;VIA ANGELO BELLANI;in corrispondenza;;del palo luce n.;9;;Veicolo in marcia contro veicolo in sosta;Rettilineo;Una carreggiata a senso unico di marcia;Asciutto;Asfaltata;Assente;Sereno;Normale;Buona;Ore Diurne;0;0;0;3;12.4684;41.873;-1;2;Autocarro superiore 35 q.;In marcia / fermata / arresto;Conducente;M;Illeso;0;;Non accertato;Inesploso
4288044;16;21/03/2019 07:00:00;Strada Urbana;VIA ANGELO BELLANI;in corrispondenza;;del palo luce n.;9;;Veicolo in marcia contro veicolo in sosta;Rettilineo;Una carreggiata a senso unico di marcia;Asciutto;Asfaltata;Assente;Sereno;Normale;Buona;Ore Diurne;0;0;0;3;12.4684;41.873;-1;3;Autovettura privata;Sosta;;;;;;;
4288077;6;22/03/2019 16:45:00;Strada Urbana;VIA CASILINA;in corrispondenza;;del civico n.;559;;Ribaltamento senza urto contro ostacolo fisso;Rettilineo;Due carreggiate;Asciutto;Asfaltata;Verticale ed orizzontale;Sereno;Normale;Buona;Ore Diurne;0;0;0;3;12.5448;41.8791;-1;1;Autovettura privata;In marcia / fermata / arresto;Conducente;M;Illeso;0;;;
4288077;6;22/03/2019 16:45:00;Strada Urbana;VIA CASILINA;in corrispondenza;;del civico n.;559;;Ribaltamento senza urto contro ostacolo fisso;Rettilineo;Due carreggiate;Asciutto;Asfaltata;Verticale ed orizzontale;Sereno;Normale;Buona;Ore Diurne;0;0;0;3;12.5448;41.8791;-1;1;Autovettura privata;In marcia / fermata / arresto;Passeggero;M;Illeso;0;;;
4288077;6;22/03/2019 16:45:00;Strada Urbana;VIA CASILINA;in corrispondenza;;del civico n.;559;;Ribaltamento senza urto contro ostacolo fisso;Rettilineo;Due carreggiate;Asciutto;Asfaltata;Verticale ed orizzontale;Sereno;Normale;Buona;Ore Diurne;0;0;0;3;12.5448;41.8791;-1;2;Motociclo a solo;In marcia / fermata / arresto;Conducente;M;Illeso;0;;;
4288078;16;21/03/2019 16:10:00;;VIA ROMANO GUERRA;in prossimità;;del civico n.;16;;Veicolo in marcia contro veicolo in sosta;;;;;;;;;;0;0;0;2;12.3489;41.8811;0;1;Autocarro inferiore 35 q.;In marcia / fermata / arresto;Conducente;M;Illeso;0;;;
4288078;16;21/03/2019 16:10:00;;VIA ROMANO GUERRA;in prossimità;;del civico n.;16;;Veicolo in marcia contro veicolo in sosta;;;;;;;;;;0;0;0;2;12.3489;41.8811;0;1;Autocarro inferiore 35 q.;In marcia / fermata / arresto;Passeggero;M;Illeso;0;;;
4288078;16;21/03/2019 16:10:00;;VIA ROMANO GUERRA;in prossimità;;del civico n.;16;;Veicolo in marcia contro veicolo in sosta;;;;;;;;;;0;0;0;2;12.3489;41.8811;0;2;Autocarro inferiore 35 q.;Sosta;;;;;;;
4288104;9;22/03/2019 16:20:00;Strada Urbana;VIA CILICIA;da specificare;;;;prossimità PIAZZA GALERIA;Tamponamento;Rettilineo;Due carreggiate;Asciutto;Asfaltata;Verticale ed orizzontale;Sereno;Normale;Buona;Ore Diurne;0;0;0;3;12.5067;41.8746;-1;1;Autovettura privata;In marcia / fermata / arresto;Conducente;M;Illeso;0;;Non accertato;Inesploso
4288104;9;22/03/2019 16:20:00;Strada Urbana;VIA CILICIA;da specificare;;;;prossimità PIAZZA GALERIA;Tamponamento;Rettilineo;Due carreggiate;Asciutto;Asfaltata;Verticale ed orizzontale;Sereno;Normale;Buona;Ore Diurne;0;0;0;3;12.5067;41.8746;-1;2;Autovettura privata;In marcia / fermata / arresto;Conducente;M;Illeso;0;;Non accertato;Inesploso
4288104;9;22/03/2019 16:20:00;Strada Urbana;VIA CILICIA;da specificare;;;;prossimità PIAZZA GALERIA;Tamponamento;Rettilineo;Due carreggiate;Asciutto;Asfaltata;Verticale ed orizzontale;Sereno;Normale;Buona;Ore Diurne;0;0;0;3;12.5067;41.8746;-1;2;Autovettura privata;In marcia / fermata / arresto;Passeggero;M;Illeso;0;;Non accertato;Inesploso
4288105;15;22/03/2019 13:05:00;Strada Urbana;VIA DEL TRULLO;in corrispondenza;;del civico n.;125;;Investimento di pedone;Rettilineo;Due carreggiate;Asciutto;Asfaltata;Orizzontale;Sereno;Normale;Buona;Ore Diurne;0;0;1;2;12.4362;41.8489;-1;;;;Pedone;M;Prognosi riservata;0;DECEDUTO ENTRO 2 MESI;;
4288105;15;22/03/2019 13:05:00;Strada Urbana;VIA DEL TRULLO;in corrispondenza;;del civico n.;125;;Investimento di pedone;Rettilineo;Due carreggiate;Asciutto;Asfaltata;Orizzontale;Sereno;Normale;Buona;Ore Diurne;0;0;1;2;12.4362;41.8489;-1;1;Autovettura privata;In marcia / fermata / arresto;Conducente;M;Illeso;0;;Non accertato;Inesploso
4288105;15;22/03/2019 13:05:00;Strada Urbana;VIA DEL TRULLO;in corrispondenza;;del civico n.;125;;Investimento di pedone;Rettilineo;Due carreggiate;Asciutto;Asfaltata;Orizzontale;Sereno;Normale;Buona;Ore Diurne;0;0;1;2;12.4362;41.8489;-1;1;Autovettura privata;In marcia / fermata / arresto;Passeggero;M;Illeso;0;;Non accertato;Inesploso
4288108;16;21/03/2019 17:00:00;Strada Urbana;VIA LUDOVICA ALBERTONI;in prossimità;;del palo luce n.;90;;Scontro laterale fra veicoli in marcia;Rettilineo;Una carreggiata a senso unico di marcia;Asciutto;Asfaltata;Verticale ed orizzontale;Sereno;Normale;Buona;Ore Diurne;0;0;0;2;12.4442;41.8782;-1;1;Autovettura privata;In marcia / fermata / arresto;Conducente;F;Illeso;0;;Non accertato;Inesploso
4288108;16;21/03/2019 17:00:00;Strada Urbana;VIA LUDOVICA ALBERTONI;in prossimità;;del palo luce n.;90;;Scontro laterale fra veicoli in marcia;Rettilineo;Una carreggiata a senso unico di marcia;Asciutto;Asfaltata;Verticale ed orizzontale;Sereno;Normale;Buona;Ore Diurne;0;0;0;2;12.4442;41.8782;-1;2;Autovettura privata;In marcia / fermata / arresto;Conducente;F;Illeso;0;;Non accertato;Inesploso
4288118;16;21/03/2019 19:40:00;Strada Urbana;PIAZZA S. GIOVANNI DI DIO;da specificare;;;;in prossimità del fronte civico 9;Veicolo in marcia contro ostacolo accidentale;Rettilineo;Due carreggiate;Asciutto;Asfaltata;Verticale ed orizzontale;Sereno;Normale;Buona;Sufficiente;1;0;0;0;12.4467;41.8744;-1;1;Motociclo a solo;In marcia / fermata / arresto;Conducente;M;Rimandato;0;NON DECEDUTO;Non accertato;
4288122;1;22/03/2019 14:10:00;Strada Urbana;VIA SICILIA;all'intersezione con;VIA PUGLIE;VIA PUGLIE;;;Scontro frontale/laterale DX fra veicoli in marcia;Incrocio;Una carreggiata a senso unico di marcia;Asciutto;Asfaltata;Verticale ed orizzontale;Sereno;Normale;Buona;Ore Diurne;1;0;0;1;12.4933;41.9092;-1;1;Autovettura privata;In marcia / fermata / arresto;Conducente;M;Illeso;0;;Non accertato;Inesploso
4288122;1;22/03/2019 14:10:00;Strada Urbana;VIA SICILIA;all'intersezione con;VIA PUGLIE;VIA PUGLIE;;;Scontro frontale/laterale DX fra veicoli in marcia;Incrocio;Una carreggiata a senso unico di marcia;Asciutto;Asfaltata;Verticale ed orizzontale;Sereno;Normale;Buona;Ore Diurne;1;0;0;1;12.4933;41.9092;-1;2;Motociclo a solo;In marcia / fermata / arresto;Conducente;F;Rimandato;0;NON DECEDUTO;Non accertato;
4288128;17;22/03/2019 09:45:00;Strada Urbana;LUNGOTEVERE GUGLIELMO OBERDAN;da specificare;;;;in prossimità di Piazza Montegrappa  ;Scontro laterale fra veicoli in marcia;Rettilineo;Una carreggiata a doppio senso;Asciutto;Asfaltata;Verticale ed orizzontale;Sereno;Normale;Buona;Ore Diurne;1;0;0;1;12.4688;41.9205;0;1;Autovettura privata;In marcia / fermata / arresto;Conducente;F;Illeso;0;;;
4288128;17;22/03/2019 09:45:00;Strada Urbana;LUNGOTEVERE GUGLIELMO OBERDAN;da specificare;;;;in prossimità di Piazza Montegrappa  ;Scontro laterale fra veicoli in marcia;Rettilineo;Una carreggiata a doppio senso;Asciutto;Asfaltata;Verticale ed orizzontale;Sereno;Normale;Buona;Ore Diurne;1;0;0;1;12.4688;41.9205;0;2;Motociclo a solo;In marcia / fermata / arresto;Conducente;M;Rimandato;0;NON DECEDUTO;;
4288148;19;22/03/2019 18:00:00;Strada Urbana;VIA CESIRA FIORI;in prossimità;;del civico n.;53;;Scontro frontale/laterale DX fra veicoli in marcia;Rettilineo;Una carreggiata a doppio senso;Asciutto;Asfaltata;Orizzontale;Sereno;Intenso;Buona;Ore Diurne;0;0;0;2;12.3972;41.9584;-1;1;Autovettura privata;In marcia / fermata / arresto;Conducente;M;Illeso;0;;;
4288148;19;22/03/2019 18:00:00;Strada Urbana;VIA CESIRA FIORI;in prossimità;;del civico n.;53;;Scontro frontale/laterale DX fra veicoli in marcia;Rettilineo;Una carreggiata a doppio senso;Asciutto;Asfaltata;Orizzontale;Sereno;Intenso;Buona;Ore Diurne;0;0;0;2;12.3972;41.9584;-1;2;Autovettura privata;In marcia / fermata / arresto;Conducente;M;Illeso;0;;;
4288151;13;22/03/2019 19:30:00;Strada Urbana;VIA DELLE ANTILLE;all'intersezione con;VIA DELLE BALENIERE;VIA DELLE BALENIERE;;;Scontro laterale fra veicoli in marcia;Incrocio;Una carreggiata a senso unico di marcia;Asciutto;Asfaltata;Verticale ed orizzontale;Sereno;Normale;Sufficiente;Sufficiente;0;0;0;1;12.2805;41.7377;-1;1;Autocarro inferiore 35 q.;Allontanatosi;;;;;;;
4288151;13;22/03/2019 19:30:00;Strada Urbana;VIA DELLE ANTILLE;all'intersezione con;VIA DELLE BALENIERE;VIA DELLE BALENIERE;;;Scontro laterale fra veicoli in marcia;Incrocio;Una carreggiata a senso unico di marcia;Asciutto;Asfaltata;Verticale ed orizzontale;Sereno;Normale;Sufficiente;Sufficiente;0;0;0;1;12.2805;41.7377;-1;2;Autovettura privata;In marcia / fermata / arresto;Conducente;M;Illeso;0;;Non accertato;Inesploso
4288431;20;23/03/2019 02:30:00;Provinciale;VIA TIBERINA;in prossimità;;della chilometrica;5;;Fuoriuscita dalla sede stradale;Rettilineo;Una carreggiata a doppio senso;Asciutto;Asfaltata;Verticale ed orizzontale;Sereno;Scarso;Insufficiente;Inesistente;0;0;0;1;12.505;42.0258;-1;1;Autovettura privata;In marcia / fermata / arresto;Conducente;M;Illeso;0;;Non accertato;Inesploso
4288556;8;22/03/2019 08:40:00;Strada Urbana;VIA ACQUARONI;all'intersezione con;VIA RAFFAELE DE FERRARI;VIA RAFFAELE DE FERRARI;;;Scontro frontale/laterale DX fra veicoli in marcia;Incrocio;Una carreggiata a doppio senso;Asciutto;Asfaltata;Verticale ed orizzontale;Sereno;Normale;Buona;Ore Diurne;0;0;0;1;12.6446;41.8655;0;1;Autovettura privata;In marcia / fermata / arresto;Conducente;M;Illeso;0;;Non accertato;Inesploso
4288556;8;22/03/2019 08:40:00;Strada Urbana;VIA ACQUARONI;all'intersezione con;VIA RAFFAELE DE FERRARI;VIA RAFFAELE DE FERRARI;;;Scontro frontale/laterale DX fra veicoli in marcia;Incrocio;Una carreggiata a doppio senso;Asciutto;Asfaltata;Verticale ed orizzontale;Sereno;Normale;Buona;Ore Diurne;0;0;0;1;12.6446;41.8655;0;2;Autovettura privata;Allontanatosi;;;;;;;
4288559;8;22/03/2019 08:50:00;Strada Urbana;VIA MUSSOMELI;in prossimità;;del civico n.;62;;Scontro frontale/laterale SX fra veicoli in marcia;Rettilineo;Una carreggiata a doppio senso;Asciutto;Asfaltata;Assente;Sereno;Normale;Sufficiente;Ore Diurne;1;0;0;4;12.676;41.8623;-1;1;Autovettura privata;In marcia / fermata / arresto;Conducente;M;Rifiuta cure immediate;0;NON DECEDUTO;Non accertato;Inesploso
4288559;8;22/03/2019 08:50:00;Strada Urbana;VIA MUSSOMELI;in prossimità;;del civico n.;62;;Scontro frontale/laterale SX fra veicoli in marcia;Rettilineo;Una carreggiata a doppio senso;Asciutto;Asfaltata;Assente;Sereno;Normale;Sufficiente;Ore Diurne;1;0;0;4;12.676;41.8623;-1;1;Autovettura privata;In marcia / fermata / arresto;Passeggero;M;Illeso;0;;Non accertato;Inesploso
4288559;8;22/03/2019 08:50:00;Strada Urbana;VIA MUSSOMELI;in prossimità;;del civico n.;62;;Scontro frontale/laterale SX fra veicoli in marcia;Rettilineo;Una carreggiata a doppio senso;Asciutto;Asfaltata;Assente;Sereno;Normale;Sufficiente;Ore Diurne;1;0;0;4;12.676;41.8623;-1;2;Autovettura privata;In marcia / fermata / arresto;Conducente;M;Illeso;0;;Non accertato;Inesploso
4288559;8;22/03/2019 08:50:00;Strada Urbana;VIA MUSSOMELI;in prossimità;;del civico n.;62;;Scontro frontale/laterale SX fra veicoli in marcia;Rettilineo;Una carreggiata a doppio senso;Asciutto;Asfaltata;Assente;Sereno;Normale;Sufficiente;Ore Diurne;1;0;0;4;12.676;41.8623;-1;2;Autovettura privata;In marcia / fermata / arresto;Passeggero;F;Illeso;0;;Non accertato;Inesploso
4288559;8;22/03/2019 08:50:00;Strada Urbana;VIA MUSSOMELI;in prossimità;;del civico n.;62;;Scontro frontale/laterale SX fra veicoli in marcia;Rettilineo;Una carreggiata a doppio senso;Asciutto;Asfaltata;Assente;Sereno;Normale;Sufficiente;Ore Diurne;1;0;0;4;12.676;41.8623;-1;2;Autovettura privata;In marcia / fermata / arresto;Passeggero;F;Illeso;0;;Non accertato;Inesploso
4288561;8;22/03/2019 11:10:00;Strada Urbana;VIA DI TORRENOVA;in prossimità;;del civico n.;425;;Tamponamento;Rettilineo;Una carreggiata a doppio senso;Asciutto;Asfaltata;Verticale ed orizzontale;Sereno;Normale;Buona;Ore Diurne;1;0;0;2;12.6192;41.8851;-1;1;Autovettura privata;In marcia / fermata / arresto;Conducente;M;Rifiuta cure immediate;0;NON DECEDUTO;Non accertato;Inesploso
4288561;8;22/03/2019 11:10:00;Strada Urbana;VIA DI TORRENOVA;in prossimità;;del civico n.;425;;Tamponamento;Rettilineo;Una carreggiata a doppio senso;Asciutto;Asfaltata;Verticale ed orizzontale;Sereno;Normale;Buona;Ore Diurne;1;0;0;2;12.6192;41.8851;-1;1;Autovettura privata;In marcia / fermata / arresto;Passeggero;M;Illeso;0;;Non accertato;Inesploso
4288561;8;22/03/2019 11:10:00;Strada Urbana;VIA DI TORRENOVA;in prossimità;;del civico n.;425;;Tamponamento;Rettilineo;Una carreggiata a doppio senso;Asciutto;Asfaltata;Verticale ed orizzontale;Sereno;Normale;Buona;Ore Diurne;1;0;0;2;12.6192;41.8851;-1;2;Autovettura privata;In marcia / fermata / arresto;Conducente;M;Illeso;0;;Non accertato;Inesploso
4288562;8;22/03/2019 18:20:00;Strada Urbana;VIA SERRA PEDACE;all'intersezione con;VIA DI ROCCA CENCIA;VIA DI ROCCA CENCIA;;;Scontro frontale/laterale SX fra veicoli in marcia;Incrocio;Una carreggiata a doppio senso;Asciutto;Asfaltata;Verticale ed orizzontale;Sereno;Normale;Buona;Ore Diurne;0;0;0;4;12.6894;41.868;-1;1;Autovettura privata;In marcia / fermata / arresto;Conducente;M;Illeso;0;;Non accertato;Inesploso
4288562;8;22/03/2019 18:20:00;Strada Urbana;VIA SERRA PEDACE;all'intersezione con;VIA DI ROCCA CENCIA;VIA DI ROCCA CENCIA;;;Scontro frontale/laterale SX fra veicoli in marcia;Incrocio;Una carreggiata a doppio senso;Asciutto;Asfaltata;Verticale ed orizzontale;Sereno;Normale;Buona;Ore Diurne;0;0;0;4;12.6894;41.868;-1;2;Autovettura privata;In marcia / fermata / arresto;Conducente;M;Illeso;0;;Non accertato;Inesploso
4288562;8;22/03/2019 18:20:00;Strada Urbana;VIA SERRA PEDACE;all'intersezione con;VIA DI ROCCA CENCIA;VIA DI ROCCA CENCIA;;;Scontro frontale/laterale SX fra veicoli in marcia;Incrocio;Una carreggiata a doppio senso;Asciutto;Asfaltata;Verticale ed orizzontale;Sereno;Normale;Buona;Ore Diurne;0;0;0;4;12.6894;41.868;-1;2;Autovettura privata;In marcia / fermata / arresto;Passeggero;F;Illeso;0;;Non accertato;Inesploso
4288562;8;22/03/2019 18:20:00;Strada Urbana;VIA SERRA PEDACE;all'intersezione con;VIA DI ROCCA CENCIA;VIA DI ROCCA CENCIA;;;Scontro frontale/laterale SX fra veicoli in marcia;Incrocio;Una carreggiata a doppio senso;Asciutto;Asfaltata;Verticale ed orizzontale;Sereno;Normale;Buona;Ore Diurne;0;0;0;4;12.6894;41.868;-1;3;Autovettura privata;In marcia / fermata / arresto;Conducente;M;Illeso;0;;Non accertato;Inesploso
4288566;8;22/03/2019 22:40:00;Strada Urbana;VIALE ANTONIO CIAMARRA;in prossimità;;del civico n.;127;;Veicolo in marcia contro ostacolo fisso;Rettilineo;Due carreggiate;Asciutto;Asfaltata;Verticale ed orizzontale;Sereno;Scarso;Sufficiente;Sufficiente;1;0;0;0;12.5904;41.8501;0;1;Autovettura privata;In marcia / fermata / arresto;Conducente;M;Rifiuta cure immediate;0;NON DECEDUTO;;
4288569;8;22/03/2019 01:15:00;Strada Urbana;VIA DI PIETRALATA;in prossimità;;del civico n.;149;;Tamponamento;Curva a visuale libera;Una carreggiata a doppio senso;Asciutto;Asfaltata;Assente;Sereno;Normale;Sufficiente;Sufficiente;2;0;0;1;12.5372;41.9267;-1;1;Autovettura privata;In marcia / fermata / arresto;Conducente;M;Illeso;0;;Non accertato;Inesploso
4288569;8;22/03/2019 01:15:00;Strada Urbana;VIA DI PIETRALATA;in prossimità;;del civico n.;149;;Tamponamento;Curva a visuale libera;Una carreggiata a doppio senso;Asciutto;Asfaltata;Assente;Sereno;Normale;Sufficiente;Sufficiente;2;0;0;1;12.5372;41.9267;-1;1;Autovettura privata;In marcia / fermata / arresto;Passeggero;M;Rifiuta cure immediate;0;NON DECEDUTO;Non accertato;Inesploso
4288569;8;22/03/2019 01:15:00;Strada Urbana;VIA DI PIETRALATA;in prossimità;;del civico n.;149;;Tamponamento;Curva a visuale libera;Una carreggiata a doppio senso;Asciutto;Asfaltata;Assente;Sereno;Normale;Sufficiente;Sufficiente;2;0;0;1;12.5372;41.9267;-1;2;Motociclo a solo;In marcia / fermata / arresto;Conducente;M;Rimandato;0;NON DECEDUTO;Non accertato;
4288608;11;22/03/2019 19:00:00;Strada Urbana;VIA LAURENTINA;all'intersezione con;VIA LUIGI PERNA;VIA LUIGI PERNA;;;Investimento di pedone;Incrocio;Due carreggiate;Asciutto;Asfaltata;Verticale ed orizzontale;Sereno;Normale;Buona;Sufficiente;1;0;0;1;12.4798;41.8449;-1;;;;Pedone;F;Rimandato;0;NON DECEDUTO;;
4288608;11;22/03/2019 19:00:00;Strada Urbana;VIA LAURENTINA;all'intersezione con;VIA LUIGI PERNA;VIA LUIGI PERNA;;;Investimento di pedone;Incrocio;Due carreggiate;Asciutto;Asfaltata;Verticale ed orizzontale;Sereno;Normale;Buona;Sufficiente;1;0;0;1;12.4798;41.8449;-1;1;Autovettura privata;In marcia / fermata / arresto;Conducente;F;Illeso;0;;Non accertato;
4288626;11;22/03/2019 16:20:00;Strada Urbana;VIA DI GROTTA PERFETTA;da specificare;;;;prossimità via Ciaffi;Scontro frontale fra veicoli in marcia;Rettilineo;Una carreggiata a doppio senso;Asciutto;Asfaltata;Verticale ed orizzontale;Sereno;Intenso;Buona;Ore Diurne;0;0;0;2;12.4848;41.8498;-1;1;Motociclo a solo;In marcia / fermata / arresto;Conducente;M;Illeso;0;;Non accertato;
4288626;11;22/03/2019 16:20:00;Strada Urbana;VIA DI GROTTA PERFETTA;da specificare;;;;prossimità via Ciaffi;Scontro frontale fra veicoli in marcia;Rettilineo;Una carreggiata a doppio senso;Asciutto;Asfaltata;Verticale ed orizzontale;Sereno;Intenso;Buona;Ore Diurne;0;0;0;2;12.4848;41.8498;-1;2;Autovettura privata;In marcia / fermata / arresto;Conducente;M;Illeso;0;;Non accertato;
4288701;15;22/03/2019 16:30:00;Strada Urbana;VIA PORTUENSE;all'intersezione con;VIA MARA;VIA MARA;;;Tamponamento;Intersezione non regolata/non segnalata;Una carreggiata a doppio senso;Asciutto;Asfaltata;Orizzontale;Sereno;Normale;Buona;Ore Diurne;2;0;0;2;12.414;41.8469;-1;1;Autovettura privata;In marcia / fermata / arresto;Conducente;F;Illeso;0;;Non accertato;Inesploso
4288701;15;22/03/2019 16:30:00;Strada Urbana;VIA PORTUENSE;all'intersezione con;VIA MARA;VIA MARA;;;Tamponamento;Intersezione non regolata/non segnalata;Una carreggiata a doppio senso;Asciutto;Asfaltata;Orizzontale;Sereno;Normale;Buona;Ore Diurne;2;0;0;2;12.414;41.8469;-1;1;Autovettura privata;In marcia / fermata / arresto;Passeggero;M;Illeso;0;;Non accertato;Inesploso