Protocollo;Gruppo;DataOraIncidente;Localizzazione1;STRADA1;Localizzazione2;STRADA2;Strada02;Chilometrica;DaSpecificare;NaturaIncidente;particolaritastrade;TipoStrada;FondoStradale;Pavimentazione;Segnaletica;CondizioneAtmosferica;Traffico;Visibilita;Illuminazione;NUM_FERITI;NUM_RISERVATA;NUM_MORTI;NUM_ILLESI;Longitudine;Latitudine;Confermato;Progressivo;TipoVeicolo;StatoVeicolo;TipoPersona;Sesso;Tipolesione;Deceduto;DecedutoDopo;CinturaCascoUtilizzato;Airbag;
4290161;6;23/03/2019 00:15:00;Strada Urbana;VIA CASILINA;all'intersezione con;VIA DI VILLA SERVENTI;VIA DI VILLA SERVENTI;;;Tamponamento;Incrocio;Due carreggiate;Asciutto;Asfaltata;Orizzontale;Sereno;Scarso;Buona;Sufficiente;1;0;0;1;12.5301;41.8848;-1;1;Autobus urbano;In marcia / fermata / arresto;Conducente;M;Illeso;0;;;
4290161;6;23/03/2019 00:15:00;Strada Urbana;VIA CASILINA;all'intersezione con;VIA DI VILLA SERVENTI;VIA DI VILLA SERVENTI;;;Tamponamento;Incrocio;Due carreggiate;Asciutto;Asfaltata;Orizzontale;Sereno;Scarso;Buona;Sufficiente;1;0;0;1;12.5301;41.8848;-1;2;Motociclo a solo;In marcia / fermata / arresto;Conducente;M;Ricoverato;0;NON DECEDUTO;;
4290179;9;23/03/2019 08:30:00;Strada Urbana;VIA APPIA NUOVA;da specificare;;;;FR. 377;Investimento di pedone;Rettilineo;Due carreggiate;Asciutto;Asfaltata;Verticale ed orizzontale;Sereno;Intenso;Buona;Ore Diurne;1;0;0;2;12.523;41.8749;-1;;;;Pedone;F;Rimandato;0;NON DECEDUTO;;
4290179;9;23/03/2019 08:30:00;Strada Urbana;VIA APPIA NUOVA;da specificare;;;;FR. 377;Investimento di pedone;Rettilineo;Due carreggiate;Asciutto;Asfaltata;Verticale ed orizzontale;Sereno;Intenso;Buona;Ore Diurne;1;0;0;2;12.523;41.8749;-1;1;Autovettura privata;In marcia / fermata / arresto;Conducente;M;Illeso;0;;Non accertato;Inesploso
4290179;9;23/03/2019 08:30:00;Strada Urbana;VIA APPIA NUOVA;da specificare;;;;FR. 377;Investimento di pedone;Rettilineo;Due carreggiate;Asciutto;Asfaltata;Verticale ed orizzontale;Sereno;Intenso;Buona;Ore Diurne;1;0;0;2;12.523;41.8749;-1;1;Autovettura privata;In marcia / fermata / arresto;Passeggero;F;Illeso;0;;Non accertato;Inesploso
4290202;9;23/03/2019 19:45:00;Strada Urbana;VIA ANAGNINA;da specificare;;;;prossimità PALO A.C.E.A. 8;Investimento di pedone;Rettilineo;Una carreggiata a senso unico di marcia;Asciutto;Asfaltata;Verticale;Sereno;Normale;Insufficiente;Insufficiente;1;0;0;1;12.6105;41.8206;-1;;;;Pedone;M;Rimandato;0;NON DECEDUTO;;
4290202;9;23/03/2019 19:45:00;Strada Urbana;VIA ANAGNINA;da specificare;;;;prossimità PALO A.C.E.A. 8;Investimento di pedone;Rettilineo;Una carreggiata a senso unico di marcia;Asciutto;Asfaltata;Verticale;Sereno;Normale;Insufficiente;Insufficiente;1;0;0;1;12.6105;41.8206;-1;1;Autovettura privata;In marcia / fermata / arresto;Conducente;M;Illeso;0;;Non accertato;Inesploso
4290209;6;23/03/2019 13:15:00;Strada Urbana;VIALE FILARETE;all'intersezione con;VIA CIRO DA URBINO;VIA CIRO DA URBINO;;;Scontro frontale/laterale DX fra veicoli in marcia;Incrocio;Due carreggiate;Asciutto;Asfaltata;Orizzontale;Sereno;Scarso;Buona;Ore Diurne;0;0;0;3;12.5391;41.8781;-1;1;Autovettura privata;In marcia / fermata / arresto;Conducente;M;Illeso;0;;;
4290209;6;23/03/2019 13:15:00;Strada Urbana;VIALE FILARETE;all'intersezione con;VIA CIRO DA URBINO;VIA CIRO DA URBINO;;;Scontro frontale/laterale DX fra veicoli in marcia;Incrocio;Due carreggiate;Asciutto;Asfaltata;Orizzontale;Sereno;Scarso;Buona;Ore Diurne;0;0;0;3;12.5391;41.8781;-1;2;Autovettura privata;In marcia / fermata / arresto;Conducente;M;Illeso;0;;;
4290209;6;23/03/2019 13:15:00;Strada Urbana;VIALE FILARETE;all'intersezione con;VIA CIRO DA URBINO;VIA CIRO DA URBINO;;;Scontro frontale/laterale DX fra veicoli in marcia;Incrocio;Due carreggiate;Asciutto;Asfaltata;Orizzontale;Sereno;Scarso;Buona;Ore Diurne;0;0;0;3;12.5391;41.8781;-1;2;Autovettura privata;In marcia / fermata / arresto;Passeggero;M;Illeso;0;;;
4290231;9;24/03/2019 02:00:00;Strada Urbana;CIRCONVALLAZIONE APPIA;all'intersezione con;VIA PASQUALE TOLA;VIA PASQUALE TOLA;;;Scontro frontale/laterale SX fra veicoli in marcia;Intersezione stradale segnalata;Una carreggiata a doppio senso;Asciutto;Asfaltata;Verticale ed orizzontale;Sereno;Scarso;Sufficiente;Sufficiente;1;0;0;2;12.5155;41.8759;-1;1;Autovettura privata;In marcia / fermata / arresto;Conducente;M;Illeso;0;;Non accertato;Inesploso
4290231;9;24/03/2019 02:00:00;Strada Urbana;CIRCONVALLAZIONE APPIA;all'intersezione con;VIA PASQUALE TOLA;VIA PASQUALE TOLA;;;Scontro frontale/laterale SX fra veicoli in marcia;Intersezione stradale segnalata;Una carreggiata a doppio senso;Asciutto;Asfaltata;Verticale ed orizzontale;Sereno;Scarso;Sufficiente;Sufficiente;1;0;0;2;12.5155;41.8759;-1;1;Autovettura privata;In marcia / fermata / arresto;Passeggero;M;Illeso;0;;Non accertato;Inesploso
4290231;9;24/03/2019 02:00:00;Strada Urbana;CIRCONVALLAZIONE APPIA;all'intersezione con;VIA PASQUALE TOLA;VIA PASQUALE TOLA;;;Scontro frontale/laterale SX fra veicoli in marcia;Intersezione stradale segnalata;Una carreggiata a doppio senso;Asciutto;Asfaltata;Verticale ed orizzontale;Sereno;Scarso;Sufficiente;Sufficiente;1;0;0;2;12.5155;41.8759;-1;2;Motociclo a solo;In marcia / fermata / arresto;Conducente;M;Rimandato;0;NON DECEDUTO;Non accertato;
4290246;6;24/03/2019 01:00:00;Strada Urbana;VIA DEI CLUNIACENSI;in corrispondenza;;del civico n.;48;;Scontro frontale fra veicoli in marcia;Rettilineo;Una carreggiata a doppio senso;Asciutto;Asfaltata;Assente;Sereno;Scarso;Sufficiente;Sufficiente;0;0;0;2;12.5448;41.9076;-1;1;Autovettura privata;In marcia / fermata / arresto;Conducente;M;Illeso;0;;;
4290246;6;24/03/2019 01:00:00;Strada Urbana;VIA DEI CLUNIACENSI;in corrispondenza;;del civico n.;48;;Scontro frontale fra veicoli in marcia;Rettilineo;Una carreggiata a doppio senso;Asciutto;Asfaltata;Assente;Sereno;Scarso;Sufficiente;Sufficiente;0;0;0;2;12.5448;41.9076;-1;1;Autovettura privata;In marcia / fermata / arresto;Passeggero;M;Illeso;0;;;
4290246;6;24/03/2019 01:00:00;Strada Urbana;VIA DEI CLUNIACENSI;in corrispondenza;;del civico n.;48;;Scontro frontale fra veicoli in marcia;Rettilineo;Una carreggiata a doppio senso;Asciutto;Asfaltata;Assente;Sereno;Scarso;Sufficiente;Sufficiente;0;0;0;2;12.5448;41.9076;-1;2;Autovettura privata;In marcia / fermata / arresto;;;;;;;
4290249;9;24/03/2019 06:30:00;Strada Urbana;VIA FRASCATI;da specificare;;;;prox 50;Fuoriuscita dalla sede stradale;Curva senza visuale libera;Una carreggiata a senso unico di marcia;Asciutto;Asfaltata;Verticale ed orizzontale;Sereno;Scarso;Buona;Ore Diurne;1;0;0;0;12.5419;41.8655;-1;1;Autovettura privata;In marcia / fermata / arresto;Conducente;M;Rimandato;0;NON DECEDUTO;Non accertato;Esploso
4290263;18;22/03/2019 17:00:00;Strada Urbana;VIA BALDO DEGLI UBALDI;in corrispondenza;;del civico n.;73;;Scontro laterale fra veicoli in marcia;Pendenza;Due carreggiate;Asciutto;Asfaltata;Orizzontale;Sereno;Normale;Buona;Ore Diurne;1;0;0;1;12.4327;41.8989;-1;1;Autobus turistico;In marcia / fermata / arresto;Conducente;M;Illeso;0;;Non accertato;Inesploso
4290263;18;22/03/2019 17:00:00;Strada Urbana;VIA BALDO DEGLI UBALDI;in corrispondenza;;del civico n.;73;;Scontro laterale fra veicoli in marcia;Pendenza;Due carreggiate;Asciutto;Asfaltata;Orizzontale;Sereno;Normale;Buona;Ore Diurne;1;0;0;1;12.4327;41.8989;-1;2;Autovettura privata;In marcia / fermata / arresto;Conducente;F;Rifiuta cure immediate;0;NON DECEDUTO;Non accertato;Inesploso
4290266;6;23/03/2019 22:30:00;Strada Urbana;VIA TUSCOLANA;all'intersezione con;VIA TUSCOLANA;VIA TUSCOLANA;;;Infortunio per caduta del veicolo;Incrocio;Una carreggiata a doppio senso;Asciutto;Asfaltata;Assente;Sereno;Scarso;Sufficiente;Sufficiente;1;0;0;0;12.6414;41.8214;-1;1;Motociclo a solo;In marcia / fermata / arresto;Conducente;M;Rifiuta cure immediate;0;NON DECEDUTO;;
4290273;4;23/03/2019 15:45:00;Strada Urbana;VIA NOMENTANA;da specificare;;;;pross. via Algarotti;Investimento di pedone;Rettilineo;Una carreggiata a doppio senso;Asciutto;Asfaltata;Verticale ed orizzontale;Sereno;Normale;Buona;Ore Diurne;1;0;0;1;12.5728;41.9579;-1;;;;Pedone;M;Rimandato;0;NON DECEDUTO;;
4290273;4;23/03/2019 15:45:00;Strada Urbana;VIA NOMENTANA;da specificare;;;;pross. via Algarotti;Investimento di pedone;Rettilineo;Una carreggiata a doppio senso;Asciutto;Asfaltata;Verticale ed orizzontale;Sereno;Normale;Buona;Ore Diurne;1;0;0;1;12.5728;41.9579;-1;1;Motociclo a solo;In marcia / fermata / arresto;Conducente;M;Illeso;0;;Non accertato;
4290276;23;23/03/2019 09:05:00;Comunale extraurbana;VIA CRISTOFORO COLOMBO;in prossimità;;della chilometrica;19.7;;Tamponamento Multiplo;Rettilineo;Più di due carreggiate;Asciutto;Asfaltata;Verticale ed orizzontale;Sereno;Normale;Buona;Ore Diurne;1;0;0;2;12.4121;41.786;-1;1;Autovettura privata;In marcia / fermata / arresto;Conducente;M;Rifiuta cure immediate;0;NON DECEDUTO;Non accertato;Inesistente
4290276;23;23/03/2019 09:05:00;Comunale extraurbana;VIA CRISTOFORO COLOMBO;in prossimità;;della chilometrica;19.7;;Tamponamento Multiplo;Rettilineo;Più di due carreggiate;Asciutto;Asfaltata;Verticale ed orizzontale;Sereno;Normale;Buona;Ore Diurne;1;0;0;2;12.4121;41.786;-1;2;Autovettura privata;In marcia / fermata / arresto;Conducente;M;Illeso;0;;Non accertato;Inesploso
4290276;23;23/03/2019 09:05:00;Comunale extraurbana;VIA CRISTOFORO COLOMBO;in prossimità;;della chilometrica;19.7;;Tamponamento Multiplo;Rettilineo;Più di due carreggiate;Asciutto;Asfaltata;Verticale ed orizzontale;Sereno;Normale;Buona;Ore Diurne;1;0;0;2;12.4121;41.786;-1;3;Autovettura privata;In marcia / fermata / arresto;Conducente;M;Illeso;0;;Non accertato;Inesploso
4290280;18;22/03/2019 23:30:00;Statale;VIA AURELIA;in prossimità;;del civico n.;946;;Tamponamento Multiplo;Rettilineo;Due carreggiate;Asciutto;Asfaltata;Verticale ed orizzontale;Sereno;Scarso;Sufficiente;Sufficiente;0;0;0;3;12.4526;41.8999;-1;1;Autovettura privata;In marcia / fermata / arresto;Conducente;M;Illeso;0;;Non accertato;
4290280;18;22/03/2019 23:30:00;Statale;VIA AURELIA;in prossimità;;del civico n.;946;;Tamponamento Multiplo;Rettilineo;Due carreggiate;Asciutto;Asfaltata;Verticale ed orizzontale;Sereno;Scarso;Sufficiente;Sufficiente;0;0;0;3;12.4526;41.8999;-1;2;Autovettura privata;In marcia / fermata / arresto;Conducente;M;Illeso;0;;;
4290280;18;22/03/2019 23:30:00;Statale;VIA AURELIA;in prossimità;;del civico n.;946;;Tamponamento Multiplo;Rettilineo;Due carreggiate;Asciutto;Asfaltata;Verticale ed orizzontale;Sereno;Scarso;Sufficiente;Sufficiente;0;0;0;3;12.4526;41.8999;-1;3;Autovettura privata;In marcia / fermata / arresto;Conducente;M;Illeso;0;;;
4290282;6;24/03/2019 05:30:00;Strada Urbana;VIA DI TOR PIGNATTARA;in prossimità;;del civico n.;105;;Veicolo in marcia contro veicoli in sosta;Rettilineo;Una carreggiata a doppio senso;Asciutto;Asfaltata;Assente;Sereno;Scarso;Buona;Ore Diurne;1;0;0;1;12.5418;41.8776;-1;1;Autovettura privata;In marcia / fermata / arresto;Conducente;M;Rimandato;0;NON DECEDUTO;;
4290282;6;24/03/2019 05:30:00;Strada Urbana;VIA DI TOR PIGNATTARA;in prossimità;;del civico n.;105;;Veicolo in marcia contro veicoli in sosta;Rettilineo;Una carreggiata a doppio senso;Asciutto;Asfaltata;Assente;Sereno;Scarso;Buona;Ore Diurne;1;0;0;1;12.5418;41.8776;-1;1;Autovettura privata;In marcia / fermata / arresto;Passeggero;M;Illeso;0;;;
4290282;6;24/03/2019 05:30:00;Strada Urbana;VIA DI TOR PIGNATTARA;in prossimità;;del civico n.;105;;Veicolo in marcia contro veicoli in sosta;Rettilineo;Una carreggiata a doppio senso;Asciutto;Asfaltata;Assente;Sereno;Scarso;Buona;Ore Diurne;1;0;0;1;12.5418;41.8776;-1;2;Autovettura privata;Sosta;;;;;;;
4290282;6;24/03/2019 05:30:00;Strada Urbana;VIA DI TOR PIGNATTARA;in prossimità;;del civico n.;105;;Veicolo in marcia contro veicoli in sosta;Rettilineo;Una carreggiata a doppio senso;Asciutto;Asfaltata;Assente;Sereno;Scarso;Buona;Ore Diurne;1;0;0;1;12.5418;41.8776;-1;3;Autovettura privata;Sosta;;;;;;;
4290290;4;23/03/2019 17:00:00;Strada Urbana;VIA DEI PRATI FISCALI;in prossimità;;del civico n.;55;;Veicolo in marcia contro veicolo in sosta;Rettilineo;Due carreggiate;Asciutto;Asfaltata;Orizzontale;Sereno;Normale;Buona;Ore Diurne;0;0;0;0;12.5231;41.9459;-1;1;Autobus turistico;Sosta;;;;;;;
4290303;18;23/03/2019 10:20:00;Strada Urbana;VIA GREGORIO XIII;in prossimità;;del civico n.;7;;Veicolo in marcia contro veicoli in sosta;Rettilineo;Una carreggiata a doppio senso;Asciutto;Asfaltata;Verticale;Sereno;Normale;Buona;Ore Diurne;0;0;0;1;12.4188;41.9039;-1;1;Autovettura privata;In marcia / fermata / arresto;Conducente;M;Illeso;0;;;
4290303;18;23/03/2019 10:20:00;Strada Urbana;VIA GREGORIO XIII;in prossimità;;del civico n.;7;;Veicolo in marcia contro veicoli in sosta;Rettilineo;Una carreggiata a doppio senso;Asciutto;Asfaltata;Verticale;Sereno;Normale;Buona;Ore Diurne;0;0;0;1;12.4188;41.9039;-1;2;Autovettura privata;Sosta;;;;;;;
4290303;18;23/03/2019 10:20:00;Strada Urbana;VIA GREGORIO XIII;in prossimità;;del civico n.;7;;Veicolo in marcia contro veicoli in sosta;Rettilineo;Una carreggiata a doppio senso;Asciutto;Asfaltata;Verticale;Sereno;Normale;Buona;Ore Diurne;0;0;0;1;12.4188;41.9039;-1;3;Autovettura privata;Sosta;;;;;;;
4290314;18;24/03/2019 04:20:00;Strada Urbana;VIA DELL'AMBA ARADAM;da specificare;;;;da richiedere ai verbalizzanti;Scontro laterale fra veicoli in marcia;Rettilineo;Una carreggiata a doppio senso;Asciutto;Asfaltata;Verticale ed orizzontale;Sereno;Scarso;Buona;Sufficiente;0;0;0;4;12.5016;41.8847;-1;1;Autocarro inferiore 35 q.;In marcia / fermata / arresto;Conducente;M;Illeso;0;;Non accertato;Inesploso
4290314;18;24/03/2019 04:20:00;Strada Urbana;VIA DELL'AMBA ARADAM;da specificare;;;;da richiedere ai verbalizzanti;Scontro laterale fra veicoli in marcia;Rettilineo;Una carreggiata a doppio senso;Asciutto;Asfaltata;Verticale ed orizzontale;Sereno;Scarso;Buona;Sufficiente;0;0;0;4;12.5016;41.8847;-1;1;Autocarro inferiore 35 q.;In marcia / fermata / arresto;Passeggero;M;Illeso;0;;;
4290314;18;24/03/2019 04:20:00;Strada Urbana;VIA DELL'AMBA ARADAM;da specificare;;;;da richiedere ai verbalizzanti;Scontro laterale fra veicoli in marcia;Rettilineo;Una carreggiata a doppio senso;Asciutto;Asfaltata;Verticale ed orizzontale;Sereno;Scarso;Buona;Sufficiente;0;0;0;4;12.5016;41.8847;-1;2;Autovettura privata;In marcia / fermata / arresto;Conducente;F;Illeso;0;;;
4290314;18;24/03/2019 04:20:00;Strada Urbana;VIA DELL'AMBA ARADAM;da specificare;;;;da richiedere ai verbalizzanti;Scontro laterale fra veicoli in marcia;Rettilineo;Una carreggiata a doppio senso;Asciutto;Asfaltata;Verticale ed orizzontale;Sereno;Scarso;Buona;Sufficiente;0;0;0;4;12.5016;41.8847;-1;2;Autovettura privata;In marcia / fermata / arresto;Passeggero;M;Illeso;0;;;
4290316;4;24/03/2019 01:40:00;Strada Urbana;CORSO DI FRANCIA;da specificare;;;;in prossimità di Via Flaminia Vecchia;Tamponamento Multiplo;Rettilineo;Due carreggiate;Asciutto;Asfaltata;Orizzontale;Sereno;Normale;Buona;Sufficiente;0;0;0;4;12.4717;41.9367;-1;1;Autovettura privata;In marcia / fermata / arresto;Conducente;M;Illeso;0;;;
4290316;4;24/03/2019 01:40:00;Strada Urbana;CORSO DI FRANCIA;da specificare;;;;in prossimità di Via Flaminia Vecchia;Tamponamento Multiplo;Rettilineo;Due carreggiate;Asciutto;Asfaltata;Orizzontale;Sereno;Normale;Buona;Sufficiente;0;0;0;4;12.4717;41.9367;-1;1;Autovettura privata;In marcia / fermata / arresto;Passeggero;F;Illeso;0;;;
4290316;4;24/03/2019 01:40:00;Strada Urbana;CORSO DI FRANCIA;da specificare;;;;in prossimità di Via Flaminia Vecchia;Tamponamento Multiplo;Rettilineo;Due carreggiate;Asciutto;Asfaltata;Orizzontale;Sereno;Normale;Buona;Sufficiente;0;0;0;4;12.4717;41.9367;-1;2;Autovettura privata;In marcia / fermata / arresto;Conducente;M;Illeso;0;;;
4290316;4;24/03/2019 01:40:00;Strada Urbana;CORSO DI FRANCIA;da specificare;;;;in prossimità di Via Flaminia Vecchia;Tamponamento Multiplo;Rettilineo;Due carreggiate;Asciutto;Asfaltata;Orizzontale;Sereno;Normale;Buona;Sufficiente;0;0;0;4;12.4717;41.9367;-1;3;Autovettura privata;In marcia / fermata / arresto;Conducente;F;Illeso;0;;;
4290357;6;24/03/2019 07:40:00;Strada Urbana;VIA ROMOLO BALZANI;in corrispondenza;;del civico n.;4;;Veicolo in marcia contro veicolo in sosta;Curva senza visuale libera;Due carreggiate;Asciutto;Asfaltata;Verticale ed orizzontale;Sereno;Scarso;Buona;Ore Diurne;0;0;0;1;12.5551;41.8774;-1;1;Autovettura privata;In marcia / fermata / arresto;Conducente;M;Illeso;0;;;
4290357;6;24/03/2019 07:40:00;Strada Urbana;VIA ROMOLO BALZANI;in corrispondenza;;del civico n.;4;;Veicolo in marcia contro veicolo in sosta;Curva senza visuale libera;Due carreggiate;Asciutto;Asfaltata;Verticale ed orizzontale;Sereno;Scarso;Buona;Ore Diurne;0;0;0;1;12.5551;41.8774;-1;2;Autovettura privata;Sosta;;;;;;;
4290446;20;23/03/2019 11:40:00;Strada Urbana;VIA CHIUSAFORTE;all'intersezione con;VIA ARTA TERME;VIA ARTA TERME;;;Investimento di pedone;Incrocio;Una carreggiata a senso unico di marcia;Asciutto;Asfaltata;Orizzontale;Sereno;Scarso;Buona;Ore Diurne;1;0;0;1;12.4897;41.9957;-1;;;;Pedone;M;Rimandato;0;NON DECEDUTO;;
4290446;20;23/03/2019 11:40:00;Strada Urbana;VIA CHIUSAFORTE;all'intersezione con;VIA ARTA TERME;VIA ARTA TERME;;;Investimento di pedone;Incrocio;Una carreggiata a senso unico di marcia;Asciutto;Asfaltata;Orizzontale;Sereno;Scarso;Buona;Ore Diurne;1;0;0;1;12.4897;41.9957;-1;1;Autovettura privata;In marcia / fermata / arresto;Conducente;M;Illeso;0;;Non accertato;
4290463;20;23/03/2019 14:00:00;Strada Urbana;VIA TRIONFALE;in prossimità;;del civico n.;1416;;Veicolo in marcia contro ostacolo fisso;Rettilineo;Una carreggiata a doppio senso;Asciutto;Asfaltata;Verticale ed orizzontale;Sereno;Scarso;Buona;Ore Diurne;0;0;0;1;12.4087;41.9802;-1;1;Autovettura privata;In marcia / fermata / arresto;Conducente;F;Illeso;0;;Non accertato;
4290473;20;23/03/2019 19:00:00;Provinciale;VIA BRACCIANENSE;in prossimità;;della chilometrica;7.25;;Tamponamento Multiplo;Rettilineo;Una carreggiata a doppio senso;Asciutto;Asfaltata;Orizzontale;Sereno;Normale;Insufficiente;Insufficiente;0;0;0;4;12.3349;42.0354;-1;1;Autovettura privata;In marcia / fermata / arresto;Conducente;M;Illeso;0;;Non accertato;Inesploso
4290473;20;23/03/2019 19:00:00;Provinciale;VIA BRACCIANENSE;in prossimità;;della chilometrica;7.25;;Tamponamento Multiplo;Rettilineo;Una carreggiata a doppio senso;Asciutto;Asfaltata;Orizzontale;Sereno;Normale;Insufficiente;Insufficiente;0;0;0;4;12.3349;42.0354;-1;1;Autovettura privata;In marcia / fermata / arresto;Passeggero;M;Illeso;0;;Non accertato;Inesploso
4290473;20;23/03/2019 19:00:00;Provinciale;VIA BRACCIANENSE;in prossimità;;della chilometrica;7.25;;Tamponamento Multiplo;Rettilineo;Una carreggiata a doppio senso;Asciutto;Asfaltata;Orizzontale;Sereno;Normale;Insufficiente;Insufficiente;0;0;0;4;12.3349;42.0354;-1;2;Autovettura privata;In marcia / fermata / arresto;Conducente;M;Illeso;0;;Non accertato;Inesploso
4290473;20;23/03/2019 19:00:00;Provinciale;VIA BRACCIANENSE;in prossimità;;della chilometrica;7.25;;Tamponamento Multiplo;Rettilineo;Una carreggiata a doppio senso;Asciutto;Asfaltata;Orizzontale;Sereno;Normale;Insufficiente;Insufficiente;0;0;0;4;12.3349;42.0354;-1;3;Autovettura privata;In marcia / fermata / arresto;Conducente;M;Illeso;0;;Non accertato;Esploso
4290486;6;24/03/2019 14:30:00;Strada Urbana;CIRCONVALLAZIONE CASILINA;all'intersezione con;VIA FORTEBRACCIO;VIA FORTEBRACCIO;;;Scontro frontale/laterale SX fra veicoli in marcia;Incrocio;Una carreggiata a senso unico di marcia;Asciutto;Asfaltata;Assente;Sereno;Scarso;Buona;Ore Diurne;1;0;0;1;12.5279;41.8899;-1;1;Motociclo a solo;In marcia / fermata / arresto;Conducente;M;Rimandato;0;NON DECEDUTO;Non accertato;
4290486;6;24/03/2019 14:30:00;Strada Urbana;CIRCONVALLAZIONE CASILINA;all'intersezione con;VIA FORTEBRACCIO;VIA FORTEBRACCIO;;;Scontro frontale/laterale SX fra veicoli in marcia;Incrocio;Una carreggiata a senso unico di marcia;Asciutto;Asfaltata;Assente;Sereno;Scarso;Buona;Ore Diurne;1;0;0;1;12.5279;41.8899;-1;2;Autovettura privata;In marcia / fermata / arresto;Conducente;F;Illeso;0;;Non utilizzato;Esploso
4290486;6;24/03/2019 14:30:00;Strada Urbana;CIRCONVALLAZIONE CASILINA;all'intersezione con;VIA FORTEBRACCIO;VIA FORTEBRACCIO;;;Scontro frontale/laterale SX fra veicoli in marcia;Incrocio;Una carreggiata a senso unico di marcia;Asciutto;Asfaltata;Assente;Sereno;Scarso;Buona;Ore Diurne;1;0;0;1;12.5279;41.8899;-1;3;Autovettura privata;Sosta;;;;;;;
4290502;7;24/03/2019 11:15:00;Strada Urbana;VIA RAFFAELE COSTI;all'intersezione con;VIA CESARE TALLONE;VIA CESARE TALLONE;;;Scontro laterale fra veicoli in marcia;Incrocio;Una carreggiata a doppio senso;Asciutto;Asfaltata;Verticale ed orizzontale;Sereno;Normale;Buona;Ore Diurne;1;0;0;3;12.5925;41.9093;-1;1;Autovettura privata;In marcia / fermata / arresto;Conducente;M;Illeso;0;;Non accertato;Inesploso
4290502;7;24/03/2019 11:15:00;Strada Urbana;VIA RAFFAELE COSTI;all'intersezione con;VIA CESARE TALLONE;VIA CESARE TALLONE;;;Scontro laterale fra veicoli in marcia;Incrocio;Una carreggiata a doppio senso;Asciutto;Asfaltata;Verticale ed orizzontale;Sereno;Normale;Buona;Ore Diurne;1;0;0;3;12.5925;41.9093;-1;1;Autovettura privata;In marcia / fermata / arresto;Passeggero;M;Illeso;0;;Non accertato;Inesploso
4290502;7;24/03/2019 11:15:00;Strada Urbana;VIA RAFFAELE COSTI;all'intersezione con;VIA CESARE TALLONE;VIA CESARE TALLONE;;;Scontro laterale fra veicoli in marcia;Incrocio;Una carreggiata a doppio senso;Asciutto;Asfaltata;Verticale ed orizzontale;Sereno;Normale;Buona;Ore Diurne;1;0;0;3;12.5925;41.9093;-1;1;Autovettura privata;In marcia / fermata / arresto;Passeggero;M;Illeso;0;;Non accertato;Inesploso
4290502;7;24/03/2019 11:15:00;Strada Urbana;VIA RAFFAELE COSTI;all'intersezione con;VIA CESARE TALLONE;VIA CESARE TALLONE;;;Scontro laterale fra veicoli in marcia;Incrocio;Una carreggiata a doppio senso;Asciutto;Asfaltata;Verticale ed orizzontale;Sereno;Normale;Buona;Ore Diurne;1;0;0;3;12.5925;41.9093;-1;2;Motociclo a solo;In marcia / fermata / arresto;Conducente;M;Ricoverato;0;NON DECEDUTO;Utilizzato;
4290513;20;24/03/2019 04:29:00;Strada Urbana;CORSO DI FRANCIA;all'intersezione semaforizzata con;VIA FLAMINIA;VIA FLAMINIA;;;Scontro frontale fra veicoli in marcia;Intersezione semaforizzata;Due carreggiate;Asciutto;Asfaltata;Verticale ed orizzontale;Sereno;Scarso;Sufficiente;Sufficiente;5;0;0;1;12.4708;41.9417;-1;1;Autovettura privata;In marcia / fermata / arresto;Conducente;M;Rimandato;0;NON DECEDUTO;;
4290513;20;24/03/2019 04:29:00;Strada Urbana;CORSO DI FRANCIA;all'intersezione semaforizzata con;VIA FLAMINIA;VIA FLAMINIA;;;Scontro frontale fra veicoli in marcia;Intersezione semaforizzata;Due carreggiate;Asciutto;Asfaltata;Verticale ed orizzontale;Sereno;Scarso;Sufficiente;Sufficiente;5;0;0;1;12.4708;41.9417;-1;1;Autovettura privata;In marcia / fermata / arresto;Passeggero;M;Rimandato;0;NON DECEDUTO;Non accertato;
4290513;20;24/03/2019 04:29:00;Strada Urbana;CORSO DI FRANCIA;all'intersezione semaforizzata con;VIA FLAMINIA;VIA FLAMINIA;;;Scontro frontale fra veicoli in marcia;Intersezione semaforizzata;Due carreggiate;Asciutto;Asfaltata;Verticale ed orizzontale;Sereno;Scarso;Sufficiente;Sufficiente;5;0;0;1;12.4708;41.9417;-1;2;Autovettura privata;In marcia / fermata / arresto;Conducente;M;Rimandato;0;NON DECEDUTO;Non accertato;Esploso
4290513;20;24/03/2019 04:29:00;Strada Urbana;CORSO DI FRANCIA;all'intersezione semaforizzata con;VIA FLAMINIA;VIA FLAMINIA;;;Scontro frontale fra veicoli in marcia;Intersezione semaforizzata;Due carreggiate;Asciutto;Asfaltata;Verticale ed orizzontale;Sereno;Scarso;Sufficiente;Sufficiente;5;0;0;1;12.4708;41.9417;-1;2;Autovettura privata;In marcia / fermata / arresto;Passeggero;F;Rimandato;0;NON DECEDUTO;Non accertato;
4290513;20;24/03/2019 04:29:00;Strada Urbana;CORSO DI FRANCIA;all'intersezione semaforizzata con;VIA FLAMINIA;VIA FLAMINIA;;;Scontro frontale fra veicoli in marcia;Intersezione semaforizzata;Due carreggiate;Asciutto;Asfaltata;Verticale ed orizzontale;Sereno;Scarso;Sufficiente;Sufficiente;5;0;0;1;12.4708;41.9417;-1;2;Autovettura privata;In marcia / fermata / arresto;Passeggero;M;Illeso;0;;Non accertato;Esploso