Protocollo;Gruppo;DataOraIncidente;Localizzazione1;STRADA1;Localizzazione2;STRADA2;Strada02;Chilometrica;DaSpecificare;NaturaIncidente;particolaritastrade;TipoStrada;FondoStradale;Pavimentazione;Segnaletica;CondizioneAtmosferica;Traffico;Visibilita;Illuminazione;NUM_FERITI;NUM_RISERVATA;NUM_MORTI;NUM_ILLESI;Longitudine;Latitudine;Confermato;Progressivo;TipoVeicolo;StatoVeicolo;TipoPersona;Sesso;Tipolesione;Deceduto;DecedutoDopo;CinturaCascoUtilizzato;Airbag;
4291498;7;25/03/2019 08:15:00;Strada Urbana;VIALE PALMIRO TOGLIATTI;in prossimità;;del civico n.;729;;Investimento di pedone;Rettilineo;Due carreggiate;Asciutto;Asfaltata;Verticale ed orizzontale;Sereno;Normale;Buona;Ore Diurne;2;0;0;1;12.5733;41.882;-1;;;;Pedone;M;Rimandato;0;NON DECEDUTO;;
4291498;7;25/03/2019 08:15:00;Strada Urbana;VIALE PALMIRO TOGLIATTI;in prossimità;;del civico n.;729;;Investimento di pedone;Rettilineo;Due carreggiate;Asciutto;Asfaltata;Verticale ed orizzontale;Sereno;Normale;Buona;Ore Diurne;2;0;0;1;12.5733;41.882;-1;;;;Pedone;F;Rimandato;0;NON DECEDUTO;;
4291498;7;25/03/2019 08:15:00;Strada Urbana;VIALE PALMIRO TOGLIATTI;in prossimità;;del civico n.;729;;Investimento di pedone;Rettilineo;Due carreggiate;Asciutto;Asfaltata;Verticale ed orizzontale;Sereno;Normale;Buona;Ore Diurne;2;0;0;1;12.5733;41.882;-1;1;Autovettura privata;In marcia / fermata / arresto;Conducente;M;Illeso;0;;Non accertato;Inesploso
4291574;17;23/03/2019 10:15:00;Strada Urbana;VIA CANDIA;all'intersezione con;VIA TUNISI;VIA TUNISI;;;Investimento di pedone;Intersezione stradale segnalata;Una carreggiata a senso unico di marcia;Asciutto;Asfaltata;Verticale ed orizzontale;Sereno;Normale;Buona;Ore Diurne;1;0;0;2;12.4527;41.9081;-1;;;;Pedone;F;Rimandato;0;NON DECEDUTO;;
4291574;17;23/03/2019 10:15:00;Strada Urbana;VIA CANDIA;all'intersezione con;VIA TUNISI;VIA TUNISI;;;Investimento di pedone;Intersezione stradale segnalata;Una carreggiata a senso unico di marcia;Asciutto;Asfaltata;Verticale ed orizzontale;Sereno;Normale;Buona;Ore Diurne;1;0;0;2;12.4527;41.9081;-1;1;Autovettura privata;In marcia / fermata / arresto;Conducente;M;Illeso;0;;;
4291574;17;23/03/2019 10:15:00;Strada Urbana;VIA CANDIA;all'intersezione con;VIA TUNISI;VIA TUNISI;;;Investimento di pedone;Intersezione stradale segnalata;Una carreggiata a senso unico di marcia;Asciutto;Asfaltata;Verticale ed orizzontale;Sereno;Normale;Buona;Ore Diurne;1;0;0;2;12.4527;41.9081;-1;1;Autovettura privata;In marcia / fermata / arresto;Passeggero;F;Illeso;0;;;
4291619;16;22/03/2019 23:10:00;Strada Urbana;VIA ALVARO DEL PORTILLO;da specificare;;;;fronte civico 99;Veicolo in marcia contro ostacolo fisso;Curva a visuale libera;Una carreggiata a doppio senso;Asciutto;Asfaltata;Verticale ed orizzontale;Sereno;Scarso;Sufficiente;Sufficiente;1;0;0;0;12.4708;41.7773;-1;1;Autovettura privata;In marcia / fermata / arresto;Conducente;M;Rimandato;0;NON DECEDUTO;Non accertato;
4291627;1;24/03/2019 14:00:00;Strada Urbana;VIA NAZIONALE;all'intersezione semaforizzata con;VIA AGOSTINO DEPRETIS;VIA AGOSTINO DEPRETIS;;;Investimento di pedone;Intersezione semaforizzata;Una carreggiata a doppio senso;Asciutto;Acciotolata;Verticale ed orizzontale;Sereno;Normale;Buona;Ore Diurne;1;0;0;1;12.4931;41.9006;-1;;;;Pedone;F;Illeso;0;;;
4291627;1;24/03/2019 14:00:00;Strada Urbana;VIA NAZIONALE;all'intersezione semaforizzata con;VIA AGOSTINO DEPRETIS;VIA AGOSTINO DEPRETIS;;;Investimento di pedone;Intersezione semaforizzata;Una carreggiata a doppio senso;Asciutto;Acciotolata;Verticale ed orizzontale;Sereno;Normale;Buona;Ore Diurne;1;0;0;1;12.4931;41.9006;-1;1;Motociclo a solo;In marcia / fermata / arresto;Conducente;F;Ricoverato;0;NON DECEDUTO;Non accertato;
4291634;6;25/03/2019 11:40:00;Strada Urbana;VIA DI ACQUA BULLICANTE;in corrispondenza;;del civico n.;405;;Veicolo in marcia contro veicolo arresto;Rettilineo;Una carreggiata a doppio senso;Asciutto;Con buche;Verticale ed orizzontale;Sereno;Normale;Buona;Ore Diurne;0;0;0;3;12.5419;41.8911;-1;1;Autovettura privata;In marcia / fermata / arresto;Conducente;M;Illeso;0;;;
4291634;6;25/03/2019 11:40:00;Strada Urbana;VIA DI ACQUA BULLICANTE;in corrispondenza;;del civico n.;405;;Veicolo in marcia contro veicolo arresto;Rettilineo;Una carreggiata a doppio senso;Asciutto;Con buche;Verticale ed orizzontale;Sereno;Normale;Buona;Ore Diurne;0;0;0;3;12.5419;41.8911;-1;1;Autovettura privata;In marcia / fermata / arresto;Passeggero;M;Illeso;0;;Non accertato;
4291634;6;25/03/2019 11:40:00;Strada Urbana;VIA DI ACQUA BULLICANTE;in corrispondenza;;del civico n.;405;;Veicolo in marcia contro veicolo arresto;Rettilineo;Una carreggiata a doppio senso;Asciutto;Con buche;Verticale ed orizzontale;Sereno;Normale;Buona;Ore Diurne;0;0;0;3;12.5419;41.8911;-1;2;Autovettura privata;In marcia / fermata / arresto;Conducente;M;Illeso;0;;;
4291644;10;25/03/2019 10:00:00;Strada Urbana;VIA VITTORIO RAGUSA;da specificare;;;;prossimità via Marrazzo;Tamponamento;Rettilineo;Una carreggiata a senso unico di marcia;Asciutto;Asfaltata;Assente;Sereno;Scarso;Buona;Ore Diurne;0;0;0;2;12.6057;41.8499;-1;1;Autovettura privata;In marcia / fermata / arresto;Conducente;F;Illeso;0;;Non accertato;Inesploso
4291644;10;25/03/2019 10:00:00;Strada Urbana;VIA VITTORIO RAGUSA;da specificare;;;;prossimità via Marrazzo;Tamponamento;Rettilineo;Una carreggiata a senso unico di marcia;Asciutto;Asfaltata;Assente;Sereno;Scarso;Buona;Ore Diurne;0;0;0;2;12.6057;41.8499;-1;2;Autovettura privata;In marcia / fermata / arresto;Conducente;M;Illeso;0;;Non accertato;Inesploso
4291646;11;25/03/2019 11:10:00;Strada Urbana;VIA ARDEATINA;all'intersezione con;VIA GIULIO ARISTIDE SARTORIO;VIA GIULIO ARISTIDE SARTORIO;;;Scontro laterale fra veicoli in marcia;Intersezione stradale segnalata;Una carreggiata a doppio senso;Asciutto;Asfaltata;Verticale ed orizzontale;Sereno;Normale;Buona;Ore Diurne;1;0;0;2;12.5133;41.8534;-1;1;Autovettura privata;In marcia / fermata / arresto;Conducente;M;Illeso;0;;Non accertato;Inesploso
4291646;11;25/03/2019 11:10:00;Strada Urbana;VIA ARDEATINA;all'intersezione con;VIA GIULIO ARISTIDE SARTORIO;VIA GIULIO ARISTIDE SARTORIO;;;Scontro laterale fra veicoli in marcia;Intersezione stradale segnalata;Una carreggiata a doppio senso;Asciutto;Asfaltata;Verticale ed orizzontale;Sereno;Normale;Buona;Ore Diurne;1;0;0;2;12.5133;41.8534;-1;1;Autovettura privata;In marcia / fermata / arresto;Passeggero;F;Illeso;0;;Non accertato;Inesploso
4291646;11;25/03/2019 11:10:00;Strada Urbana;VIA ARDEATINA;all'intersezione con;VIA GIULIO ARISTIDE SARTORIO;VIA GIULIO ARISTIDE SARTORIO;;;Scontro laterale fra veicoli in marcia;Intersezione stradale segnalata;Una carreggiata a doppio senso;Asciutto;Asfaltata;Verticale ed orizzontale;Sereno;Normale;Buona;Ore Diurne;1;0;0;2;12.5133;41.8534;-1;2;Motociclo a solo;In marcia / fermata / arresto;Conducente;M;Rimandato;0;NON DECEDUTO;;
4291652;16;23/03/2019 05:30:00;Strada Urbana;VIALE DEI COLLI PORTUENSI;in corrispondenza;;del civico n.;501;;Veicolo in marcia contro veicolo fermo;Rettilineo;Due carreggiate;Asciutto;Asfaltata;Verticale ed orizzontale;Sereno;Scarso;Buona;Ore Diurne;1;0;0;1;12.4437;41.862;-1;1;Autocarro superiore 35 q.;In marcia / fermata / arresto;Conducente;M;Illeso;0;;Non accertato;Inesploso
4291652;16;23/03/2019 05:30:00;Strada Urbana;VIALE DEI COLLI PORTUENSI;in corrispondenza;;del civico n.;501;;Veicolo in marcia contro veicolo fermo;Rettilineo;Due carreggiate;Asciutto;Asfaltata;Verticale ed orizzontale;Sereno;Scarso;Buona;Ore Diurne;1;0;0;1;12.4437;41.862;-1;2;Autocarro inferiore 35 q.;In marcia / fermata / arresto;Conducente;M;Rimandato;0;NON DECEDUTO;Non accertato;Inesploso
4291657;1;22/03/2019 09:20:00;Strada Urbana;VIALE MANZONI;in corrispondenza;;del civico n.;65;;Investimento di pedone;Rettilineo;Una carreggiata a doppio senso;Asciutto;Asfaltata;Verticale ed orizzontale;Sereno;Normale;Buona;Ore Diurne;2;0;0;0;12.5094;41.8926;-1;;;;Pedone;F;Rimandato;0;NON DECEDUTO;;
4291657;1;22/03/2019 09:20:00;Strada Urbana;VIALE MANZONI;in corrispondenza;;del civico n.;65;;Investimento di pedone;Rettilineo;Una carreggiata a doppio senso;Asciutto;Asfaltata;Verticale ed orizzontale;Sereno;Normale;Buona;Ore Diurne;2;0;0;0;12.5094;41.8926;-1;1;Motociclo a solo;In marcia / fermata / arresto;Conducente;M;Rimandato;0;NON DECEDUTO;Non accertato;
4291658;17;24/03/2019 17:25:00;Strada Urbana;VIA DEL FALCO;in corrispondenza;;del civico n.;41;;Veicolo in marcia contro ostacolo fisso;Rettilineo;Una carreggiata a senso unico di marcia;Asciutto;Asfaltata;Verticale ed orizzontale;Sereno;Scarso;Buona;Ore Diurne;0;0;0;1;12.4595;41.9053;0;1;Autovettura privata;In marcia / fermata / arresto;Conducente;F;Illeso;0;;;
4291669;16;23/03/2019 18:50:00;Strada Urbana;VIA SILVESTRI;all'intersezione semaforizzata con;VICOLO SILVESTRI;VICOLO SILVESTRI;;;Tamponamento;Incrocio;Una carreggiata a doppio senso;Asciutto;Asfaltata;Verticale ed orizzontale;Sereno;Normale;Buona;Sufficiente;1;0;0;5;12.4326;41.8779;-1;1;Autovettura privata;In marcia / fermata / arresto;Conducente;M;Illeso;0;;Non accertato;Inesploso
4291669;16;23/03/2019 18:50:00;Strada Urbana;VIA SILVESTRI;all'intersezione semaforizzata con;VICOLO SILVESTRI;VICOLO SILVESTRI;;;Tamponamento;Incrocio;Una carreggiata a doppio senso;Asciutto;Asfaltata;Verticale ed orizzontale;Sereno;Normale;Buona;Sufficiente;1;0;0;5;12.4326;41.8779;-1;1;Autovettura privata;In marcia / fermata / arresto;Passeggero;F;Illeso;0;;Non accertato;Inesploso
4291669;16;23/03/2019 18:50:00;Strada Urbana;VIA SILVESTRI;all'intersezione semaforizzata con;VICOLO SILVESTRI;VICOLO SILVESTRI;;;Tamponamento;Incrocio;Una carreggiata a doppio senso;Asciutto;Asfaltata;Verticale ed orizzontale;Sereno;Normale;Buona;Sufficiente;1;0;0;5;12.4326;41.8779;-1;1;Autovettura privata;In marcia / fermata / arresto;Passeggero;F;Illeso;0;;Non accertato;Inesploso
4291669;16;23/03/2019 18:50:00;Strada Urbana;VIA SILVESTRI;all'intersezione semaforizzata con;VICOLO SILVESTRI;VICOLO SILVESTRI;;;Tamponamento;Incrocio;Una carreggiata a doppio senso;Asciutto;Asfaltata;Verticale ed orizzontale;Sereno;Normale;Buona;Sufficiente;1;0;0;5;12.4326;41.8779;-1;1;Autovettura privata;In marcia / fermata / arresto;Passeggero;M;Illeso;0;;Non accertato;Inesploso
4291669;16;23/03/2019 18:50:00;Strada Urbana;VIA SILVESTRI;all'intersezione semaforizzata con;VICOLO SILVESTRI;VICOLO SILVESTRI;;;Tamponamento;Incrocio;Una carreggiata a doppio senso;Asciutto;Asfaltata;Verticale ed orizzontale;Sereno;Normale;Buona;Sufficiente;1;0;0;5;12.4326;41.8779;-1;2;Autovettura privata;In marcia / fermata / arresto;Conducente;F;Illeso;0;;Non accertato;Inesploso
4291669;16;23/03/2019 18:50:00;Strada Urbana;VIA SILVESTRI;all'intersezione semaforizzata con;VICOLO SILVESTRI;VICOLO SILVESTRI;;;Tamponamento;Incrocio;Una carreggiata a doppio senso;Asciutto;Asfaltata;Verticale ed orizzontale;Sereno;Normale;Buona;Sufficiente;1;0;0;5;12.4326;41.8779;-1;2;Autovettura privata;In marcia / fermata / arresto;Passeggero;M;Rimandato;0;NON DECEDUTO;Non accertato;Inesploso
4291670;18;25/03/2019 11:50:00;Strada Urbana;VIA DI ACQUAFREDDA;all'intersezione con;VIA RISERVA DELLA TORRETTA;VIA RISERVA DELLA TORRETTA;;;Tamponamento;Intersezione stradale segnalata;Più di due carreggiate;Asciutto;Asfaltata;Verticale;Sereno;Normale;Buona;Ore Diurne;0;0;0;4;12.3894;41.8888;-1;1;Autovettura privata;In marcia / fermata / arresto;Conducente;M;Illeso;0;;Non accertato;Inesploso
4291670;18;25/03/2019 11:50:00;Strada Urbana;VIA DI ACQUAFREDDA;all'intersezione con;VIA RISERVA DELLA TORRETTA;VIA RISERVA DELLA TORRETTA;;;Tamponamento;Intersezione stradale segnalata;Più di due carreggiate;Asciutto;Asfaltata;Verticale;Sereno;Normale;Buona;Ore Diurne;0;0;0;4;12.3894;41.8888;-1;1;Autovettura privata;In marcia / fermata / arresto;Passeggero;M;Illeso;0;;Non accertato;Inesploso
4291670;18;25/03/2019 11:50:00;Strada Urbana;VIA DI ACQUAFREDDA;all'intersezione con;VIA RISERVA DELLA TORRETTA;VIA RISERVA DELLA TORRETTA;;;Tamponamento;Intersezione stradale segnalata;Più di due carreggiate;Asciutto;Asfaltata;Verticale;Sereno;Normale;Buona;Ore Diurne;0;0;0;4;12.3894;41.8888;-1;2;Autovettura privata;In marcia / fermata / arresto;Conducente;M;Illeso;0;;Non accertato;Inesploso
4291670;18;25/03/2019 11:50:00;Strada Urbana;VIA DI ACQUAFREDDA;all'intersezione con;VIA RISERVA DELLA TORRETTA;VIA RISERVA DELLA TORRETTA;;;Tamponamento;Intersezione stradale segnalata;Più di due carreggiate;Asciutto;Asfaltata;Verticale;Sereno;Normale;Buona;Ore Diurne;0;0;0;4;12.3894;41.8888;-1;2;Autovettura privata;In marcia / fermata / arresto;Passeggero;F;Illeso;0;;Non accertato;Inesploso
4291675;12;25/03/2019 11:15:00;Strada Urbana;VIA DELLA FISICA;in prossimità;;del civico n.;36;;Veicolo in marcia contro veicoli in sosta;Rettilineo;Una carreggiata a senso unico di marcia;Asciutto;Asfaltata;Verticale ed orizzontale;Sereno;Normale;Buona;Ore Diurne;1;0;0;1;12.465;41.833;-1;1;Autovettura privata;In marcia / fermata / arresto;Conducente;F;Rimandato;0;NON DECEDUTO;Utilizzato;Inesploso
4291675;12;25/03/2019 11:15:00;Strada Urbana;VIA DELLA FISICA;in prossimità;;del civico n.;36;;Veicolo in marcia contro veicoli in sosta;Rettilineo;Una carreggiata a senso unico di marcia;Asciutto;Asfaltata;Verticale ed orizzontale;Sereno;Normale;Buona;Ore Diurne;1;0;0;1;12.465;41.833;-1;2;Autovettura privata;In marcia / fermata / arresto;Conducente;M;Illeso;0;;Non accertato;Inesploso
4291675;12;25/03/2019 11:15:00;Strada Urbana;VIA DELLA FISICA;in prossimità;;del civico n.;36;;Veicolo in marcia contro veicoli in sosta;Rettilineo;Una carreggiata a senso unico di marcia;Asciutto;Asfaltata;Verticale ed orizzontale;Sereno;Normale;Buona;Ore Diurne;1;0;0;1;12.465;41.833;-1;3;Autovettura privata;Sosta;;;;;;;
4291675;12;25/03/2019 11:15:00;Strada Urbana;VIA DELLA FISICA;in prossimità;;del civico n.;36;;Veicolo in marcia contro veicoli in sosta;Rettilineo;Una carreggiata a senso unico di marcia;Asciutto;Asfaltata;Verticale ed orizzontale;Sereno;Normale;Buona;Ore Diurne;1;0;0;1;12.465;41.833;-1;4;Autovettura privata;Sosta;;;;;;;
4291675;12;25/03/2019 11:15:00;Strada Urbana;VIA DELLA FISICA;in prossimità;;del civico n.;36;;Veicolo in marcia contro veicoli in sosta;Rettilineo;Una carreggiata a senso unico di marcia;Asciutto;Asfaltata;Verticale ed orizzontale;Sereno;Normale;Buona;Ore Diurne;1;0;0;1;12.465;41.833;-1;5;Autovettura privata;Sosta;;;;;;;
4291750;7;23/03/2019 22:10:00;Strada Urbana;VIA DI TORRENOVA;in prossimità;;del civico n.;700;;Tamponamento Multiplo;Rettilineo;Una carreggiata a doppio senso;Asciutto;Asfaltata;Assente;Sereno;Scarso;Sufficiente;Sufficiente;0;0;0;4;12.6233;41.8916;0;1;Autovettura privata;In marcia / fermata / arresto;Conducente;M;Illeso;0;;;
4291750;7;23/03/2019 22:10:00;Strada Urbana;VIA DI TORRENOVA;in prossimità;;del civico n.;700;;Tamponamento Multiplo;Rettilineo;Una carreggiata a doppio senso;Asciutto;Asfaltata;Assente;Sereno;Scarso;Sufficiente;Sufficiente;0;0;0;4;12.6233;41.8916;0;1;Autovettura privata;In marcia / fermata / arresto;Passeggero;F;Illeso;0;;;
4291750;7;23/03/2019 22:10:00;Strada Urbana;VIA DI TORRENOVA;in prossimità;;del civico n.;700;;Tamponamento Multiplo;Rettilineo;Una carreggiata a doppio senso;Asciutto;Asfaltata;Assente;Sereno;Scarso;Sufficiente;Sufficiente;0;0;0;4;12.6233;41.8916;0;2;Autovettura privata;In marcia / fermata / arresto;Conducente;M;Illeso;0;;;
4291750;7;23/03/2019 22:10:00;Strada Urbana;VIA DI TORRENOVA;in prossimità;;del civico n.;700;;Tamponamento Multiplo;Rettilineo;Una carreggiata a doppio senso;Asciutto;Asfaltata;Assente;Sereno;Scarso;Sufficiente;Sufficiente;0;0;0;4;12.6233;41.8916;0;3;Autovettura privata;In marcia / fermata / arresto;Conducente;M;Illeso;0;;;
4291751;1;23/03/2019 17:10:00;Strada Urbana;VIALE CASTRO PRETORIO;in corrispondenza;;del civico n.;116;;Scontro frontale/laterale DX fra veicoli in marcia;Rettilineo;Una carreggiata a doppio senso;Asciutto;Asfaltata;Verticale ed orizzontale;Sereno;Normale;Buona;Ore Diurne;0;0;0;2;12.5051;41.9064;-1;1;Autovettura privata;In marcia / fermata / arresto;Conducente;M;Illeso;0;;Non accertato;
4291751;1;23/03/2019 17:10:00;Strada Urbana;VIALE CASTRO PRETORIO;in corrispondenza;;del civico n.;116;;Scontro frontale/laterale DX fra veicoli in marcia;Rettilineo;Una carreggiata a doppio senso;Asciutto;Asfaltata;Verticale ed orizzontale;Sereno;Normale;Buona;Ore Diurne;0;0;0;2;12.5051;41.9064;-1;2;Autovettura privata;In marcia / fermata / arresto;Conducente;M;Illeso;0;;Non accertato;
4291755;19;22/03/2019 08:25:00;Strada Urbana;VIALE DELLE MEDAGLIE D'ORO;in prossimità;;del civico n.;108f;;Investimento di pedone;Rettilineo;Una carreggiata a doppio senso;Asciutto;Asfaltata;Orizzontale;Sereno;Normale;Buona;Ore Diurne;2;0;0;0;12.4437;41.9126;-1;;;;Pedone;F;Rimandato;0;NON DECEDUTO;;
4291755;19;22/03/2019 08:25:00;Strada Urbana;VIALE DELLE MEDAGLIE D'ORO;in prossimità;;del civico n.;108f;;Investimento di pedone;Rettilineo;Una carreggiata a doppio senso;Asciutto;Asfaltata;Orizzontale;Sereno;Normale;Buona;Ore Diurne;2;0;0;0;12.4437;41.9126;-1;1;Motociclo a solo;In marcia / fermata / arresto;Conducente;M;Rimandato;0;NON DECEDUTO;Non accertato;
4291760;3;22/03/2019 09:50:00;Strada Urbana;VIALE VENTUNO APRILE;all'intersezione con;VIA GIUSEPPE MARCHI;VIA GIUSEPPE MARCHI;;;Infortunio per sola frenata improvvisa;Intersezione semaforizzata;Una carreggiata a doppio senso;Asciutto;Asfaltata;Verticale ed orizzontale;Sereno;Normale;Buona;Ore Diurne;1;0;0;1;12.5195;41.9198;-1;1;Motociclo a solo;In marcia / fermata / arresto;Conducente;M;Ricoverato;0;NON DECEDUTO;;
4291760;3;22/03/2019 09:50:00;Strada Urbana;VIALE VENTUNO APRILE;all'intersezione con;VIA GIUSEPPE MARCHI;VIA GIUSEPPE MARCHI;;;Infortunio per sola frenata improvvisa;Intersezione semaforizzata;Una carreggiata a doppio senso;Asciutto;Asfaltata;Verticale ed orizzontale;Sereno;Normale;Buona;Ore Diurne;1;0;0;1;12.5195;41.9198;-1;2;Autovettura privata;In marcia / fermata / arresto;Conducente;M;Illeso;0;;;
4291764;19;22/03/2019 09:30:00;Strada Urbana;PIAZZALE DELLE MEDAGLIE D'ORO;all'intersezione con;VIALE DELLE MEDAGLIE D'ORO;VIALE DELLE MEDAGLIE D'ORO;;;Scontro frontale/laterale DX fra veicoli in marcia;Intersezione stradale segnalata;Una carreggiata a doppio senso;Asciutto;Asfaltata;Verticale ed orizzontale;Sereno;Normale;Buona;Ore Diurne;0;0;0;1;12.446;41.9236;-1;1;Autovettura privata;In marcia / fermata / arresto;Conducente;F;Illeso;0;;Non accertato;
4291764;19;22/03/2019 09:30:00;Strada Urbana;PIAZZALE DELLE MEDAGLIE D'ORO;all'intersezione con;VIALE DELLE MEDAGLIE D'ORO;VIALE DELLE MEDAGLIE D'ORO;;;Scontro frontale/laterale DX fra veicoli in marcia;Intersezione stradale segnalata;Una carreggiata a doppio senso;Asciutto;Asfaltata;Verticale ed orizzontale;Sereno;Normale;Buona;Ore Diurne;0;0;0;1;12.446;41.9236;-1;2;Autovettura privata;Allontanatosi;;;;;;;
4291772;3;22/03/2019 11:10:00;Strada Urbana;VIA NOMENTANA;all'intersezione con;VIALE REGINA MARGHERITA;VIALE REGINA MARGHERITA;;;Infortunio per sola frenata improvvisa;Intersezione semaforizzata;Più di due carreggiate;Asciutto;Asfaltata;Verticale ed orizzontale;Sereno;Normale;Buona;Ore Diurne;1;0;0;0;12.5067;41.9128;-1;1;Motociclo a solo;In marcia / fermata / arresto;Conducente;M;Rimandato;0;NON DECEDUTO;Non accertato;
4291773;3;22/03/2019 15:45:00;Strada Urbana;VIA NOMENTANA;in prossimità;;del civico n.;329;;Tamponamento Multiplo;Rettilineo;Una carreggiata a senso unico di marcia;Asciutto;Asfaltata;Verticale ed orizzontale;Sereno;Normale;Buona;Ore Diurne;1;0;0;6;12.5163;41.9198;-1;1;Autovettura privata;In marcia / fermata / arresto;Conducente;M;Illeso;0;;Non accertato;Inesploso
4291773;3;22/03/2019 15:45:00;Strada Urbana;VIA NOMENTANA;in prossimità;;del civico n.;329;;Tamponamento Multiplo;Rettilineo;Una carreggiata a senso unico di marcia;Asciutto;Asfaltata;Verticale ed orizzontale;Sereno;Normale;Buona;Ore Diurne;1;0;0;6;12.5163;41.9198;-1;2;Autovettura privata;In marcia / fermata / arresto;Conducente;M;Illeso;0;;Non accertato;Inesploso
4291773;3;22/03/2019 15:45:00;Strada Urbana;VIA NOMENTANA;in prossimità;;del civico n.;329;;Tamponamento Multiplo;Rettilineo;Una carreggiata a senso unico di marcia;Asciutto;Asfaltata;Verticale ed orizzontale;Sereno;Normale;Buona;Ore Diurne;1;0;0;6;12.5163;41.9198;-1;2;Autovettura privata;In marcia / fermata / arresto;Passeggero;M;Illeso;0;;Non accertato;Inesploso
4291773;3;22/03/2019 15:45:00;Strada Urbana;VIA NOMENTANA;in prossimità;;del civico n.;329;;Tamponamento Multiplo;Rettilineo;Una carreggiata a senso unico di marcia;Asciutto;Asfaltata;Verticale ed orizzontale;Sereno;Normale;Buona;Ore Diurne;1;0;0;6;12.5163;41.9198;-1;3;Autovettura privata;In marcia / fermata / arresto;Conducente;M;Rimandato;0;NON DECEDUTO;Non accertato;Inesploso
4291773;3;22/03/2019 15:45:00;Strada Urbana;VIA NOMENTANA;in prossimità;;del civico n.;329;;Tamponamento Multiplo;Rettilineo;Una carreggiata a senso unico di marcia;Asciutto;Asfaltata;Verticale ed orizzontale;Sereno;Normale;Buona;Ore Diurne;1;0;0;6;12.5163;41.9198;-1;3;Autovettura privata;In marcia / fermata / arresto;Passeggero;F;Illeso;0;;Non accertato;Inesploso
4291773;3;22/03/2019 15:45:00;Strada Urbana;VIA NOMENTANA;in prossimità;;del civico n.;329;;Tamponamento Multiplo;Rettilineo;Una carreggiata a senso unico di marcia;Asciutto;Asfaltata;Verticale ed orizzontale;Sereno;Normale;Buona;Ore Diurne;1;0;0;6;12.5163;41.9198;-1;4;Autovettura privata;In marcia / fermata / arresto;Conducente;M;Illeso;0;;Non accertato;Inesploso
4291773;3;22/03/2019 15:45:00;Strada Urbana;VIA NOMENTANA;in prossimità;;del civico n.;329;;Tamponamento Multiplo;Rettilineo;Una carreggiata a senso unico di marcia;Asciutto;Asfaltata;Verticale ed orizzontale;Sereno;Normale;Buona;Ore Diurne;1;0;0;6;12.5163;41.9198;-1;5;Autocarro inferiore 35 q.;In marcia / fermata / arresto;Conducente;M;Illeso;0;;Non accertato;Inesploso
4291790;3;23/03/2019 14:10:00;Strada Urbana;VIA DELLA LEGA LOMBARDA;da specificare;;;;altezza civico 28;Scontro laterale fra veicoli in marcia;Rettilineo;Una carreggiata a doppio senso;Asciutto;Asfaltata;Verticale ed orizzontale;Sereno;Normale;Sufficiente;Ore Diurne;2;0;0;1;12.5224;41.9089;-1;1;Autovettura pubblica;In marcia / fermata / arresto;Conducente;M;Illeso;0;;Non accertato;
4291790;3;23/03/2019 14:10:00;Strada Urbana;VIA DELLA LEGA LOMBARDA;da specificare;;;;altezza civico 28;Scontro laterale fra veicoli in marcia;Rettilineo;Una carreggiata a doppio senso;Asciutto;Asfaltata;Verticale ed orizzontale;Sereno;Normale;Sufficiente;Ore Diurne;2;0;0;1;12.5224;41.9089;-1;2;Ciclomotore;In marcia / fermata / arresto;Conducente;M;Rimandato;0;NON DECEDUTO;Non accertato;
4291790;3;23/03/2019 14:10:00;Strada Urbana;VIA DELLA LEGA LOMBARDA;da specificare;;;;altezza civico 28;Scontro laterale fra veicoli in marcia;Rettilineo;Una carreggiata a doppio senso;Asciutto;Asfaltata;Verticale ed orizzontale;Sereno;Normale;Sufficiente;Ore Diurne;2;0;0;1;12.5224;41.9089;-1;2;Ciclomotore;In marcia / fermata / arresto;Passeggero;M;Rimandato;0;NON DECEDUTO;Non accertato;
4291796;3;21/03/2019 15:55:00;Strada Urbana;VIA GIOVANNI BATTISTA MORGAGNI;all'intersezione semaforizzata con;VIALE REGINA MARGHERITA;VIALE REGINA MARGHERITA;;;Scontro frontale/laterale DX fra veicoli in marcia;Intersezione semaforizzata;Una carreggiata a doppio senso;Asciutto;Asfaltata;Verticale ed orizzontale;Sereno;Normale;Buona;Ore Diurne;1;0;0;2;12.5105;41.9099;-1;1;Autovettura privata;In marcia / fermata / arresto;Conducente;F;Illeso;0;;Non accertato;Inesploso
4291796;3;21/03/2019 15:55:00;Strada Urbana;VIA GIOVANNI BATTISTA MORGAGNI;all'intersezione semaforizzata con;VIALE REGINA MARGHERITA;VIALE REGINA MARGHERITA;;;Scontro frontale/laterale DX fra veicoli in marcia;Intersezione semaforizzata;Una carreggiata a doppio senso;Asciutto;Asfaltata;Verticale ed orizzontale;Sereno;Normale;Buona;Ore Diurne;1;0;0;2;12.5105;41.9099;-1;2;Ciclomotore;In marcia / fermata / arresto;Conducente;F;Illeso;0;;Non accertato;