Protocollo;Gruppo;DataOraIncidente;Localizzazione1;STRADA1;Localizzazione2;STRADA2;Strada02;Chilometrica;DaSpecificare;NaturaIncidente;particolaritastrade;TipoStrada;FondoStradale;Pavimentazione;Segnaletica;CondizioneAtmosferica;Traffico;Visibilita;Illuminazione;NUM_FERITI;NUM_RISERVATA;NUM_MORTI;NUM_ILLESI;Longitudine;Latitudine;Confermato;Progressivo;TipoVeicolo;StatoVeicolo;TipoPersona;Sesso;Tipolesione;Deceduto;DecedutoDopo;CinturaCascoUtilizzato;Airbag;
4292998;8;25/03/2019 14:35:00;Strada Urbana;VIA PATERNO';all'intersezione con;VIA GIARRE;VIA GIARRE;;;Scontro laterale fra veicoli in marcia;Intersezione stradale segnalata;Una carreggiata a senso unico di marcia;Asciutto;Asfaltata;Verticale;Sereno;Normale;Buona;Ore Diurne;0;0;0;3;12.6716;41.8582;-1;1;Autovettura privata;In marcia / fermata / arresto;Conducente;M;Illeso;0;;;
4292998;8;25/03/2019 14:35:00;Strada Urbana;VIA PATERNO';all'intersezione con;VIA GIARRE;VIA GIARRE;;;Scontro laterale fra veicoli in marcia;Intersezione stradale segnalata;Una carreggiata a senso unico di marcia;Asciutto;Asfaltata;Verticale;Sereno;Normale;Buona;Ore Diurne;0;0;0;3;12.6716;41.8582;-1;1;Autovettura privata;In marcia / fermata / arresto;Passeggero;F;Illeso;0;;;
4292998;8;25/03/2019 14:35:00;Strada Urbana;VIA PATERNO';all'intersezione con;VIA GIARRE;VIA GIARRE;;;Scontro laterale fra veicoli in marcia;Intersezione stradale segnalata;Una carreggiata a senso unico di marcia;Asciutto;Asfaltata;Verticale;Sereno;Normale;Buona;Ore Diurne;0;0;0;3;12.6716;41.8582;-1;2;Autovettura privata;In marcia / fermata / arresto;Conducente;M;Illeso;0;;Non accertato;
4293001;8;25/03/2019 15:30:00;Strada Urbana;VIA VILLABATE;in prossimità;;del palo luce n.;8;;Tamponamento;Rettilineo;Una carreggiata a doppio senso;Asciutto;Asfaltata;Verticale;Sereno;Normale;Buona;Ore Diurne;1;0;0;2;12.6518;41.8694;-1;1;Autovettura privata;In marcia / fermata / arresto;Conducente;M;Illeso;0;;;
4293001;8;25/03/2019 15:30:00;Strada Urbana;VIA VILLABATE;in prossimità;;del palo luce n.;8;;Tamponamento;Rettilineo;Una carreggiata a doppio senso;Asciutto;Asfaltata;Verticale;Sereno;Normale;Buona;Ore Diurne;1;0;0;2;12.6518;41.8694;-1;1;Autovettura privata;In marcia / fermata / arresto;Passeggero;F;Illeso;0;;Utilizzato;Inesploso
4293001;8;25/03/2019 15:30:00;Strada Urbana;VIA VILLABATE;in prossimità;;del palo luce n.;8;;Tamponamento;Rettilineo;Una carreggiata a doppio senso;Asciutto;Asfaltata;Verticale;Sereno;Normale;Buona;Ore Diurne;1;0;0;2;12.6518;41.8694;-1;2;Velocipede;In marcia / fermata / arresto;Conducente;M;Rimandato;0;NON DECEDUTO;Esente;
4293003;8;25/03/2019 17:50:00;Strada Urbana;VIA CASILINA;all'intersezione con;VIA DI VALLE ALESSANDRA;VIA DI VALLE ALESSANDRA;;;Scontro frontale/laterale DX fra veicoli in marcia;Intersezione stradale segnalata;Due carreggiate;Asciutto;Asfaltata;Verticale ed orizzontale;Sereno;Normale;Buona;Ore Diurne;1;0;0;2;9.644;45.397;-1;1;Autovettura privata;In marcia / fermata / arresto;Conducente;M;Illeso;0;;Non accertato;Inesploso
4293003;8;25/03/2019 17:50:00;Strada Urbana;VIA CASILINA;all'intersezione con;VIA DI VALLE ALESSANDRA;VIA DI VALLE ALESSANDRA;;;Scontro frontale/laterale DX fra veicoli in marcia;Intersezione stradale segnalata;Due carreggiate;Asciutto;Asfaltata;Verticale ed orizzontale;Sereno;Normale;Buona;Ore Diurne;1;0;0;2;9.644;45.397;-1;1;Autovettura privata;In marcia / fermata / arresto;Passeggero;F;Illeso;0;;Utilizzato;Inesploso
4293003;8;25/03/2019 17:50:00;Strada Urbana;VIA CASILINA;all'intersezione con;VIA DI VALLE ALESSANDRA;VIA DI VALLE ALESSANDRA;;;Scontro frontale/laterale DX fra veicoli in marcia;Intersezione stradale segnalata;Due carreggiate;Asciutto;Asfaltata;Verticale ed orizzontale;Sereno;Normale;Buona;Ore Diurne;1;0;0;2;9.644;45.397;-1;2;Velocipede;In marcia / fermata / arresto;Conducente;M;Rimandato;0;NON DECEDUTO;Esente;
4293004;8;25/03/2019 19:35:00;Provinciale;VIA COLLATINA;da specificare;;;;240 mt prima del civ. 532;Scontro frontale/laterale SX fra veicoli in marcia;Rettilineo;Una carreggiata a doppio senso;Asciutto;Asfaltata;Verticale ed orizzontale;Sereno;Normale;Insufficiente;Inesistente;0;1;0;1;12.6257;41.9074;-1;1;Autovettura privata;In marcia / fermata / arresto;Conducente;M;Prognosi riservata;0;NON DECEDUTO;;
4293004;8;25/03/2019 19:35:00;Provinciale;VIA COLLATINA;da specificare;;;;240 mt prima del civ. 532;Scontro frontale/laterale SX fra veicoli in marcia;Rettilineo;Una carreggiata a doppio senso;Asciutto;Asfaltata;Verticale ed orizzontale;Sereno;Normale;Insufficiente;Inesistente;0;1;0;1;12.6257;41.9074;-1;2;Autobus di linea;In marcia / fermata / arresto;Conducente;M;Illeso;0;;;
4293010;20;25/03/2019 08:15:00;Strada Urbana;LUNGOTEVERE MARESCIALLO DIAZ;da specificare;;;;fronte piazzale di Ponte Milvio;Scontro laterale fra veicoli in marcia;Rettilineo;Due carreggiate;Asciutto;Asfaltata;Orizzontale;Sereno;Intenso;Buona;Ore Diurne;0;0;0;4;12.462;41.9339;-1;1;Autovettura privata;In marcia / fermata / arresto;Conducente;F;Illeso;0;;Non accertato;
4293010;20;25/03/2019 08:15:00;Strada Urbana;LUNGOTEVERE MARESCIALLO DIAZ;da specificare;;;;fronte piazzale di Ponte Milvio;Scontro laterale fra veicoli in marcia;Rettilineo;Due carreggiate;Asciutto;Asfaltata;Orizzontale;Sereno;Intenso;Buona;Ore Diurne;0;0;0;4;12.462;41.9339;-1;2;Autovettura privata;In marcia / fermata / arresto;Conducente;M;Illeso;0;;Non accertato;
4293010;20;25/03/2019 08:15:00;Strada Urbana;LUNGOTEVERE MARESCIALLO DIAZ;da specificare;;;;fronte piazzale di Ponte Milvio;Scontro laterale fra veicoli in marcia;Rettilineo;Due carreggiate;Asciutto;Asfaltata;Orizzontale;Sereno;Intenso;Buona;Ore Diurne;0;0;0;4;12.462;41.9339;-1;3;Autovettura privata;In marcia / fermata / arresto;Conducente;M;Illeso;0;;Non accertato;Inesploso
4293010;20;25/03/2019 08:15:00;Strada Urbana;LUNGOTEVERE MARESCIALLO DIAZ;da specificare;;;;fronte piazzale di Ponte Milvio;Scontro laterale fra veicoli in marcia;Rettilineo;Due carreggiate;Asciutto;Asfaltata;Orizzontale;Sereno;Intenso;Buona;Ore Diurne;0;0;0;4;12.462;41.9339;-1;3;Autovettura privata;In marcia / fermata / arresto;Passeggero;F;Illeso;0;;Non accertato;
4293017;13;25/03/2019 19:45:00;Strada Urbana;VIALE CARDINAL GINNASI;in prossimità;;del civico n.;2;;Veicolo in marcia contro ostacolo accidentale;Rettilineo;Una carreggiata a doppio senso;Asciutto;Asfaltata;Assente;Sereno;Normale;Buona;Ore Diurne;0;0;0;2;12.2821;41.7323;-1;1;Autovettura privata;In marcia / fermata / arresto;Conducente;M;Illeso;0;;Non accertato;Inesploso
4293017;13;25/03/2019 19:45:00;Strada Urbana;VIALE CARDINAL GINNASI;in prossimità;;del civico n.;2;;Veicolo in marcia contro ostacolo accidentale;Rettilineo;Una carreggiata a doppio senso;Asciutto;Asfaltata;Assente;Sereno;Normale;Buona;Ore Diurne;0;0;0;2;12.2821;41.7323;-1;1;Autovettura privata;In marcia / fermata / arresto;Passeggero;M;Illeso;0;;Non accertato;Inesploso
4293024;20;25/03/2019 09:15:00;Strada Urbana;VIALE DI TOR DI QUINTO;da specificare;;;;altezza palo Acea n. 52;Tamponamento Multiplo;Rettilineo;Una carreggiata a doppio senso;Asciutto;Asfaltata;Verticale ed orizzontale;Sereno;Normale;Buona;Ore Diurne;0;0;0;4;12.4785;41.9447;-1;1;Autovettura privata;In marcia / fermata / arresto;Conducente;M;Illeso;0;;;
4293024;20;25/03/2019 09:15:00;Strada Urbana;VIALE DI TOR DI QUINTO;da specificare;;;;altezza palo Acea n. 52;Tamponamento Multiplo;Rettilineo;Una carreggiata a doppio senso;Asciutto;Asfaltata;Verticale ed orizzontale;Sereno;Normale;Buona;Ore Diurne;0;0;0;4;12.4785;41.9447;-1;2;Autovettura privata;In marcia / fermata / arresto;Conducente;M;Illeso;0;;;
4293024;20;25/03/2019 09:15:00;Strada Urbana;VIALE DI TOR DI QUINTO;da specificare;;;;altezza palo Acea n. 52;Tamponamento Multiplo;Rettilineo;Una carreggiata a doppio senso;Asciutto;Asfaltata;Verticale ed orizzontale;Sereno;Normale;Buona;Ore Diurne;0;0;0;4;12.4785;41.9447;-1;3;Autovettura privata;In marcia / fermata / arresto;Conducente;M;Illeso;0;;;
4293024;20;25/03/2019 09:15:00;Strada Urbana;VIALE DI TOR DI QUINTO;da specificare;;;;altezza palo Acea n. 52;Tamponamento Multiplo;Rettilineo;Una carreggiata a doppio senso;Asciutto;Asfaltata;Verticale ed orizzontale;Sereno;Normale;Buona;Ore Diurne;0;0;0;4;12.4785;41.9447;-1;4;Autovettura privata;In marcia / fermata / arresto;Conducente;M;Illeso;0;;;
4293029;9;26/03/2019 03:20:00;;VIA DI PASSO LOMBARDO;in corrispondenza;;del civico n.;281;;Fuoriuscita dalla sede stradale;;;;;;;;;;1;0;0;0;;;0;1;Autovettura privata;In marcia / fermata / arresto;Conducente;M;Rimandato;0;NON DECEDUTO;;
4293030;18;25/03/2019 16:55:00;Strada Urbana;VIA ENNIO BONIFAZI;in corrispondenza;;del civico n.;66;;Scontro laterale fra veicoli in marcia;Rettilineo;Una carreggiata a doppio senso;Asciutto;Asfaltata;Verticale ed orizzontale;Sereno;Normale;Buona;Ore Diurne;0;0;0;2;12.4163;41.9055;-1;1;Autocarro inferiore 35 q.;In marcia / fermata / arresto;Conducente;M;Illeso;0;;Non accertato;Inesploso
4293030;18;25/03/2019 16:55:00;Strada Urbana;VIA ENNIO BONIFAZI;in corrispondenza;;del civico n.;66;;Scontro laterale fra veicoli in marcia;Rettilineo;Una carreggiata a doppio senso;Asciutto;Asfaltata;Verticale ed orizzontale;Sereno;Normale;Buona;Ore Diurne;0;0;0;2;12.4163;41.9055;-1;2;Autobus urbano;In marcia / fermata / arresto;Conducente;M;Illeso;0;;Non accertato;Inesploso
4293034;6;26/03/2019 07:40:00;Strada Urbana;VIA CASILINA;all'intersezione con;VIA GIOVANNI DE AGOSTINI;VIA GIOVANNI DE AGOSTINI;;;Scontro frontale/laterale DX fra veicoli in marcia;Incrocio;Una carreggiata a doppio senso;Asciutto;Asfaltata;Verticale ed orizzontale;Nuvoloso;Normale;Buona;Ore Diurne;1;0;0;2;12.5292;41.8855;-1;1;Autovettura privata;In marcia / fermata / arresto;Conducente;M;Illeso;0;;Non accertato;Inesistente
4293034;6;26/03/2019 07:40:00;Strada Urbana;VIA CASILINA;all'intersezione con;VIA GIOVANNI DE AGOSTINI;VIA GIOVANNI DE AGOSTINI;;;Scontro frontale/laterale DX fra veicoli in marcia;Incrocio;Una carreggiata a doppio senso;Asciutto;Asfaltata;Verticale ed orizzontale;Nuvoloso;Normale;Buona;Ore Diurne;1;0;0;2;12.5292;41.8855;-1;2;Motociclo con passeggero;In marcia / fermata / arresto;Conducente;M;Illeso;0;;Non accertato;
4293034;6;26/03/2019 07:40:00;Strada Urbana;VIA CASILINA;all'intersezione con;VIA GIOVANNI DE AGOSTINI;VIA GIOVANNI DE AGOSTINI;;;Scontro frontale/laterale DX fra veicoli in marcia;Incrocio;Una carreggiata a doppio senso;Asciutto;Asfaltata;Verticale ed orizzontale;Nuvoloso;Normale;Buona;Ore Diurne;1;0;0;2;12.5292;41.8855;-1;2;Motociclo con passeggero;In marcia / fermata / arresto;Passeggero;F;Rimandato;0;NON DECEDUTO;Non accertato;
4293046;13;22/03/2019 16:10:00;Strada Urbana;VIA DI PRATO CORNELIO;all'intersezione con;VIA CESARE MACCARI;VIA CESARE MACCARI;;;Scontro frontale fra veicoli in marcia;Incrocio;Una carreggiata a doppio senso;Asciutto;Asfaltata;Verticale ed orizzontale;Sereno;Normale;Buona;Ore Diurne;0;0;0;2;12.3626;41.7738;-1;1;Autovettura privata;In marcia / fermata / arresto;Conducente;F;Illeso;0;;Non accertato;Inesploso
4293046;13;22/03/2019 16:10:00;Strada Urbana;VIA DI PRATO CORNELIO;all'intersezione con;VIA CESARE MACCARI;VIA CESARE MACCARI;;;Scontro frontale fra veicoli in marcia;Incrocio;Una carreggiata a doppio senso;Asciutto;Asfaltata;Verticale ed orizzontale;Sereno;Normale;Buona;Ore Diurne;0;0;0;2;12.3626;41.7738;-1;1;Autovettura privata;In marcia / fermata / arresto;Passeggero;M;Illeso;0;;Non accertato;Inesploso
4293046;13;22/03/2019 16:10:00;Strada Urbana;VIA DI PRATO CORNELIO;all'intersezione con;VIA CESARE MACCARI;VIA CESARE MACCARI;;;Scontro frontale fra veicoli in marcia;Incrocio;Una carreggiata a doppio senso;Asciutto;Asfaltata;Verticale ed orizzontale;Sereno;Normale;Buona;Ore Diurne;0;0;0;2;12.3626;41.7738;-1;2;Autovettura privata;In marcia / fermata / arresto;;;;;;;
4293063;23;25/03/2019 23:20:00;Comunale extraurbana;VIALE CRISTOFORO COLOMBO;all'intersezione semaforizzata con;VIA ERMANNO WOLF FERRARI;VIA ERMANNO WOLF FERRARI;;;Scontro frontale/laterale DX fra veicoli in marcia;Intersezione semaforizzata;Più di due carreggiate;Asciutto;Asfaltata;Verticale ed orizzontale;Sereno;Normale;Sufficiente;Insufficiente;3;0;0;0;12.3698;41.7548;-1;1;Autovettura privata;In marcia / fermata / arresto;Conducente;M;Rimandato;0;NON DECEDUTO;Non accertato;Esploso
4293063;23;25/03/2019 23:20:00;Comunale extraurbana;VIALE CRISTOFORO COLOMBO;all'intersezione semaforizzata con;VIA ERMANNO WOLF FERRARI;VIA ERMANNO WOLF FERRARI;;;Scontro frontale/laterale DX fra veicoli in marcia;Intersezione semaforizzata;Più di due carreggiate;Asciutto;Asfaltata;Verticale ed orizzontale;Sereno;Normale;Sufficiente;Insufficiente;3;0;0;0;12.3698;41.7548;-1;2;Autovettura privata;In marcia / fermata / arresto;Conducente;F;Rimandato;0;NON DECEDUTO;Non accertato;Esploso
4293063;23;25/03/2019 23:20:00;Comunale extraurbana;VIALE CRISTOFORO COLOMBO;all'intersezione semaforizzata con;VIA ERMANNO WOLF FERRARI;VIA ERMANNO WOLF FERRARI;;;Scontro frontale/laterale DX fra veicoli in marcia;Intersezione semaforizzata;Più di due carreggiate;Asciutto;Asfaltata;Verticale ed orizzontale;Sereno;Normale;Sufficiente;Insufficiente;3;0;0;0;12.3698;41.7548;-1;2;Autovettura privata;In marcia / fermata / arresto;Passeggero;F;Rimandato;0;NON DECEDUTO;Non accertato;Esploso
4293071;15;26/03/2019 07:55:00;Strada Urbana;VIA DI VILLA BONELLI;all'intersezione con;VIA ERNESTO NATHAN;VIA ERNESTO NATHAN;;;Scontro laterale fra veicoli in marcia;Incrocio;Due carreggiate;Asciutto;Asfaltata;Verticale;Nuvoloso;Normale;Buona;Ore Diurne;1;0;0;1;12.458;41.8508;-1;1;Autocarro inferiore 35 q.;In marcia / fermata / arresto;Conducente;M;Illeso;0;;Non accertato;Inesploso
4293071;15;26/03/2019 07:55:00;Strada Urbana;VIA DI VILLA BONELLI;all'intersezione con;VIA ERNESTO NATHAN;VIA ERNESTO NATHAN;;;Scontro laterale fra veicoli in marcia;Incrocio;Due carreggiate;Asciutto;Asfaltata;Verticale;Nuvoloso;Normale;Buona;Ore Diurne;1;0;0;1;12.458;41.8508;-1;2;Motociclo a solo;In marcia / fermata / arresto;Conducente;M;Rifiuta cure immediate;0;NON DECEDUTO;Non accertato;
4293072;20;25/03/2019 19:30:00;Strada Urbana;CORSO DI FRANCIA;da specificare;;;;fronte via Lupi ;Tamponamento Multiplo;Rettilineo;Una carreggiata a senso unico di marcia;Asciutto;Asfaltata;Verticale ed orizzontale;Sereno;Intenso;Buona;Sufficiente;1;0;0;2;12.4713;41.9386;-1;1;Autovettura privata;In marcia / fermata / arresto;Conducente;F;Illeso;0;;Non accertato;
4293072;20;25/03/2019 19:30:00;Strada Urbana;CORSO DI FRANCIA;da specificare;;;;fronte via Lupi ;Tamponamento Multiplo;Rettilineo;Una carreggiata a senso unico di marcia;Asciutto;Asfaltata;Verticale ed orizzontale;Sereno;Intenso;Buona;Sufficiente;1;0;0;2;12.4713;41.9386;-1;2;Autovettura privata;In marcia / fermata / arresto;Conducente;F;Rifiuta cure immediate;0;NON DECEDUTO;Non accertato;
4293072;20;25/03/2019 19:30:00;Strada Urbana;CORSO DI FRANCIA;da specificare;;;;fronte via Lupi ;Tamponamento Multiplo;Rettilineo;Una carreggiata a senso unico di marcia;Asciutto;Asfaltata;Verticale ed orizzontale;Sereno;Intenso;Buona;Sufficiente;1;0;0;2;12.4713;41.9386;-1;3;Autovettura privata;In marcia / fermata / arresto;Conducente;M;Illeso;0;;Non accertato;
4293080;9;25/03/2019 10:00:00;Strada Urbana;VIA APPIA NUOVA;in corrispondenza;;del civico n.;572;;Veicolo in marcia contro veicolo in sosta;Rettilineo;Una carreggiata a senso unico di marcia;Asciutto;Asfaltata;Assente;Sereno;Scarso;Buona;Ore Diurne;0;0;0;0;12.5279;41.8704;-1;1;Autovettura privata;In marcia / fermata / arresto;;;;;;;
4293080;9;25/03/2019 10:00:00;Strada Urbana;VIA APPIA NUOVA;in corrispondenza;;del civico n.;572;;Veicolo in marcia contro veicolo in sosta;Rettilineo;Una carreggiata a senso unico di marcia;Asciutto;Asfaltata;Assente;Sereno;Scarso;Buona;Ore Diurne;0;0;0;0;12.5279;41.8704;-1;2;Autovettura privata;Sosta;;;;;;;
4293128;11;26/03/2019 08:45:00;Strada Urbana;VIA AUGUSTO VERA;all'intersezione con;VIA SALVATORE DI GIACOMO;VIA SALVATORE DI GIACOMO;;;Investimento di pedone;Rotatoria;Una carreggiata a doppio senso;Asciutto;Asfaltata;Verticale ed orizzontale;Nuvoloso;Normale;Buona;Ore Diurne;2;0;0;1;12.4871;41.8455;-1;;;;Pedone;F;Rimandato;0;NON DECEDUTO;;
4293128;11;26/03/2019 08:45:00;Strada Urbana;VIA AUGUSTO VERA;all'intersezione con;VIA SALVATORE DI GIACOMO;VIA SALVATORE DI GIACOMO;;;Investimento di pedone;Rotatoria;Una carreggiata a doppio senso;Asciutto;Asfaltata;Verticale ed orizzontale;Nuvoloso;Normale;Buona;Ore Diurne;2;0;0;1;12.4871;41.8455;-1;;;;Pedone;F;Rimandato;0;NON DECEDUTO;;
4293128;11;26/03/2019 08:45:00;Strada Urbana;VIA AUGUSTO VERA;all'intersezione con;VIA SALVATORE DI GIACOMO;VIA SALVATORE DI GIACOMO;;;Investimento di pedone;Rotatoria;Una carreggiata a doppio senso;Asciutto;Asfaltata;Verticale ed orizzontale;Nuvoloso;Normale;Buona;Ore Diurne;2;0;0;1;12.4871;41.8455;-1;1;Autovettura privata;In marcia / fermata / arresto;Conducente;F;Illeso;0;;Utilizzato;Inesploso
4293147;12;25/03/2019 15:45:00;Provinciale;VIA DELLA SOLFARATA;da specificare;;;;all'intersezione con VIA C. FIORUCCI;Tamponamento Multiplo;Rettilineo;Una carreggiata a doppio senso;Asciutto;Asfaltata;Verticale ed orizzontale;Sereno;Intenso;Buona;Ore Diurne;1;0;0;6;12.5684;41.7118;-1;1;Autovettura privata;In marcia / fermata / arresto;Conducente;M;Illeso;0;;Utilizzato;Inesploso
4293147;12;25/03/2019 15:45:00;Provinciale;VIA DELLA SOLFARATA;da specificare;;;;all'intersezione con VIA C. FIORUCCI;Tamponamento Multiplo;Rettilineo;Una carreggiata a doppio senso;Asciutto;Asfaltata;Verticale ed orizzontale;Sereno;Intenso;Buona;Ore Diurne;1;0;0;6;12.5684;41.7118;-1;2;Autovettura privata;In marcia / fermata / arresto;Conducente;M;Rimandato;0;NON DECEDUTO;Utilizzato;Esploso
4293147;12;25/03/2019 15:45:00;Provinciale;VIA DELLA SOLFARATA;da specificare;;;;all'intersezione con VIA C. FIORUCCI;Tamponamento Multiplo;Rettilineo;Una carreggiata a doppio senso;Asciutto;Asfaltata;Verticale ed orizzontale;Sereno;Intenso;Buona;Ore Diurne;1;0;0;6;12.5684;41.7118;-1;3;Autobus di linea;In marcia / fermata / arresto;Conducente;M;Illeso;0;;Utilizzato;Inesploso
4293147;12;25/03/2019 15:45:00;Provinciale;VIA DELLA SOLFARATA;da specificare;;;;all'intersezione con VIA C. FIORUCCI;Tamponamento Multiplo;Rettilineo;Una carreggiata a doppio senso;Asciutto;Asfaltata;Verticale ed orizzontale;Sereno;Intenso;Buona;Ore Diurne;1;0;0;6;12.5684;41.7118;-1;4;Autovettura privata;In marcia / fermata / arresto;Conducente;M;Illeso;0;;Utilizzato;Inesploso
4293147;12;25/03/2019 15:45:00;Provinciale;VIA DELLA SOLFARATA;da specificare;;;;all'intersezione con VIA C. FIORUCCI;Tamponamento Multiplo;Rettilineo;Una carreggiata a doppio senso;Asciutto;Asfaltata;Verticale ed orizzontale;Sereno;Intenso;Buona;Ore Diurne;1;0;0;6;12.5684;41.7118;-1;4;Autovettura privata;In marcia / fermata / arresto;Passeggero;M;Illeso;0;;Utilizzato;Inesploso
4293147;12;25/03/2019 15:45:00;Provinciale;VIA DELLA SOLFARATA;da specificare;;;;all'intersezione con VIA C. FIORUCCI;Tamponamento Multiplo;Rettilineo;Una carreggiata a doppio senso;Asciutto;Asfaltata;Verticale ed orizzontale;Sereno;Intenso;Buona;Ore Diurne;1;0;0;6;12.5684;41.7118;-1;5;Autovettura privata;In marcia / fermata / arresto;Conducente;M;Illeso;0;;Utilizzato;Inesploso
4293147;12;25/03/2019 15:45:00;Provinciale;VIA DELLA SOLFARATA;da specificare;;;;all'intersezione con VIA C. FIORUCCI;Tamponamento Multiplo;Rettilineo;Una carreggiata a doppio senso;Asciutto;Asfaltata;Verticale ed orizzontale;Sereno;Intenso;Buona;Ore Diurne;1;0;0;6;12.5684;41.7118;-1;5;Autovettura privata;In marcia / fermata / arresto;Passeggero;M;Illeso;0;;Utilizzato;Inesploso
4293208;2;25/03/2019 08:30:00;Strada Urbana;VIA NEMORENSE;all'intersezione con;VIA ARCHIANO;VIA ARCHIANO;;;Tamponamento Multiplo;Incrocio;Una carreggiata a doppio senso;Asciutto;Asfaltata;Verticale ed orizzontale;Sereno;Normale;Buona;Ore Diurne;2;0;0;1;12.5081;41.9244;-1;1;Motociclo a solo;In marcia / fermata / arresto;Conducente;M;Rimandato;0;NON DECEDUTO;Non accertato;
4293208;2;25/03/2019 08:30:00;Strada Urbana;VIA NEMORENSE;all'intersezione con;VIA ARCHIANO;VIA ARCHIANO;;;Tamponamento Multiplo;Incrocio;Una carreggiata a doppio senso;Asciutto;Asfaltata;Verticale ed orizzontale;Sereno;Normale;Buona;Ore Diurne;2;0;0;1;12.5081;41.9244;-1;2;Motociclo a solo;In marcia / fermata / arresto;Conducente;M;Rimandato;0;NON DECEDUTO;;
4293208;2;25/03/2019 08:30:00;Strada Urbana;VIA NEMORENSE;all'intersezione con;VIA ARCHIANO;VIA ARCHIANO;;;Tamponamento Multiplo;Incrocio;Una carreggiata a doppio senso;Asciutto;Asfaltata;Verticale ed orizzontale;Sereno;Normale;Buona;Ore Diurne;2;0;0;1;12.5081;41.9244;-1;3;Autovettura privata;In marcia / fermata / arresto;Conducente;M;Illeso;0;;;
4293208;2;25/03/2019 08:30:00;Strada Urbana;VIA NEMORENSE;all'intersezione con;VIA ARCHIANO;VIA ARCHIANO;;;Tamponamento Multiplo;Incrocio;Una carreggiata a doppio senso;Asciutto;Asfaltata;Verticale ed orizzontale;Sereno;Normale;Buona;Ore Diurne;2;0;0;1;12.5081;41.9244;-1;4;Autovettura privata;Sosta;;;;;;;
4293208;2;25/03/2019 08:30:00;Strada Urbana;VIA NEMORENSE;all'intersezione con;VIA ARCHIANO;VIA ARCHIANO;;;Tamponamento Multiplo;Incrocio;Una carreggiata a doppio senso;Asciutto;Asfaltata;Verticale ed orizzontale;Sereno;Normale;Buona;Ore Diurne;2;0;0;1;12.5081;41.9244;-1;5;Autovettura privata;Sosta;;;;;;;
4293208;2;25/03/2019 08:30:00;Strada Urbana;VIA NEMORENSE;all'intersezione con;VIA ARCHIANO;VIA ARCHIANO;;;Tamponamento Multiplo;Incrocio;Una carreggiata a doppio senso;Asciutto;Asfaltata;Verticale ed orizzontale;Sereno;Normale;Buona;Ore Diurne;2;0;0;1;12.5081;41.9244;-1;6;Autovettura privata;Sosta;;;;;;;
4293209;2;25/03/2019 14:20:00;Strada Urbana;VIA DEI CAMPI SPORTIVI;in corrispondenza;;del civico n.;100;;Scontro laterale fra veicoli in marcia;Rettilineo;Una carreggiata a doppio senso;Asciutto;Asfaltata;Verticale ed orizzontale;Sereno;Normale;Buona;Ore Diurne;1;0;0;1;12.4914;41.939;-1;1;Autovettura privata;In marcia / fermata / arresto;Conducente;M;Illeso;0;;;
4293209;2;25/03/2019 14:20:00;Strada Urbana;VIA DEI CAMPI SPORTIVI;in corrispondenza;;del civico n.;100;;Scontro laterale fra veicoli in marcia;Rettilineo;Una carreggiata a doppio senso;Asciutto;Asfaltata;Verticale ed orizzontale;Sereno;Normale;Buona;Ore Diurne;1;0;0;1;12.4914;41.939;-1;2;Motociclo a solo;In marcia / fermata / arresto;Conducente;M;Rimandato;0;NON DECEDUTO;;
4293223;2;25/03/2019 08:47:00;Strada Urbana;SOTTOVIA IGNAZIO GUIDI;da specificare;;;;altezza svincolo direzione P.LE BRASILE;Scontro laterale fra veicoli in marcia;Rettilineo;Due carreggiate;Asciutto;Asfaltata;Verticale ed orizzontale;Sereno;Normale;Buona;Ore Diurne;1;0;0;1;12.4905;41.9101;-1;1;Motociclo a solo;In marcia / fermata / arresto;Conducente;F;Rimandato;0;NON DECEDUTO;;
4293223;2;25/03/2019 08:47:00;Strada Urbana;SOTTOVIA IGNAZIO GUIDI;da specificare;;;;altezza svincolo direzione P.LE BRASILE;Scontro laterale fra veicoli in marcia;Rettilineo;Due carreggiate;Asciutto;Asfaltata;Verticale ed orizzontale;Sereno;Normale;Buona;Ore Diurne;1;0;0;1;12.4905;41.9101;-1;2;Autovettura privata;In marcia / fermata / arresto;Conducente;M;Illeso;0;;;
4293323;10;26/03/2019 09:30:00;Statale;VIA APPIA NUOVA;in prossimità;;della chilometrica;15.8;;Tamponamento Multiplo;Rettilineo;Due carreggiate;Asciutto;Asfaltata;Verticale ed orizzontale;Nuvoloso;Normale;Buona;Ore Diurne;1;0;0;2;12.5599;41.8262;-1;1;Autovettura privata;In marcia / fermata / arresto;Conducente;F;Illeso;0;;Non accertato;Inesploso
4293323;10;26/03/2019 09:30:00;Statale;VIA APPIA NUOVA;in prossimità;;della chilometrica;15.8;;Tamponamento Multiplo;Rettilineo;Due carreggiate;Asciutto;Asfaltata;Verticale ed orizzontale;Nuvoloso;Normale;Buona;Ore Diurne;1;0;0;2;12.5599;41.8262;-1;2;Autovettura privata;In marcia / fermata / arresto;Conducente;F;Rifiuta cure immediate;0;NON DECEDUTO;Non accertato;Inesploso
4293323;10;26/03/2019 09:30:00;Statale;VIA APPIA NUOVA;in prossimità;;della chilometrica;15.8;;Tamponamento Multiplo;Rettilineo;Due carreggiate;Asciutto;Asfaltata;Verticale ed orizzontale;Nuvoloso;Normale;Buona;Ore Diurne;1;0;0;2;12.5599;41.8262;-1;3;Autovettura privata;In marcia / fermata / arresto;Conducente;F;Illeso;0;;Non accertato;Inesploso