Protocollo;Gruppo;DataOraIncidente;Localizzazione1;STRADA1;Localizzazione2;STRADA2;Strada02;Chilometrica;DaSpecificare;NaturaIncidente;particolaritastrade;TipoStrada;FondoStradale;Pavimentazione;Segnaletica;CondizioneAtmosferica;Traffico;Visibilita;Illuminazione;NUM_FERITI;NUM_RISERVATA;NUM_MORTI;NUM_ILLESI;Longitudine;Latitudine;Confermato;Progressivo;TipoVeicolo;StatoVeicolo;TipoPersona;Sesso;Tipolesione;Deceduto;DecedutoDopo;CinturaCascoUtilizzato;Airbag;
4298872;5;28/03/2019 22:10:00;Strada Urbana;VIA DEI CRISPOLTI;all'intersezione con;VIA YAMBO;VIA YAMBO;;;Scontro frontale/laterale DX fra veicoli in marcia;Incrocio;Una carreggiata a senso unico di marcia;Asciutto;Asfaltata;Orizzontale;Sereno;Scarso;Buona;Ore Diurne;0;0;0;2;12.5491;41.909;-1;2;Autovettura privata;In marcia / fermata / arresto;Conducente;F;Illeso;0;;Non accertato;Inesploso
4298872;5;28/03/2019 22:10:00;Strada Urbana;VIA DEI CRISPOLTI;all'intersezione con;VIA YAMBO;VIA YAMBO;;;Scontro frontale/laterale DX fra veicoli in marcia;Incrocio;Una carreggiata a senso unico di marcia;Asciutto;Asfaltata;Orizzontale;Sereno;Scarso;Buona;Ore Diurne;0;0;0;2;12.5491;41.909;-1;3;Autocarro inferiore 35 q.;Sosta;;;;;;;
4298874;12;28/03/2019 11:10:00;Regionale;VIA PONTINA;da specificare;;;;in prossimità del km 23.3 dir. Roma centro;Tamponamento;Rettilineo;Due carreggiate;Asciutto;Asfaltata;Verticale ed orizzontale;Sereno;Normale;Buona;Ore Diurne;1;0;0;1;12.4703;41.6953;-1;1;Autovettura privata;In marcia / fermata / arresto;Conducente;F;Rimandato;0;NON DECEDUTO;;
4298874;12;28/03/2019 11:10:00;Regionale;VIA PONTINA;da specificare;;;;in prossimità del km 23.3 dir. Roma centro;Tamponamento;Rettilineo;Due carreggiate;Asciutto;Asfaltata;Verticale ed orizzontale;Sereno;Normale;Buona;Ore Diurne;1;0;0;1;12.4703;41.6953;-1;2;Autovettura privata;In marcia / fermata / arresto;Conducente;M;Illeso;0;;;
4298898;5;28/03/2019 16:30:00;;VIA FILIPPO FIORENTINI;all'intersezione con;VIA VITTORIO ZINCONE;VIA VITTORIO ZINCONE;;;Scontro frontale/laterale SX fra veicoli in marcia;;;;;;;;;;0;0;0;0;12.556;41.9086;0;1;Motociclo a solo;In marcia / fermata / arresto;;;;;;;
4298898;5;28/03/2019 16:30:00;;VIA FILIPPO FIORENTINI;all'intersezione con;VIA VITTORIO ZINCONE;VIA VITTORIO ZINCONE;;;Scontro frontale/laterale SX fra veicoli in marcia;;;;;;;;;;0;0;0;0;12.556;41.9086;0;2;Autovettura privata;Allontanatosi;;;;;;;
4298904;4;28/03/2019 12:00:00;Strada Urbana;VIA MAIELLA;in corrispondenza;;del civico n.;11;;Scontro laterale fra veicoli in marcia;Curva a visuale libera;Una carreggiata a senso unico di marcia;Asciutto;Asfaltata;Verticale ed orizzontale;Sereno;Normale;Buona;Ore Diurne;0;0;0;2;12.5348;41.9352;-1;1;Autovettura privata;In marcia / fermata / arresto;Conducente;M;Illeso;0;;;
4298904;4;28/03/2019 12:00:00;Strada Urbana;VIA MAIELLA;in corrispondenza;;del civico n.;11;;Scontro laterale fra veicoli in marcia;Curva a visuale libera;Una carreggiata a senso unico di marcia;Asciutto;Asfaltata;Verticale ed orizzontale;Sereno;Normale;Buona;Ore Diurne;0;0;0;2;12.5348;41.9352;-1;2;Autovettura privata;In marcia / fermata / arresto;Conducente;M;Illeso;0;;;
4298907;4;28/03/2019 11:00:00;Strada Urbana;VIA SUVERETO;in corrispondenza;;del civico n.;27;;Scontro frontale/laterale DX fra veicoli in marcia;Curva a visuale libera;Una carreggiata a doppio senso;Asciutto;Asfaltata;Orizzontale;Sereno;Normale;Buona;Ore Diurne;0;0;0;2;12.5156;41.9525;-1;1;Autovettura privata;In marcia / fermata / arresto;Conducente;F;Illeso;0;;Non accertato;
4298907;4;28/03/2019 11:00:00;Strada Urbana;VIA SUVERETO;in corrispondenza;;del civico n.;27;;Scontro frontale/laterale DX fra veicoli in marcia;Curva a visuale libera;Una carreggiata a doppio senso;Asciutto;Asfaltata;Orizzontale;Sereno;Normale;Buona;Ore Diurne;0;0;0;2;12.5156;41.9525;-1;2;Motociclo a solo;In marcia / fermata / arresto;Conducente;M;Illeso;0;;Non accertato;
4298909;1;28/03/2019 19:30:00;Strada Urbana;VIA DI S. CROCE IN GERUSALEMME;in prossimità;;del civico n.;109;;Scontro laterale fra veicoli in marcia;Rettilineo;Una carreggiata a doppio senso;Asciutto;Asfaltata;Verticale ed orizzontale;Sereno;Normale;Buona;Sufficiente;1;0;0;3;12.5088;41.8921;-1;1;Autovettura privata;In marcia / fermata / arresto;Conducente;M;Illeso;0;;Non accertato;Inesploso
4298909;1;28/03/2019 19:30:00;Strada Urbana;VIA DI S. CROCE IN GERUSALEMME;in prossimità;;del civico n.;109;;Scontro laterale fra veicoli in marcia;Rettilineo;Una carreggiata a doppio senso;Asciutto;Asfaltata;Verticale ed orizzontale;Sereno;Normale;Buona;Sufficiente;1;0;0;3;12.5088;41.8921;-1;2;Motociclo a solo;In marcia / fermata / arresto;Conducente;M;Rimandato;0;NON DECEDUTO;;
4298909;1;28/03/2019 19:30:00;Strada Urbana;VIA DI S. CROCE IN GERUSALEMME;in prossimità;;del civico n.;109;;Scontro laterale fra veicoli in marcia;Rettilineo;Una carreggiata a doppio senso;Asciutto;Asfaltata;Verticale ed orizzontale;Sereno;Normale;Buona;Sufficiente;1;0;0;3;12.5088;41.8921;-1;3;Autovettura privata;In marcia / fermata / arresto;Conducente;M;Illeso;0;;Non accertato;Inesploso
4298909;1;28/03/2019 19:30:00;Strada Urbana;VIA DI S. CROCE IN GERUSALEMME;in prossimità;;del civico n.;109;;Scontro laterale fra veicoli in marcia;Rettilineo;Una carreggiata a doppio senso;Asciutto;Asfaltata;Verticale ed orizzontale;Sereno;Normale;Buona;Sufficiente;1;0;0;3;12.5088;41.8921;-1;3;Autovettura privata;In marcia / fermata / arresto;Passeggero;M;Illeso;0;;Non accertato;
4298912;4;28/03/2019 20:40:00;Strada Urbana;VIA ADOLFO CELI;all'intersezione con;VIA WANDA OSIRIS;VIA WANDA OSIRIS;;;Scontro frontale/laterale DX fra veicoli in marcia;Intersezione stradale segnalata;Una carreggiata a doppio senso;Asciutto;Asfaltata;Verticale ed orizzontale;Sereno;Scarso;Buona;Sufficiente;1;0;0;2;12.5374;41.9753;-1;1;Autovettura privata;In marcia / fermata / arresto;Conducente;M;Illeso;0;;Non accertato;Esploso
4298912;4;28/03/2019 20:40:00;Strada Urbana;VIA ADOLFO CELI;all'intersezione con;VIA WANDA OSIRIS;VIA WANDA OSIRIS;;;Scontro frontale/laterale DX fra veicoli in marcia;Intersezione stradale segnalata;Una carreggiata a doppio senso;Asciutto;Asfaltata;Verticale ed orizzontale;Sereno;Scarso;Buona;Sufficiente;1;0;0;2;12.5374;41.9753;-1;1;Autovettura privata;In marcia / fermata / arresto;Passeggero;M;Illeso;0;;Non accertato;Inesploso
4298912;4;28/03/2019 20:40:00;Strada Urbana;VIA ADOLFO CELI;all'intersezione con;VIA WANDA OSIRIS;VIA WANDA OSIRIS;;;Scontro frontale/laterale DX fra veicoli in marcia;Intersezione stradale segnalata;Una carreggiata a doppio senso;Asciutto;Asfaltata;Verticale ed orizzontale;Sereno;Scarso;Buona;Sufficiente;1;0;0;2;12.5374;41.9753;-1;2;Autovettura privata;In marcia / fermata / arresto;Conducente;M;Rimandato;0;NON DECEDUTO;;
4298917;18;29/03/2019 08:00:00;Strada Urbana;VIA MATTIA BATTISTINI;in corrispondenza;;del civico n.;20;;Veicolo in marcia contro veicoli in sosta;Curva a visuale libera;Una carreggiata a doppio senso;Asciutto;Asfaltata;Verticale ed orizzontale;Sereno;Normale;Buona;Ore Diurne;0;0;0;0;12.4111;41.9053;-1;1;Autovettura privata;Sosta;;;;;;;
4298917;18;29/03/2019 08:00:00;Strada Urbana;VIA MATTIA BATTISTINI;in corrispondenza;;del civico n.;20;;Veicolo in marcia contro veicoli in sosta;Curva a visuale libera;Una carreggiata a doppio senso;Asciutto;Asfaltata;Verticale ed orizzontale;Sereno;Normale;Buona;Ore Diurne;0;0;0;0;12.4111;41.9053;-1;2;Autovettura privata;Sosta;;;;;;;
4298917;18;29/03/2019 08:00:00;Strada Urbana;VIA MATTIA BATTISTINI;in corrispondenza;;del civico n.;20;;Veicolo in marcia contro veicoli in sosta;Curva a visuale libera;Una carreggiata a doppio senso;Asciutto;Asfaltata;Verticale ed orizzontale;Sereno;Normale;Buona;Ore Diurne;0;0;0;0;12.4111;41.9053;-1;3;Autovettura privata;Allontanatosi;;;;;;;
4298927;5;28/03/2019 23:10:00;Strada Urbana;VIA SIROLO;in corrispondenza;;del civico n.;33;;Veicolo in marcia contro veicoli in sosta;Rettilineo;Una carreggiata a senso unico di marcia;Asciutto;Asfaltata;Assente;Sereno;Scarso;Sufficiente;Sufficiente;3;0;0;0;12.5867;41.9374;-1;1;Autovettura privata;In marcia / fermata / arresto;Conducente;M;Rimandato;0;NON DECEDUTO;Non accertato;Inesploso
4298927;5;28/03/2019 23:10:00;Strada Urbana;VIA SIROLO;in corrispondenza;;del civico n.;33;;Veicolo in marcia contro veicoli in sosta;Rettilineo;Una carreggiata a senso unico di marcia;Asciutto;Asfaltata;Assente;Sereno;Scarso;Sufficiente;Sufficiente;3;0;0;0;12.5867;41.9374;-1;1;Autovettura privata;In marcia / fermata / arresto;Passeggero;F;Rimandato;0;NON DECEDUTO;Non accertato;Inesploso
4298927;5;28/03/2019 23:10:00;Strada Urbana;VIA SIROLO;in corrispondenza;;del civico n.;33;;Veicolo in marcia contro veicoli in sosta;Rettilineo;Una carreggiata a senso unico di marcia;Asciutto;Asfaltata;Assente;Sereno;Scarso;Sufficiente;Sufficiente;3;0;0;0;12.5867;41.9374;-1;1;Autovettura privata;In marcia / fermata / arresto;Passeggero;F;Rimandato;0;NON DECEDUTO;Non accertato;Inesploso
4298927;5;28/03/2019 23:10:00;Strada Urbana;VIA SIROLO;in corrispondenza;;del civico n.;33;;Veicolo in marcia contro veicoli in sosta;Rettilineo;Una carreggiata a senso unico di marcia;Asciutto;Asfaltata;Assente;Sereno;Scarso;Sufficiente;Sufficiente;3;0;0;0;12.5867;41.9374;-1;2;Autovettura privata;Sosta;;;;;;;
4298927;5;28/03/2019 23:10:00;Strada Urbana;VIA SIROLO;in corrispondenza;;del civico n.;33;;Veicolo in marcia contro veicoli in sosta;Rettilineo;Una carreggiata a senso unico di marcia;Asciutto;Asfaltata;Assente;Sereno;Scarso;Sufficiente;Sufficiente;3;0;0;0;12.5867;41.9374;-1;3;Autovettura privata;Sosta;;;;;;;
4298927;5;28/03/2019 23:10:00;Strada Urbana;VIA SIROLO;in corrispondenza;;del civico n.;33;;Veicolo in marcia contro veicoli in sosta;Rettilineo;Una carreggiata a senso unico di marcia;Asciutto;Asfaltata;Assente;Sereno;Scarso;Sufficiente;Sufficiente;3;0;0;0;12.5867;41.9374;-1;4;Autovettura privata;Sosta;;;;;;;
4298940;17;28/03/2019 16:40:00;Strada Urbana;VIALE DEI BASTIONI DI MICHELANGELO;all'intersezione con;VIA GERMANICO;VIA GERMANICO;;;Tamponamento;Incrocio;Una carreggiata a doppio senso;Asciutto;Asfaltata;Assente;Sereno;Normale;Sufficiente;Ore Diurne;0;0;0;2;12.4557;41.9072;0;1;Autovettura privata;In marcia / fermata / arresto;Conducente;F;Illeso;0;;;
4298940;17;28/03/2019 16:40:00;Strada Urbana;VIALE DEI BASTIONI DI MICHELANGELO;all'intersezione con;VIA GERMANICO;VIA GERMANICO;;;Tamponamento;Incrocio;Una carreggiata a doppio senso;Asciutto;Asfaltata;Assente;Sereno;Normale;Sufficiente;Ore Diurne;0;0;0;2;12.4557;41.9072;0;2;Autovettura privata;In marcia / fermata / arresto;Conducente;F;Illeso;0;;;
4298946;4;28/03/2019 18:20:00;Strada Urbana;VIA ALBERTO LIONELLO;da specificare;;;;in prossimità VIA WANDA OSIRIS;Scontro laterale fra veicoli in marcia;Rettilineo;Una carreggiata a doppio senso;Asciutto;Asfaltata;Verticale ed orizzontale;Sereno;Normale;Buona;Ore Diurne;1;0;0;1;12.5388;41.9752;-1;1;Autovettura privata;In marcia / fermata / arresto;Conducente;F;Illeso;0;;Non accertato;Inesploso
4298946;4;28/03/2019 18:20:00;Strada Urbana;VIA ALBERTO LIONELLO;da specificare;;;;in prossimità VIA WANDA OSIRIS;Scontro laterale fra veicoli in marcia;Rettilineo;Una carreggiata a doppio senso;Asciutto;Asfaltata;Verticale ed orizzontale;Sereno;Normale;Buona;Ore Diurne;1;0;0;1;12.5388;41.9752;-1;2;Autovettura privata;In marcia / fermata / arresto;Conducente;F;Rimandato;0;NON DECEDUTO;Non accertato;Inesploso
4298979;4;28/03/2019 12:15:00;Strada Urbana;VIA VAL D'ALA;all'intersezione con;VIA VALTRAVAGLIA;VIA VALTRAVAGLIA;;;Scontro frontale/laterale DX fra veicoli in marcia;Intersezione stradale segnalata;Una carreggiata a doppio senso;Asciutto;Asfaltata;Assente;Sereno;Normale;Buona;Ore Diurne;0;0;0;1;12.5162;41.9426;-1;1;Autovettura privata;In marcia / fermata / arresto;Conducente;M;Illeso;0;;Non accertato;
4298979;4;28/03/2019 12:15:00;Strada Urbana;VIA VAL D'ALA;all'intersezione con;VIA VALTRAVAGLIA;VIA VALTRAVAGLIA;;;Scontro frontale/laterale DX fra veicoli in marcia;Intersezione stradale segnalata;Una carreggiata a doppio senso;Asciutto;Asfaltata;Assente;Sereno;Normale;Buona;Ore Diurne;0;0;0;1;12.5162;41.9426;-1;2;Autovettura privata;Sosta;;;;;;;
4298979;4;28/03/2019 12:15:00;Strada Urbana;VIA VAL D'ALA;all'intersezione con;VIA VALTRAVAGLIA;VIA VALTRAVAGLIA;;;Scontro frontale/laterale DX fra veicoli in marcia;Intersezione stradale segnalata;Una carreggiata a doppio senso;Asciutto;Asfaltata;Assente;Sereno;Normale;Buona;Ore Diurne;0;0;0;1;12.5162;41.9426;-1;3;Autovettura privata;Allontanatosi;;;;;;;
4298992;19;28/03/2019 16:20:00;Strada Urbana;PIAZZALE DELLE MEDAGLIE D'ORO;all'intersezione con;VIA ALBERTO CADLOLO;VIA ALBERTO CADLOLO;;;Scontro frontale/laterale SX fra veicoli in marcia;Incrocio;Una carreggiata a doppio senso;Asciutto;Asfaltata;Verticale ed orizzontale;Sereno;Normale;Buona;Ore Diurne;1;0;0;2;12.4472;41.9237;-1;1;Motociclo a solo;In marcia / fermata / arresto;Conducente;M;Rimandato;0;NON DECEDUTO;Non accertato;
4298992;19;28/03/2019 16:20:00;Strada Urbana;PIAZZALE DELLE MEDAGLIE D'ORO;all'intersezione con;VIA ALBERTO CADLOLO;VIA ALBERTO CADLOLO;;;Scontro frontale/laterale SX fra veicoli in marcia;Incrocio;Una carreggiata a doppio senso;Asciutto;Asfaltata;Verticale ed orizzontale;Sereno;Normale;Buona;Ore Diurne;1;0;0;2;12.4472;41.9237;-1;2;Autovettura privata;In marcia / fermata / arresto;Conducente;M;Illeso;0;;Non accertato;Inesploso
4298992;19;28/03/2019 16:20:00;Strada Urbana;PIAZZALE DELLE MEDAGLIE D'ORO;all'intersezione con;VIA ALBERTO CADLOLO;VIA ALBERTO CADLOLO;;;Scontro frontale/laterale SX fra veicoli in marcia;Incrocio;Una carreggiata a doppio senso;Asciutto;Asfaltata;Verticale ed orizzontale;Sereno;Normale;Buona;Ore Diurne;1;0;0;2;12.4472;41.9237;-1;2;Autovettura privata;In marcia / fermata / arresto;Passeggero;M;Illeso;0;;Non accertato;Inesploso
4299003;18;28/03/2019 10:30:00;Strada Urbana;VIA DI MONTE DEL GALLO;all'intersezione con;VIA ANTONIO CERIANI;VIA ANTONIO CERIANI;;;Veicolo in marcia contro veicoli in sosta;Incrocio;Una carreggiata a senso unico di marcia;Asciutto;Asfaltata;Verticale;Sereno;Scarso;Buona;Ore Diurne;0;0;0;0;12.452;41.8947;-1;1;Autovettura privata;Sosta;;;;;;;
4299003;18;28/03/2019 10:30:00;Strada Urbana;VIA DI MONTE DEL GALLO;all'intersezione con;VIA ANTONIO CERIANI;VIA ANTONIO CERIANI;;;Veicolo in marcia contro veicoli in sosta;Incrocio;Una carreggiata a senso unico di marcia;Asciutto;Asfaltata;Verticale;Sereno;Scarso;Buona;Ore Diurne;0;0;0;0;12.452;41.8947;-1;2;Autovettura privata;Sosta;;;;;;;
4299016;10;28/03/2019 18:40:00;Strada Urbana;VIA LEOPOLDO MICUCCI;all'intersezione con;VIA DEL PONTE DELLE SETTE MIGLIA;VIA DEL PONTE DELLE SETTE MIGLIA;;;Scontro frontale/laterale DX fra veicoli in marcia;Intersezione stradale segnalata;Una carreggiata a doppio senso;Asciutto;Asfaltata;Verticale ed orizzontale;Sereno;Normale;Buona;Sufficiente;1;0;0;1;12.6009;41.8374;-1;1;Autovettura privata;In marcia / fermata / arresto;Conducente;M;Illeso;0;;Non accertato;Esploso
4299016;10;28/03/2019 18:40:00;Strada Urbana;VIA LEOPOLDO MICUCCI;all'intersezione con;VIA DEL PONTE DELLE SETTE MIGLIA;VIA DEL PONTE DELLE SETTE MIGLIA;;;Scontro frontale/laterale DX fra veicoli in marcia;Intersezione stradale segnalata;Una carreggiata a doppio senso;Asciutto;Asfaltata;Verticale ed orizzontale;Sereno;Normale;Buona;Sufficiente;1;0;0;1;12.6009;41.8374;-1;2;Autocarro inferiore 35 q.;In marcia / fermata / arresto;Conducente;M;Rimandato;0;NON DECEDUTO;Non accertato;Inesploso
4299035;19;28/03/2019 14:35:00;Strada Urbana;VIA LUIGI MAGLIONE;in corrispondenza;;del civico n.;15;;Veicolo in marcia contro veicolo in sosta;Rettilineo;Una carreggiata a senso unico di marcia;Asciutto;Asfaltata;Verticale;Sereno;Normale;Buona;Ore Diurne;0;0;0;1;12.4161;41.9233;-1;1;Autobus urbano;In marcia / fermata / arresto;Conducente;M;Illeso;0;;Non accertato;Inesploso
4299035;19;28/03/2019 14:35:00;Strada Urbana;VIA LUIGI MAGLIONE;in corrispondenza;;del civico n.;15;;Veicolo in marcia contro veicolo in sosta;Rettilineo;Una carreggiata a senso unico di marcia;Asciutto;Asfaltata;Verticale;Sereno;Normale;Buona;Ore Diurne;0;0;0;1;12.4161;41.9233;-1;2;Autovettura privata;Sosta;;;;;;;
4299045;1;28/03/2019 19:25:00;Strada Urbana;PIAZZA DEL COLOSSEO;all'intersezione semaforizzata con;VIA CELIO VIBENNA;VIA CELIO VIBENNA;;;Scontro frontale/laterale SX fra veicoli in marcia;Intersezione semaforizzata;Due carreggiate;Asciutto;Asfaltata;Verticale ed orizzontale;Sereno;Normale;Buona;Sufficiente;0;0;0;3;12.493;41.8909;-1;1;Autovettura privata;In marcia / fermata / arresto;Conducente;M;Illeso;0;;Non accertato;
4299045;1;28/03/2019 19:25:00;Strada Urbana;PIAZZA DEL COLOSSEO;all'intersezione semaforizzata con;VIA CELIO VIBENNA;VIA CELIO VIBENNA;;;Scontro frontale/laterale SX fra veicoli in marcia;Intersezione semaforizzata;Due carreggiate;Asciutto;Asfaltata;Verticale ed orizzontale;Sereno;Normale;Buona;Sufficiente;0;0;0;3;12.493;41.8909;-1;1;Autovettura privata;In marcia / fermata / arresto;Passeggero;F;Illeso;0;;Non accertato;
4299045;1;28/03/2019 19:25:00;Strada Urbana;PIAZZA DEL COLOSSEO;all'intersezione semaforizzata con;VIA CELIO VIBENNA;VIA CELIO VIBENNA;;;Scontro frontale/laterale SX fra veicoli in marcia;Intersezione semaforizzata;Due carreggiate;Asciutto;Asfaltata;Verticale ed orizzontale;Sereno;Normale;Buona;Sufficiente;0;0;0;3;12.493;41.8909;-1;2;Motociclo a solo;In marcia / fermata / arresto;Conducente;F;Illeso;0;;Non accertato;
4299051;18;28/03/2019 15:30:00;Strada Urbana;CIRCONVALLAZIONE AURELIA;all'intersezione con;VIA GIUSEPPE PALOMBINI;VIA GIUSEPPE PALOMBINI;;;Tamponamento;Intersezione non regolata/non segnalata;Due carreggiate;Asciutto;Asfaltata;Verticale;Sereno;Normale;Buona;Ore Diurne;0;0;0;2;12.4288;41.8966;-1;1;Autovettura privata;In marcia / fermata / arresto;Conducente;M;Illeso;0;;;
4299051;18;28/03/2019 15:30:00;Strada Urbana;CIRCONVALLAZIONE AURELIA;all'intersezione con;VIA GIUSEPPE PALOMBINI;VIA GIUSEPPE PALOMBINI;;;Tamponamento;Intersezione non regolata/non segnalata;Due carreggiate;Asciutto;Asfaltata;Verticale;Sereno;Normale;Buona;Ore Diurne;0;0;0;2;12.4288;41.8966;-1;2;Autovettura privata;In marcia / fermata / arresto;Conducente;F;Illeso;0;;;
4299054;7;29/03/2019 08:45:00;Strada Urbana;VIA DEI CASTANI;all'intersezione con;VIA DEI GELSI;VIA DEI GELSI;;;Scontro frontale/laterale SX fra veicoli in marcia;Incrocio;Una carreggiata a doppio senso;Asciutto;Asfaltata;Verticale ed orizzontale;Sereno;Normale;Buona;Ore Diurne;0;0;0;4;12.5668;41.8837;-1;1;Autovettura privata;In marcia / fermata / arresto;Conducente;F;Illeso;0;;Utilizzato;Inesploso
4299054;7;29/03/2019 08:45:00;Strada Urbana;VIA DEI CASTANI;all'intersezione con;VIA DEI GELSI;VIA DEI GELSI;;;Scontro frontale/laterale SX fra veicoli in marcia;Incrocio;Una carreggiata a doppio senso;Asciutto;Asfaltata;Verticale ed orizzontale;Sereno;Normale;Buona;Ore Diurne;0;0;0;4;12.5668;41.8837;-1;1;Autovettura privata;In marcia / fermata / arresto;Passeggero;F;Illeso;0;;Utilizzato;Inesploso
4299054;7;29/03/2019 08:45:00;Strada Urbana;VIA DEI CASTANI;all'intersezione con;VIA DEI GELSI;VIA DEI GELSI;;;Scontro frontale/laterale SX fra veicoli in marcia;Incrocio;Una carreggiata a doppio senso;Asciutto;Asfaltata;Verticale ed orizzontale;Sereno;Normale;Buona;Ore Diurne;0;0;0;4;12.5668;41.8837;-1;1;Autovettura privata;In marcia / fermata / arresto;Passeggero;M;Illeso;0;;Utilizzato;Inesploso
4299054;7;29/03/2019 08:45:00;Strada Urbana;VIA DEI CASTANI;all'intersezione con;VIA DEI GELSI;VIA DEI GELSI;;;Scontro frontale/laterale SX fra veicoli in marcia;Incrocio;Una carreggiata a doppio senso;Asciutto;Asfaltata;Verticale ed orizzontale;Sereno;Normale;Buona;Ore Diurne;0;0;0;4;12.5668;41.8837;-1;2;Autovettura privata;In marcia / fermata / arresto;Conducente;M;Illeso;0;;Utilizzato;Inesploso
4299065;4;28/03/2019 14:50:00;Statale;VIA SALARIA;in prossimità;;della chilometrica;19.3;;Tamponamento;Rettilineo;Una carreggiata a doppio senso;Asciutto;Asfaltata;Verticale ed orizzontale;Sereno;Intenso;Buona;Ore Diurne;0;0;0;2;12.5141;41.9923;-1;1;Autovettura privata;In marcia / fermata / arresto;Conducente;M;Illeso;0;;Non accertato;Inesploso
4299065;4;28/03/2019 14:50:00;Statale;VIA SALARIA;in prossimità;;della chilometrica;19.3;;Tamponamento;Rettilineo;Una carreggiata a doppio senso;Asciutto;Asfaltata;Verticale ed orizzontale;Sereno;Intenso;Buona;Ore Diurne;0;0;0;2;12.5141;41.9923;-1;2;Autovettura privata;In marcia / fermata / arresto;Conducente;M;Illeso;0;;Non accertato;Inesploso
4299095;17;28/03/2019 19:00:00;Strada Urbana;VIA OSLAVIA;all'intersezione con;VIA MONTELLO;VIA MONTELLO;;;Scontro frontale/laterale DX fra veicoli in marcia;Intersezione semaforizzata;Due carreggiate;Asciutto;Asfaltata;Verticale ed orizzontale;Sereno;Normale;Buona;Sufficiente;0;0;0;2;12.4621;41.9181;-1;1;Autovettura privata;In marcia / fermata / arresto;Conducente;F;Illeso;0;;;
4299095;17;28/03/2019 19:00:00;Strada Urbana;VIA OSLAVIA;all'intersezione con;VIA MONTELLO;VIA MONTELLO;;;Scontro frontale/laterale DX fra veicoli in marcia;Intersezione semaforizzata;Due carreggiate;Asciutto;Asfaltata;Verticale ed orizzontale;Sereno;Normale;Buona;Sufficiente;0;0;0;2;12.4621;41.9181;-1;2;Autocarro inferiore 35 q.;In marcia / fermata / arresto;Conducente;M;Illeso;0;;;
4299122;12;29/03/2019 09:20:00;Statale;VIA OSTIENSE;da specificare;;;;direzione Ostia pros. rampa G.R.A. direz. Firenze;Tamponamento Multiplo;Rettilineo;Una carreggiata a senso unico di marcia;Asciutto;Asfaltata;Verticale;Sereno;Intenso;Buona;Ore Diurne;0;0;0;3;12.4205;41.809;-1;1;Autovettura privata;In marcia / fermata / arresto;Conducente;M;Illeso;0;;Utilizzato;Inesploso
4299122;12;29/03/2019 09:20:00;Statale;VIA OSTIENSE;da specificare;;;;direzione Ostia pros. rampa G.R.A. direz. Firenze;Tamponamento Multiplo;Rettilineo;Una carreggiata a senso unico di marcia;Asciutto;Asfaltata;Verticale;Sereno;Intenso;Buona;Ore Diurne;0;0;0;3;12.4205;41.809;-1;2;Autovettura privata;In marcia / fermata / arresto;Conducente;F;Illeso;0;;Non accertato;Inesploso
4299122;12;29/03/2019 09:20:00;Statale;VIA OSTIENSE;da specificare;;;;direzione Ostia pros. rampa G.R.A. direz. Firenze;Tamponamento Multiplo;Rettilineo;Una carreggiata a senso unico di marcia;Asciutto;Asfaltata;Verticale;Sereno;Intenso;Buona;Ore Diurne;0;0;0;3;12.4205;41.809;-1;3;Autovettura privata;In marcia / fermata / arresto;Conducente;M;Illeso;0;;Non accertato;Inesploso
4299152;17;28/03/2019 08:00:00;Strada Urbana;LUNGOTEVERE DELLA VITTORIA;in prossimità;;del civico n.;3;;Scontro laterale fra veicoli in marcia;Rettilineo;Una carreggiata a doppio senso;Asciutto;Asfaltata;Verticale ed orizzontale;Sereno;Normale;Buona;Ore Diurne;1;0;0;2;12.4659;41.9214;-1;1;Autovettura privata;In marcia / fermata / arresto;Conducente;M;Illeso;0;;;
4299152;17;28/03/2019 08:00:00;Strada Urbana;LUNGOTEVERE DELLA VITTORIA;in prossimità;;del civico n.;3;;Scontro laterale fra veicoli in marcia;Rettilineo;Una carreggiata a doppio senso;Asciutto;Asfaltata;Verticale ed orizzontale;Sereno;Normale;Buona;Ore Diurne;1;0;0;2;12.4659;41.9214;-1;2;Motociclo con passeggero;In marcia / fermata / arresto;Conducente;M;Illeso;0;;;
4299152;17;28/03/2019 08:00:00;Strada Urbana;LUNGOTEVERE DELLA VITTORIA;in prossimità;;del civico n.;3;;Scontro laterale fra veicoli in marcia;Rettilineo;Una carreggiata a doppio senso;Asciutto;Asfaltata;Verticale ed orizzontale;Sereno;Normale;Buona;Ore Diurne;1;0;0;2;12.4659;41.9214;-1;2;Motociclo con passeggero;In marcia / fermata / arresto;Passeggero;F;Rimandato;0;NON DECEDUTO;;
4299159;23;28/03/2019 18:00:00;Strada Urbana;VIA MARMORATA;all'intersezione semaforizzata con;LARGO MANLIO GELSOMINI;LARGO MANLIO GELSOMINI;;;Scontro frontale/laterale SX fra veicoli in marcia;Intersezione semaforizzata;Più di due carreggiate;Asciutto;Asfaltata;Verticale ed orizzontale;Sereno;Normale;Buona;Ore Diurne;3;0;0;0;12.4792;41.8787;-1;1;Autovettura privata;In marcia / fermata / arresto;Conducente;M;Rifiuta cure immediate;0;NON DECEDUTO;Non accertato;Esploso