Protocollo;Gruppo;DataOraIncidente;Localizzazione1;STRADA1;Localizzazione2;STRADA2;Strada02;Chilometrica;DaSpecificare;NaturaIncidente;particolaritastrade;TipoStrada;FondoStradale;Pavimentazione;Segnaletica;CondizioneAtmosferica;Traffico;Visibilita;Illuminazione;NUM_FERITI;NUM_RISERVATA;NUM_MORTI;NUM_ILLESI;Longitudine;Latitudine;Confermato;Progressivo;TipoVeicolo;StatoVeicolo;TipoPersona;Sesso;Tipolesione;Deceduto;DecedutoDopo;CinturaCascoUtilizzato;Airbag;
4304267;1;31/03/2019 15:35:00;Strada Urbana;VIA DI S. TEODORO;in corrispondenza;;del civico n.;18;;Infortunio per sola frenata improvvisa;Rettilineo;Una carreggiata a senso unico di marcia;Asciutto;In cubetti di porfido;Orizzontale;Sereno;Scarso;Buona;Ore Diurne;1;0;0;2;12.4845;41.8909;-1;2;Motociclo a solo;In marcia / fermata / arresto;Conducente;M;Rimandato;0;NON DECEDUTO;Non accertato;
4304285;1;31/03/2019 23:50:00;Strada Urbana;VIA GIOBERTI;all'intersezione semaforizzata con;VIA FARINI;VIA FARINI;;;Scontro frontale/laterale DX fra veicoli in marcia;Intersezione semaforizzata;Una carreggiata a doppio senso;Asciutto;Asfaltata;Verticale ed orizzontale;Sereno;Normale;Sufficiente;Sufficiente;1;0;0;3;12.5005;41.8988;-1;1;Autovettura privata;In marcia / fermata / arresto;Conducente;M;Illeso;0;;Non accertato;Esploso
4304285;1;31/03/2019 23:50:00;Strada Urbana;VIA GIOBERTI;all'intersezione semaforizzata con;VIA FARINI;VIA FARINI;;;Scontro frontale/laterale DX fra veicoli in marcia;Intersezione semaforizzata;Una carreggiata a doppio senso;Asciutto;Asfaltata;Verticale ed orizzontale;Sereno;Normale;Sufficiente;Sufficiente;1;0;0;3;12.5005;41.8988;-1;1;Autovettura privata;In marcia / fermata / arresto;Passeggero;M;Illeso;0;;Non accertato;Inesploso
4304285;1;31/03/2019 23:50:00;Strada Urbana;VIA GIOBERTI;all'intersezione semaforizzata con;VIA FARINI;VIA FARINI;;;Scontro frontale/laterale DX fra veicoli in marcia;Intersezione semaforizzata;Una carreggiata a doppio senso;Asciutto;Asfaltata;Verticale ed orizzontale;Sereno;Normale;Sufficiente;Sufficiente;1;0;0;3;12.5005;41.8988;-1;2;Autovettura privata;In marcia / fermata / arresto;Conducente;M;Illeso;0;;Non accertato;Inesploso
4304285;1;31/03/2019 23:50:00;Strada Urbana;VIA GIOBERTI;all'intersezione semaforizzata con;VIA FARINI;VIA FARINI;;;Scontro frontale/laterale DX fra veicoli in marcia;Intersezione semaforizzata;Una carreggiata a doppio senso;Asciutto;Asfaltata;Verticale ed orizzontale;Sereno;Normale;Sufficiente;Sufficiente;1;0;0;3;12.5005;41.8988;-1;2;Autovettura privata;In marcia / fermata / arresto;Passeggero;M;Rimandato;0;NON DECEDUTO;Non accertato;Inesploso
4304298;17;29/03/2019 12:30:00;Strada Urbana;CIRCONVALLAZIONE TRIONFALE;in corrispondenza;;del civico n.;18;;Veicolo in marcia contro veicoli in sosta;Rettilineo;Due carreggiate;Asciutto;Asfaltata;Verticale ed orizzontale;Nuvoloso;Normale;Buona;Ore Diurne;0;0;0;1;12.4495;41.9108;-1;1;Autovettura privata;Sosta;;;;;;;
4304298;17;29/03/2019 12:30:00;Strada Urbana;CIRCONVALLAZIONE TRIONFALE;in corrispondenza;;del civico n.;18;;Veicolo in marcia contro veicoli in sosta;Rettilineo;Due carreggiate;Asciutto;Asfaltata;Verticale ed orizzontale;Nuvoloso;Normale;Buona;Ore Diurne;0;0;0;1;12.4495;41.9108;-1;2;Autovettura privata;Sosta;;;;;;;
4304298;17;29/03/2019 12:30:00;Strada Urbana;CIRCONVALLAZIONE TRIONFALE;in corrispondenza;;del civico n.;18;;Veicolo in marcia contro veicoli in sosta;Rettilineo;Due carreggiate;Asciutto;Asfaltata;Verticale ed orizzontale;Nuvoloso;Normale;Buona;Ore Diurne;0;0;0;1;12.4495;41.9108;-1;3;Autovettura privata;In marcia / fermata / arresto;Conducente;F;Illeso;0;;Non accertato;Inesploso
4304333;12;29/03/2019 12:30:00;Provinciale;VIA LAURENTINA;all'intersezione con;VIA DI CASTEL DI LEVA;VIA DI CASTEL DI LEVA;;;Scontro laterale fra veicoli in marcia;Rotatoria;Una carreggiata a senso unico di marcia;Asciutto;Asfaltata;Verticale ed orizzontale;Sereno;Normale;Buona;Ore Diurne;0;0;0;3;12.483;41.7879;-1;1;Autovettura privata;In marcia / fermata / arresto;Conducente;F;Illeso;0;;;
4304333;12;29/03/2019 12:30:00;Provinciale;VIA LAURENTINA;all'intersezione con;VIA DI CASTEL DI LEVA;VIA DI CASTEL DI LEVA;;;Scontro laterale fra veicoli in marcia;Rotatoria;Una carreggiata a senso unico di marcia;Asciutto;Asfaltata;Verticale ed orizzontale;Sereno;Normale;Buona;Ore Diurne;0;0;0;3;12.483;41.7879;-1;1;Autovettura privata;In marcia / fermata / arresto;Passeggero;F;Illeso;0;;Utilizzato;Inesploso
4304333;12;29/03/2019 12:30:00;Provinciale;VIA LAURENTINA;all'intersezione con;VIA DI CASTEL DI LEVA;VIA DI CASTEL DI LEVA;;;Scontro laterale fra veicoli in marcia;Rotatoria;Una carreggiata a senso unico di marcia;Asciutto;Asfaltata;Verticale ed orizzontale;Sereno;Normale;Buona;Ore Diurne;0;0;0;3;12.483;41.7879;-1;2;Autovettura privata;In marcia / fermata / arresto;Conducente;F;Illeso;0;;;
4304376;12;29/03/2019 13:45:00;Strada Urbana;VIALE DEGLI EROI DI CEFALONIA;in corrispondenza;;del civico n.;117;;Veicolo in marcia contro veicolo in sosta;Rettilineo;Una carreggiata a senso unico di marcia;Asciutto;Asfaltata;Verticale ed orizzontale;Sereno;Normale;Buona;Ore Diurne;0;0;0;1;12.4365;41.7832;-1;1;Autovettura privata;Sosta;;;;;;;
4304376;12;29/03/2019 13:45:00;Strada Urbana;VIALE DEGLI EROI DI CEFALONIA;in corrispondenza;;del civico n.;117;;Veicolo in marcia contro veicolo in sosta;Rettilineo;Una carreggiata a senso unico di marcia;Asciutto;Asfaltata;Verticale ed orizzontale;Sereno;Normale;Buona;Ore Diurne;0;0;0;1;12.4365;41.7832;-1;2;Autovettura privata;In marcia / fermata / arresto;Conducente;F;Illeso;0;;;
4304388;3;30/03/2019 09:15:00;Strada Urbana;VIA NOMENTANA;in prossimità;;del civico n.;66;;Veicolo in marcia contro ostacolo fisso;Rettilineo;Più di due carreggiate;Asciutto;In cubetti di porfido;Verticale ed orizzontale;Sereno;Scarso;Buona;Ore Diurne;0;0;0;1;12.5101;41.9151;-1;1;Macchina operatrice;In marcia / fermata / arresto;Conducente;M;Illeso;0;;Non accertato;Inesploso
4304400;3;30/03/2019 19:10:00;Strada Urbana;CIRCONVALLAZIONE NOMENTANA;in prossimità;;del civico n.;220;;Scontro laterale fra veicoli in marcia;Rettilineo;Una carreggiata a senso unico di marcia;Asciutto;Asfaltata;Verticale;Sereno;Scarso;Buona;Sufficiente;2;0;0;1;12.5264;41.9205;-1;1;Autovettura privata;In marcia / fermata / arresto;Conducente;F;Illeso;0;;Non accertato;Inesploso
4304400;3;30/03/2019 19:10:00;Strada Urbana;CIRCONVALLAZIONE NOMENTANA;in prossimità;;del civico n.;220;;Scontro laterale fra veicoli in marcia;Rettilineo;Una carreggiata a senso unico di marcia;Asciutto;Asfaltata;Verticale;Sereno;Scarso;Buona;Sufficiente;2;0;0;1;12.5264;41.9205;-1;2;Autovettura di polizia;In marcia / fermata / arresto;Conducente;M;Rimandato;0;NON DECEDUTO;Non accertato;Inesploso
4304400;3;30/03/2019 19:10:00;Strada Urbana;CIRCONVALLAZIONE NOMENTANA;in prossimità;;del civico n.;220;;Scontro laterale fra veicoli in marcia;Rettilineo;Una carreggiata a senso unico di marcia;Asciutto;Asfaltata;Verticale;Sereno;Scarso;Buona;Sufficiente;2;0;0;1;12.5264;41.9205;-1;2;Autovettura di polizia;In marcia / fermata / arresto;Passeggero;M;Rimandato;0;NON DECEDUTO;Non accertato;Inesploso
4304413;3;31/03/2019 00:20:00;Strada Urbana;VIALE DELLO SCALO S. LORENZO;in prossimità;;del civico n.;21;;Scontro laterale fra veicoli in marcia;Rettilineo;Più di due carreggiate;Asciutto;Asfaltata;Verticale ed orizzontale;Sereno;Intenso;Buona;Sufficiente;0;0;0;3;12.5162;41.8936;-1;1;Autovettura privata;In marcia / fermata / arresto;Conducente;M;Illeso;0;;;
4304413;3;31/03/2019 00:20:00;Strada Urbana;VIALE DELLO SCALO S. LORENZO;in prossimità;;del civico n.;21;;Scontro laterale fra veicoli in marcia;Rettilineo;Più di due carreggiate;Asciutto;Asfaltata;Verticale ed orizzontale;Sereno;Intenso;Buona;Sufficiente;0;0;0;3;12.5162;41.8936;-1;1;Autovettura privata;In marcia / fermata / arresto;Passeggero;F;Illeso;0;;;
4304413;3;31/03/2019 00:20:00;Strada Urbana;VIALE DELLO SCALO S. LORENZO;in prossimità;;del civico n.;21;;Scontro laterale fra veicoli in marcia;Rettilineo;Più di due carreggiate;Asciutto;Asfaltata;Verticale ed orizzontale;Sereno;Intenso;Buona;Sufficiente;0;0;0;3;12.5162;41.8936;-1;2;Autovettura privata;In marcia / fermata / arresto;Conducente;M;Illeso;0;;;
4304418;12;29/03/2019 18:47:00;Strada Urbana;VIALE DEI CADUTI NELLA GUERRA DI LIBERAZIONE;all'intersezione con;VIA DEGLI EROI DELLA DIFESA DI ROMA;VIA DEGLI EROI DELLA DIFESA DI ROMA;;;Scontro frontale/laterale SX fra veicoli in marcia;Incrocio;Una carreggiata a senso unico di marcia;Asciutto;Asfaltata;Verticale ed orizzontale;Sereno;Intenso;Buona;Sufficiente;1;0;0;4;12.4457;41.7875;-1;1;Autovettura privata;In marcia / fermata / arresto;Conducente;F;Illeso;0;;;
4304418;12;29/03/2019 18:47:00;Strada Urbana;VIALE DEI CADUTI NELLA GUERRA DI LIBERAZIONE;all'intersezione con;VIA DEGLI EROI DELLA DIFESA DI ROMA;VIA DEGLI EROI DELLA DIFESA DI ROMA;;;Scontro frontale/laterale SX fra veicoli in marcia;Incrocio;Una carreggiata a senso unico di marcia;Asciutto;Asfaltata;Verticale ed orizzontale;Sereno;Intenso;Buona;Sufficiente;1;0;0;4;12.4457;41.7875;-1;1;Autovettura privata;In marcia / fermata / arresto;Passeggero;F;Illeso;0;;;
4304418;12;29/03/2019 18:47:00;Strada Urbana;VIALE DEI CADUTI NELLA GUERRA DI LIBERAZIONE;all'intersezione con;VIA DEGLI EROI DELLA DIFESA DI ROMA;VIA DEGLI EROI DELLA DIFESA DI ROMA;;;Scontro frontale/laterale SX fra veicoli in marcia;Incrocio;Una carreggiata a senso unico di marcia;Asciutto;Asfaltata;Verticale ed orizzontale;Sereno;Intenso;Buona;Sufficiente;1;0;0;4;12.4457;41.7875;-1;1;Autovettura privata;In marcia / fermata / arresto;Passeggero;F;Illeso;0;;;
4304418;12;29/03/2019 18:47:00;Strada Urbana;VIALE DEI CADUTI NELLA GUERRA DI LIBERAZIONE;all'intersezione con;VIA DEGLI EROI DELLA DIFESA DI ROMA;VIA DEGLI EROI DELLA DIFESA DI ROMA;;;Scontro frontale/laterale SX fra veicoli in marcia;Incrocio;Una carreggiata a senso unico di marcia;Asciutto;Asfaltata;Verticale ed orizzontale;Sereno;Intenso;Buona;Sufficiente;1;0;0;4;12.4457;41.7875;-1;2;Motociclo a solo;In marcia / fermata / arresto;Conducente;M;Rimandato;0;NON DECEDUTO;;
4304418;12;29/03/2019 18:47:00;Strada Urbana;VIALE DEI CADUTI NELLA GUERRA DI LIBERAZIONE;all'intersezione con;VIA DEGLI EROI DELLA DIFESA DI ROMA;VIA DEGLI EROI DELLA DIFESA DI ROMA;;;Scontro frontale/laterale SX fra veicoli in marcia;Incrocio;Una carreggiata a senso unico di marcia;Asciutto;Asfaltata;Verticale ed orizzontale;Sereno;Intenso;Buona;Sufficiente;1;0;0;4;12.4457;41.7875;-1;2;Motociclo a solo;In marcia / fermata / arresto;Passeggero;M;Illeso;0;;;
4304452;12;29/03/2019 19:10:00;Strada Urbana;VIA CRISTOFORO COLOMBO;all'intersezione semaforizzata con;VIALE EUROPA;VIALE EUROPA;;;Investimento di pedone;Intersezione semaforizzata;Due carreggiate;Asciutto;Asfaltata;Verticale ed orizzontale;Sereno;Normale;Buona;Sufficiente;1;0;0;1;12.4693;41.8308;-1;;;;Pedone;F;Rimandato;0;NON DECEDUTO;;
4304452;12;29/03/2019 19:10:00;Strada Urbana;VIA CRISTOFORO COLOMBO;all'intersezione semaforizzata con;VIALE EUROPA;VIALE EUROPA;;;Investimento di pedone;Intersezione semaforizzata;Due carreggiate;Asciutto;Asfaltata;Verticale ed orizzontale;Sereno;Normale;Buona;Sufficiente;1;0;0;1;12.4693;41.8308;-1;1;Autovettura privata;In marcia / fermata / arresto;Conducente;F;Illeso;0;;Utilizzato;Inesploso
4304481;12;30/03/2019 22:30:00;Strada Urbana;VIALE CRISTOFORO COLOMBO;da specificare;;;;dir Roma 100 MT PRIMA DEL PALAZZO DELLO SPORT;Scontro laterale fra veicoli in marcia;Curva a visuale libera;Due carreggiate;Asciutto;Asfaltata;Verticale ed orizzontale;Sereno;Scarso;Buona;Sufficiente;0;0;0;3;12.4121;41.786;-1;1;Autovettura privata;In marcia / fermata / arresto;Conducente;M;Illeso;0;;Utilizzato;Inesploso
4304481;12;30/03/2019 22:30:00;Strada Urbana;VIALE CRISTOFORO COLOMBO;da specificare;;;;dir Roma 100 MT PRIMA DEL PALAZZO DELLO SPORT;Scontro laterale fra veicoli in marcia;Curva a visuale libera;Due carreggiate;Asciutto;Asfaltata;Verticale ed orizzontale;Sereno;Scarso;Buona;Sufficiente;0;0;0;3;12.4121;41.786;-1;1;Autovettura privata;In marcia / fermata / arresto;Passeggero;F;Illeso;0;;Utilizzato;Inesploso
4304481;12;30/03/2019 22:30:00;Strada Urbana;VIALE CRISTOFORO COLOMBO;da specificare;;;;dir Roma 100 MT PRIMA DEL PALAZZO DELLO SPORT;Scontro laterale fra veicoli in marcia;Curva a visuale libera;Due carreggiate;Asciutto;Asfaltata;Verticale ed orizzontale;Sereno;Scarso;Buona;Sufficiente;0;0;0;3;12.4121;41.786;-1;2;Autovettura privata;In marcia / fermata / arresto;Conducente;F;Illeso;0;;Utilizzato;Inesploso
4304831;5;31/03/2019 23:00:00;Strada Urbana;PIAZZA RICCARDO BALSAMO CRIVELLI;in corrispondenza;;del civico n.;13;;Scontro frontale/laterale SX fra veicoli in marcia;Rettilineo;Una carreggiata a senso unico di marcia;Asciutto;Asfaltata;Verticale ed orizzontale;Sereno;Scarso;Buona;Sufficiente;0;0;0;2;12.5498;41.905;-1;1;Autovettura privata;In marcia / fermata / arresto;Conducente;M;Illeso;0;;Non accertato;Inesploso
4304831;5;31/03/2019 23:00:00;Strada Urbana;PIAZZA RICCARDO BALSAMO CRIVELLI;in corrispondenza;;del civico n.;13;;Scontro frontale/laterale SX fra veicoli in marcia;Rettilineo;Una carreggiata a senso unico di marcia;Asciutto;Asfaltata;Verticale ed orizzontale;Sereno;Scarso;Buona;Sufficiente;0;0;0;2;12.5498;41.905;-1;2;Motociclo a solo;In marcia / fermata / arresto;Conducente;M;Illeso;0;;Non accertato;
4304922;13;29/03/2019 17:00:00;Strada Urbana;VIALE ENRICO ORTOLANI;all'intersezione con;VIA DI SAPONARA;VIA DI SAPONARA;;;Tamponamento;Incrocio;Una carreggiata a doppio senso;Asciutto;Asfaltata;Assente;Sereno;Normale;Buona;Ore Diurne;0;0;0;3;12.3452;41.7741;-1;1;Autovettura privata;In marcia / fermata / arresto;Conducente;M;Illeso;0;;;
4304922;13;29/03/2019 17:00:00;Strada Urbana;VIALE ENRICO ORTOLANI;all'intersezione con;VIA DI SAPONARA;VIA DI SAPONARA;;;Tamponamento;Incrocio;Una carreggiata a doppio senso;Asciutto;Asfaltata;Assente;Sereno;Normale;Buona;Ore Diurne;0;0;0;3;12.3452;41.7741;-1;1;Autovettura privata;In marcia / fermata / arresto;Passeggero;M;Illeso;0;;;
4304922;13;29/03/2019 17:00:00;Strada Urbana;VIALE ENRICO ORTOLANI;all'intersezione con;VIA DI SAPONARA;VIA DI SAPONARA;;;Tamponamento;Incrocio;Una carreggiata a doppio senso;Asciutto;Asfaltata;Assente;Sereno;Normale;Buona;Ore Diurne;0;0;0;3;12.3452;41.7741;-1;1;Autovettura privata;In marcia / fermata / arresto;Passeggero;F;Illeso;0;;;
4304922;13;29/03/2019 17:00:00;Strada Urbana;VIALE ENRICO ORTOLANI;all'intersezione con;VIA DI SAPONARA;VIA DI SAPONARA;;;Tamponamento;Incrocio;Una carreggiata a doppio senso;Asciutto;Asfaltata;Assente;Sereno;Normale;Buona;Ore Diurne;0;0;0;3;12.3452;41.7741;-1;2;Autovettura privata;Allontanatosi;;;;;;;
4305114;7;29/03/2019 19:20:00;Strada Urbana;VIA DEI LAURI;in prossimità;;del civico n.;1;;Investimento di pedone;Rettilineo;Una carreggiata a doppio senso;Asciutto;Asfaltata;Assente;Sereno;Normale;Buona;Ore Diurne;1;0;0;1;12.564;41.8829;-1;;;;Pedone;M;Rimandato;0;NON DECEDUTO;;
4305114;7;29/03/2019 19:20:00;Strada Urbana;VIA DEI LAURI;in prossimità;;del civico n.;1;;Investimento di pedone;Rettilineo;Una carreggiata a doppio senso;Asciutto;Asfaltata;Assente;Sereno;Normale;Buona;Ore Diurne;1;0;0;1;12.564;41.8829;-1;1;Autovettura privata;In marcia / fermata / arresto;Conducente;F;Illeso;0;;Non accertato;Inesploso
4305306;9;10/03/2019 15:30:00;Strada Urbana;VIA ARICCIA;in corrispondenza;;del civico n.;19A;;Veicolo in marcia contro veicoli in sosta;Rettilineo;Una carreggiata a doppio senso;Asciutto;Asfaltata;Assente;Sereno;Intenso;Buona;Ore Diurne;0;0;0;0;12.5301;41.87;-1;1;Motociclo a solo;In marcia / fermata / arresto;;;;;;;
4305306;9;10/03/2019 15:30:00;Strada Urbana;VIA ARICCIA;in corrispondenza;;del civico n.;19A;;Veicolo in marcia contro veicoli in sosta;Rettilineo;Una carreggiata a doppio senso;Asciutto;Asfaltata;Assente;Sereno;Intenso;Buona;Ore Diurne;0;0;0;0;12.5301;41.87;-1;2;Motociclo a solo;Sosta;;;;;;;
4305306;9;10/03/2019 15:30:00;Strada Urbana;VIA ARICCIA;in corrispondenza;;del civico n.;19A;;Veicolo in marcia contro veicoli in sosta;Rettilineo;Una carreggiata a doppio senso;Asciutto;Asfaltata;Assente;Sereno;Intenso;Buona;Ore Diurne;0;0;0;0;12.5301;41.87;-1;3;Motociclo a solo;Sosta;;;;;;;
4305401;1;11/03/2019 18:15:00;Strada Urbana;VIA MERULANA;in prossimità;;del civico n.;117;;Investimento di pedone;Rettilineo;Una carreggiata a senso unico di marcia;Asciutto;Asfaltata;Assente;Sereno;Intenso;Buona;Sufficiente;0;0;0;3;12.5031;41.8905;-1;;;;Pedone;M;Illeso;0;;;
4305401;1;11/03/2019 18:15:00;Strada Urbana;VIA MERULANA;in prossimità;;del civico n.;117;;Investimento di pedone;Rettilineo;Una carreggiata a senso unico di marcia;Asciutto;Asfaltata;Assente;Sereno;Intenso;Buona;Sufficiente;0;0;0;3;12.5031;41.8905;-1;;;;Pedone;M;Illeso;0;;;
4305401;1;11/03/2019 18:15:00;Strada Urbana;VIA MERULANA;in prossimità;;del civico n.;117;;Investimento di pedone;Rettilineo;Una carreggiata a senso unico di marcia;Asciutto;Asfaltata;Assente;Sereno;Intenso;Buona;Sufficiente;0;0;0;3;12.5031;41.8905;-1;1;Motociclo a solo;In marcia / fermata / arresto;Conducente;M;Illeso;0;;;
4305932;17;31/03/2019 11:00:00;Strada Urbana;VIALE GIULIO CESARE;all'intersezione semaforizzata con;VIA VIRGINIO ORSINI;VIA VIRGINIO ORSINI;;;Veicolo in marcia contro ostacolo fisso;Intersezione semaforizzata;Più di due carreggiate;Asciutto;Asfaltata;Verticale ed orizzontale;Sereno;Scarso;Buona;Ore Diurne;0;0;0;1;12.4688;41.9119;0;1;Autovettura privata;In marcia / fermata / arresto;Conducente;F;Illeso;0;;;
4306081;12;31/03/2019 15:15:00;Provinciale;VIA ARDEATINA;da specificare;;;;500 MT DOPO V. PORTA MEDAGLIA DIR. POMEZIA;Veicolo in marcia contro ostacolo accidentale;Dosso;Una carreggiata a doppio senso;Asciutto;Con buche;Verticale ed orizzontale;Sereno;Normale;Buona;Ore Diurne;1;0;0;0;12.5601;41.7563;-1;1;Motociclo a solo;In marcia / fermata / arresto;Conducente;M;Rimandato;0;NON DECEDUTO;Utilizzato;
4307297;17;30/03/2019 22:00:00;Strada Urbana;VIALE ANGELICO;all'intersezione semaforizzata con;VIA GIOVANNI BETTOLO;VIA GIOVANNI BETTOLO;;;Scontro frontale/laterale SX fra veicoli in marcia;Intersezione semaforizzata;Più di due carreggiate;Asciutto;Asfaltata;Verticale ed orizzontale;Sereno;Normale;Buona;Sufficiente;0;0;0;2;12.458;41.9122;-1;1;Autovettura privata;In marcia / fermata / arresto;Conducente;M;Illeso;0;;;
4307297;17;30/03/2019 22:00:00;Strada Urbana;VIALE ANGELICO;all'intersezione semaforizzata con;VIA GIOVANNI BETTOLO;VIA GIOVANNI BETTOLO;;;Scontro frontale/laterale SX fra veicoli in marcia;Intersezione semaforizzata;Più di due carreggiate;Asciutto;Asfaltata;Verticale ed orizzontale;Sereno;Normale;Buona;Sufficiente;0;0;0;2;12.458;41.9122;-1;2;Autovettura privata;In marcia / fermata / arresto;Conducente;F;Illeso;0;;;
4307297;17;30/03/2019 22:00:00;Strada Urbana;VIALE ANGELICO;all'intersezione semaforizzata con;VIA GIOVANNI BETTOLO;VIA GIOVANNI BETTOLO;;;Scontro frontale/laterale SX fra veicoli in marcia;Intersezione semaforizzata;Più di due carreggiate;Asciutto;Asfaltata;Verticale ed orizzontale;Sereno;Normale;Buona;Sufficiente;0;0;0;2;12.458;41.9122;-1;3;Autovettura privata;Sosta;;;;;;;
4309284;13;04/03/2019 17:45:00;Strada Urbana;VIA DI MACCHIA SAPONARA;in corrispondenza;;del civico n.;90;;Veicolo in marcia contro veicolo in sosta;Rettilineo;Una carreggiata a doppio senso;Asciutto;Asfaltata;Assente;Sereno;Intenso;Buona;Ore Diurne;0;0;0;1;12.3555;41.7706;-1;1;Autovettura privata;Sosta;;;;;;;
4309284;13;04/03/2019 17:45:00;Strada Urbana;VIA DI MACCHIA SAPONARA;in corrispondenza;;del civico n.;90;;Veicolo in marcia contro veicolo in sosta;Rettilineo;Una carreggiata a doppio senso;Asciutto;Asfaltata;Assente;Sereno;Intenso;Buona;Ore Diurne;0;0;0;1;12.3555;41.7706;-1;2;Autovettura privata;In marcia / fermata / arresto;Conducente;M;Illeso;0;;Non accertato;
4322046;5;30/03/2019 01:30:00;Strada Urbana;PIAZZALE HEGEL;in prossimità;;del civico n.;183;;Veicolo in marcia contro veicolo in sosta;Rettilineo;Due carreggiate;Asciutto;Asfaltata;Verticale ed orizzontale;Sereno;Scarso;Buona;Sufficiente;0;0;0;1;12.5591;41.9371;-1;1;Autovettura privata;Sosta;;;;;;;
4322046;5;30/03/2019 01:30:00;Strada Urbana;PIAZZALE HEGEL;in prossimità;;del civico n.;183;;Veicolo in marcia contro veicolo in sosta;Rettilineo;Due carreggiate;Asciutto;Asfaltata;Verticale ed orizzontale;Sereno;Scarso;Buona;Sufficiente;0;0;0;1;12.5591;41.9371;-1;2;Autovettura privata;In marcia / fermata / arresto;Conducente;M;Illeso;0;;Non accertato;
4322526;12;28/03/2019 17:30:00;Regionale;VIA PONTINA;da specificare;;;;laterale alt. Carpoint direzione Roma;Investimento di pedone;Rettilineo;Una carreggiata a doppio senso;Asciutto;Asfaltata;Verticale ed orizzontale;Sereno;Normale;Buona;Sufficiente;2;0;0;0;12.4964;41.9028;-1;;;;Pedone;F;Rimandato;0;NON DECEDUTO;;
4322526;12;28/03/2019 17:30:00;Regionale;VIA PONTINA;da specificare;;;;laterale alt. Carpoint direzione Roma;Investimento di pedone;Rettilineo;Una carreggiata a doppio senso;Asciutto;Asfaltata;Verticale ed orizzontale;Sereno;Normale;Buona;Sufficiente;2;0;0;0;12.4964;41.9028;-1;1;Motociclo con passeggero;In marcia / fermata / arresto;Conducente;M;Rimandato;0;NON DECEDUTO;;
4341846;2;05/03/2019 11:30:00;Strada Urbana;LARGO GIULIO ONESTI;da specificare;;;;ALT. IMPIANTO SPORTIVO;Scontro frontale/laterale DX fra veicoli in marcia;Rettilineo;Una carreggiata a doppio senso;Asciutto;Asfaltata;Verticale ed orizzontale;Sereno;Normale;Buona;Ore Diurne;0;0;0;2;12.4938;41.9375;-1;1;Autovettura privata;In marcia / fermata / arresto;Conducente;F;Illeso;0;;;
4341846;2;05/03/2019 11:30:00;Strada Urbana;LARGO GIULIO ONESTI;da specificare;;;;ALT. IMPIANTO SPORTIVO;Scontro frontale/laterale DX fra veicoli in marcia;Rettilineo;Una carreggiata a doppio senso;Asciutto;Asfaltata;Verticale ed orizzontale;Sereno;Normale;Buona;Ore Diurne;0;0;0;2;12.4938;41.9375;-1;2;Autovettura privata;In marcia / fermata / arresto;Conducente;M;Illeso;0;;;
4352430;1;05/03/2019 10:25:00;Strada Urbana;VIA DEI SS. QUATTRO;in corrispondenza;;del civico n.;35/C;;Veicolo in marcia contro veicoli in sosta;Rettilineo;Una carreggiata a senso unico di marcia;Asciutto;Asfaltata;Assente;Sereno;Normale;Buona;Ore Diurne;0;0;0;1;12.4957;41.8892;-1;1;Autocarro inferiore 35 q.;In marcia / fermata / arresto;Conducente;M;Illeso;0;;;
4352430;1;05/03/2019 10:25:00;Strada Urbana;VIA DEI SS. QUATTRO;in corrispondenza;;del civico n.;35/C;;Veicolo in marcia contro veicoli in sosta;Rettilineo;Una carreggiata a senso unico di marcia;Asciutto;Asfaltata;Assente;Sereno;Normale;Buona;Ore Diurne;0;0;0;1;12.4957;41.8892;-1;2;Autovettura privata;Sosta;;;;;;;
4352430;1;05/03/2019 10:25:00;Strada Urbana;VIA DEI SS. QUATTRO;in corrispondenza;;del civico n.;35/C;;Veicolo in marcia contro veicoli in sosta;Rettilineo;Una carreggiata a senso unico di marcia;Asciutto;Asfaltata;Assente;Sereno;Normale;Buona;Ore Diurne;0;0;0;1;12.4957;41.8892;-1;3;Autovettura privata;Sosta;;;;;;;
4420185;5;25/03/2019 02:00:00;Strada Urbana;PIAZZALE PRENESTINO;da specificare;;;;fronte civico n. 29;Scontro frontale/laterale SX fra veicoli in marcia;Rettilineo;Più di due carreggiate;Asciutto;Asfaltata;Verticale ed orizzontale;Sereno;Scarso;Buona;Sufficiente;0;0;0;2;12.5251;41.8912;-1;1;Autovettura privata;In marcia / fermata / arresto;Conducente;M;Illeso;0;;Non accertato;
4420185;5;25/03/2019 02:00:00;Strada Urbana;PIAZZALE PRENESTINO;da specificare;;;;fronte civico n. 29;Scontro frontale/laterale SX fra veicoli in marcia;Rettilineo;Più di due carreggiate;Asciutto;Asfaltata;Verticale ed orizzontale;Sereno;Scarso;Buona;Sufficiente;0;0;0;2;12.5251;41.8912;-1;2;Autovettura privata;In marcia / fermata / arresto;Conducente;M;Illeso;0;;Non accertato;
4576005;1;14/03/2019 01:35:00;;PIAZZA DI S. GIOVANNI IN LATERANO;in corrispondenza;;del civico n.;40;;Scontro laterale fra veicoli in marcia;;;;;;;;;;1;0;0;0;;;0;1;Motociclo a solo;In marcia / fermata / arresto;Conducente;M;Rimandato;0;NON DECEDUTO;;
4576005;1;14/03/2019 01:35:00;;PIAZZA DI S. GIOVANNI IN LATERANO;in corrispondenza;;del civico n.;40;;Scontro laterale fra veicoli in marcia;;;;;;;;;;1;0;0;0;;;0;2;Autovettura privata;In marcia / fermata / arresto;;;;;;;